prob_1,prob_2,prob_3,prob_4,prob_5,combined_prob,bmi_prediction
0.017788544,0.059059184,0.16622494,0.06760683,0.011149143,0.06436572838574649,17.252800493501127
0.054157328,0.114534706,0.16016458,0.052067116,0.10753226,0.097691198438406,18.41919194534421
0.012566127,0.014097626,0.21324319,0.001583523,0.022736171,0.05284532678779215,16.849586437572725
0.0058276984,0.014957043,0.08098949,0.020721456,0.0050642635,0.025511989742517473,15.892919640988111
0.1412105,0.20657192,0.62467706,0.109422214,0.12678438,0.24173321574926376,23.46066255122423
0.044981845,0.17835507,0.49622393,0.06464846,0.055252552,0.1678923696279526,20.87623293697834
0.00407357,0.008374975,0.15298344,0.0022081546,0.0017468203,0.033877392392605545,16.185708733741194
0.07617542,0.09567051,0.73718435,0.016064685,0.06168987,0.19735696539282802,21.90749378874898
0.0006324388,0.0015463585,0.02531917,0.00051089766,0.0025332682,0.006108426663558931,15.213794933224563
0.0866917,0.16487393,0.614745,0.02217184,0.24261355,0.22621920853853228,22.91767229884863
0.0062969606,0.018691184,0.15458335,0.0060395594,0.07033749,0.05118970861658455,16.79163980158046
0.009786907,0.01226879,0.23838204,0.0029370524,0.005944528,0.05386386374011637,16.885235230904073
0.0019949756,0.0056639914,0.036279302,0.004690441,0.017804004,0.013286542845889928,15.465028999606147
0.004119373,0.008098034,0.06619061,0.0018064196,0.003933899,0.016829666728153822,15.589038335485384
0.022568265,0.025547503,0.28591543,0.026271746,0.056984406,0.08345747068524362,17.921011473983526
0.002969613,0.0070189442,0.07019421,0.0076824697,0.0035395152,0.01828094986267388,15.639833245193586
0.0070028407,0.024940722,0.075114645,0.040470503,0.012171283,0.03193999882787466,16.117899958975613
0.00067825575,0.0048299693,0.04017399,0.005196204,0.0009481961,0.01036532276775688,15.36278629687149
0.0008705718,0.0024188717,0.030802088,0.0010687144,0.0024408964,0.007520228438079357,15.263207995332778
0.16130805,0.2882847,0.42074606,0.06515966,0.43352133,0.27380395829677584,24.583138540387154
0.03968502,0.088927194,0.16438675,0.029061068,0.076003164,0.0796126388013363,17.78644235804677
0.0024099317,0.0049441205,0.059043303,0.0015149299,0.00414497,0.014411451038904488,15.504400786361657
0.007490642,0.02018802,0.13344316,0.009974986,0.009547651,0.036128892283886674,16.264511229936033
0.0066895266,0.01859823,0.073079236,0.01219584,0.05150271,0.03241310818120838,16.134458786342293
0.06852999,0.13729198,0.30048516,0.03241116,0.14810655,0.13736496940255166,19.807773929089308
0.00053669035,0.0022679004,0.026459822,0.0023902012,0.0056680967,0.007464542216621339,15.261258977581747
0.034169648,0.08599112,0.18182357,0.02516879,0.09687064,0.08480475284159185,17.968166349455714
0.024694312,0.09826953,0.2024172,0.032338846,0.025163906,0.07657675780355931,17.680186523124576
0.12780963,0.2283304,0.63816434,0.05790494,0.36116552,0.2826749674975872,24.893623862415552
0.0726133,0.13440408,0.6147994,0.04524096,0.05524378,0.18446029946208,21.4561104811728
0.017136138,0.028356599,0.23241249,0.02082013,0.014937857,0.06273264214396478,17.195642475038767
0.00050459703,0.0050227055,0.03333188,0.0047537875,0.0006700401,0.008856601733714341,15.309981060680002
0.0049684956,0.017745264,0.07693313,0.005645532,0.0833256,0.037723604869097475,16.32032617041841
0.100828655,0.2478736,0.54189765,0.047135774,0.43439424,0.2744259856641293,24.604909498244524
0.0037008158,0.008407899,0.051952083,0.004373244,0.03202807,0.020092422654852272,15.70323479291983
0.00590934,0.041490674,0.14305866,0.021950116,0.006761817,0.04383412096649409,16.534194233827293
0.022291949,0.026869949,0.32861453,0.010926382,0.049731363,0.08768683504313231,18.06903922650963
0.020293761,0.03429101,0.19509478,0.028840488,0.009476828,0.05759937334805727,17.015978067182004
0.0036900206,0.0074340426,0.0687059,0.0030076972,0.0046929633,0.017506125057116153,15.612714376999065
0.013304857,0.04357081,0.1693794,0.040001173,0.01843193,0.05693763326853513,16.99281716439873
0.0047671683,0.009329433,0.13157232,0.0033392152,0.019642355,0.03373009841889143,16.1805534446612
0.0018333216,0.006174818,0.040259015,0.0048384503,0.0133998,0.013301081047393382,15.465537836658768
0.273464,0.31298107,0.63113904,0.2515697,0.30930585,0.35569192767143254,27.449217468500137
0.005710465,0.020615427,0.074819125,0.038031675,0.013028226,0.030440983548760413,16.065434424206614
0.073138,0.057190347,0.5875458,0.03856804,0.037649136,0.15881826654076578,20.5586393289268
0.0025889727,0.0030199126,0.18868446,0.0013387378,0.0014066469,0.03940774670336396,16.37927113461774
0.00047120068,0.0032406854,0.034033235,0.0026218088,0.0006603656,0.008205459138844162,15.287191069859546
0.0021485945,0.009214196,0.05893211,0.010979137,0.0020532745,0.01666546268388629,15.58329119393602
0.0021947143,0.0059587862,0.052046575,0.0012477053,0.0034936469,0.012988285464234651,15.454589991248213
0.045636322,0.09557671,0.1973448,0.08509507,0.04144082,0.09301874339580536,18.255656018853188
0.003449179,0.010731902,0.14268674,0.0048541017,0.0017323797,0.032690860377624635,16.144180113216862
0.11026655,0.2506511,0.6649895,0.06885435,0.1598339,0.2509190708398819,23.782167479395866
0.02645039,0.086628735,0.19390577,0.009112302,0.07629947,0.07847933433949948,17.74677670188248
0.05664724,0.12483333,0.4654465,0.07154758,0.25789747,0.19527442455291752,21.834604859352112
0.064483695,0.1329508,0.43367723,0.041624703,0.25094566,0.18473641574382782,21.465774551033974
0.0049963193,0.017264543,0.12984009,0.03515273,0.056691226,0.04878898169845343,16.70761435944587
0.08725335,0.17292982,0.3246372,0.059027415,0.35091212,0.1989519827067852,21.963319394737482
0.016808981,0.09328598,0.15600689,0.10078396,0.029937267,0.07936461456120016,17.777761509642005
0.06833638,0.26620913,0.40064302,0.02586175,0.5062248,0.25345501787960534,23.870925625786185
0.00983558,0.03394818,0.08932504,0.0049758703,0.05435715,0.0384883638471365,16.347092734649777
0.056695823,0.13128954,0.1862734,0.08122522,0.085230894,0.10814297422766686,18.78500409796834
0.03628397,0.121356025,0.28310487,0.06332115,0.028561955,0.10652559362351895,18.728395776823163
0.057517096,0.17820227,0.38065484,0.021125305,0.23606007,0.1747119165956974,21.11491708084941
0.102665655,0.13848986,0.68665844,0.029546391,0.28187504,0.2478470779955387,23.674647729843855
0.013308062,0.06495042,0.255125,0.048310522,0.008942725,0.07812734339386224,17.73445701878518
0.013863387,0.03769997,0.14960957,0.0026652212,0.02496189,0.045760007109493024,16.601600248832256
0.00067937624,0.004199966,0.03304591,0.0053867386,0.0011601709,0.008894432371016593,15.31130513298558
0.176434,0.24371211,0.42778826,0.065721445,0.36692858,0.25611687749624257,23.96409071236849
0.006440412,0.021954125,0.12073315,0.01016637,0.004132857,0.03268538266420364,16.143988393247128
0.19075778,0.26869076,0.5095966,0.034188416,0.23753539,0.24815378710627556,23.685382548719645
0.0024440482,0.0055174395,0.076748565,0.0059273364,0.003182322,0.018763942178338766,15.656737976241857
0.0025948617,0.012650647,0.1309467,0.0042782146,0.045317106,0.03915750505402685,16.37051267689094
0.045379233,0.06609722,0.33194458,0.018483413,0.2753698,0.14745484925806523,20.160919724032283
0.012551123,0.033421725,0.12727085,0.009020966,0.02634461,0.041721854358911514,16.460264902561903
0.1494394,0.22940914,0.4201821,0.052835457,0.40408698,0.25119061619043354,23.791671566665173
0.0045087226,0.008909215,0.13310786,0.010318525,0.0025723136,0.031883326498791574,16.115916427457705
0.010427456,0.017164486,0.083844736,0.005130527,0.0155257005,0.026418581139296297,15.92465033987537
0.11414096,0.12711415,0.7035462,0.019138547,0.25243613,0.24327520169317723,23.514632059261203
0.2086392,0.32910985,0.6799284,0.09604704,0.36807832,0.3363605663180352,26.77261982113123
0.0931495,0.12199536,0.60671085,0.04167258,0.22226547,0.21715875118970873,22.600556291639805
0.00024267899,0.0011092467,0.033712197,0.0008513656,0.00078802375,0.007340702440706082,15.256924585424713
0.09595152,0.15563457,0.64580566,0.039008867,0.32852462,0.2529850460588932,23.854476612061262
0.18134052,0.27554497,0.42065966,0.05876996,0.38181883,0.2636267878115177,24.22693757340312
0.0012131048,0.0025620623,0.05432398,0.0008958427,0.0015681859,0.012112634885124863,15.42394222097937
0.0108101545,0.012530098,0.2549056,0.004163527,0.019775452,0.06043696850538254,17.11529389768839
0.004976281,0.01054712,0.062182534,0.012176684,0.008279691,0.019632462225854398,15.687136177904904
0.0026610012,0.006786405,0.041327238,0.004692852,0.015181676,0.014129834389314056,15.494544203625992
0.020668158,0.060816586,0.24220277,0.014069651,0.15038194,0.09762782137840986,18.416973748244345
0.0023700658,0.01245262,0.056537017,0.018790836,0.005298692,0.01908984608016908,15.668144612805918
0.0009413724,0.005789206,0.04583564,0.006158532,0.0013119165,0.012007333443034441,15.420256670506205
0.0033585601,0.012560909,0.06399429,0.009836324,0.003854245,0.018720865156501534,15.655230280477554
0.037020598,0.06651133,0.19067243,0.015750978,0.14224124,0.09043931514024735,18.165376029908657
0.001989083,0.010820179,0.059491407,0.007321603,0.0019711806,0.016318690590560438,15.571154170669615
0.17519702,0.09236881,0.7861139,0.013537898,0.09255018,0.23195356559008362,23.118374795652926
0.0018346241,0.00668525,0.052378606,0.005026143,0.002468084,0.013678541430272162,15.478748950059526
0.0038466437,0.009270646,0.06376886,0.0023760838,0.003902997,0.01663304674439132,15.582156636053696
0.050031934,0.069862664,0.75865024,0.015558905,0.20837274,0.22049529757350683,22.71733541507274
0.08231525,0.29128575,0.48067537,0.04664258,0.48727217,0.2776382252573967,24.717337884008884
0.058528367,0.098531984,0.182065,0.015059121,0.08662905,0.0881627030670643,18.08569460734725
0.006739641,0.02090826,0.083063364,0.02120474,0.007336087,0.027850418537855148,15.97476464882493
0.016177952,0.039354365,0.18781161,0.11378022,0.015178887,0.07446060813963414,17.606121284887195
0.09143355,0.23617111,0.7610909,0.067553975,0.29889292,0.2910284847021103,25.18599696457386
0.008770706,0.009101232,0.1791694,0.0047020777,0.005113853,0.04137145401909948,16.44800089066848
0.04808483,0.035634633,0.2893429,0.040829577,0.019265186,0.08663142696022988,18.032099943608046
0.008841532,0.016621431,0.17272496,0.0029502413,0.03630023,0.04748767958953977,16.662068785633892
0.090075344,0.15413924,0.282158,0.01852233,0.16842148,0.14266327470541001,19.99321461468935
0.0034764246,0.019502154,0.0815144,0.011498878,0.003559274,0.023910226626321675,15.836857931921259
0.008544088,0.02368333,0.086268246,0.004389404,0.013122463,0.027201506216079,15.952052717562765
0.092468046,0.08396273,0.6048171,0.020652397,0.034722093,0.1673244718462229,20.8563565146178
0.120726325,0.25980872,0.39625978,0.051700924,0.43846303,0.253391756862402,23.86871149018407
0.022022193,0.117585965,0.31496105,0.08352323,0.028109027,0.11324029192328453,18.96341021731496
0.002166063,0.020618495,0.08367486,0.02314175,0.00477163,0.026874559931457043,15.940609597600996
0.02685178,0.063865595,0.17727475,0.0073871133,0.034463324,0.061968512181192634,17.168897926341742
0.026806768,0.018589474,0.36427742,0.006387943,0.0081392275,0.0848401670344174,17.96940584620461
0.03185723,0.06704291,0.19692674,0.017032012,0.027426923,0.06805716343224048,17.382000720128417
0.0019766742,0.009557291,0.064080745,0.006396786,0.0023815574,0.01687861066311598,15.59075137320906
0.17597914,0.25906524,0.5671232,0.12328794,0.28978264,0.28304762691259383,24.906666941940784
0.12621513,0.25967917,0.55405325,0.058347292,0.26294494,0.2522479549050331,23.82867842167616
0.0020562734,0.008836152,0.046636246,0.015532357,0.004658578,0.015543921245262026,15.544037243584171
0.00822208,0.03174121,0.115756236,0.019721327,0.006434303,0.03637503106147051,16.273126087151468
0.107448496,0.2874672,0.57377166,0.09738298,0.2966259,0.27253925055265427,24.5388737693429
0.0022012,0.007829597,0.057275794,0.0042374725,0.0028075527,0.014870323380455377,15.520461318315938
0.090209916,0.09771479,0.6192253,0.046134554,0.22996807,0.21665053069591522,22.582768574357033
0.00038577645,0.0016874268,0.041037403,0.0011249337,0.0009987797,0.009046863939147444,15.31664023787016
0.00085228926,0.0077664317,0.045482874,0.006784435,0.0011169199,0.012400589929893614,15.434020647546276
0.020196248,0.03332206,0.10096367,0.04718582,0.03511174,0.047355906665325166,16.65745673328638
0.081389196,0.05162808,0.35414347,0.061239056,0.045788314,0.11883762329816819,19.159316815435886
0.00733308,0.019373503,0.058304317,0.012436516,0.07721128,0.034931739699095486,16.222610889468342
0.031202998,0.048698835,0.27452055,0.09221422,0.019569522,0.09324122406542301,18.263442842289805
0.013679888,0.013290691,0.31932116,0.007838229,0.0028268502,0.07139136274345219,17.498697696020827
0.034849558,0.020517869,0.37579525,0.012845934,0.0181764,0.09243700113147499,18.235295039601624
0.03596504,0.13513497,0.3476407,0.016798716,0.06667277,0.12044243738055228,19.21548530831933
0.0065062484,0.034532562,0.10544705,0.026435662,0.0057755047,0.03573940470814706,16.250879164785147
0.14795558,0.14060308,0.67309594,0.049899206,0.26045805,0.25440237224102025,23.904083028435707
0.012879803,0.035392728,0.14987646,0.025717525,0.12924547,0.07062239814549685,17.47178393509239
0.02470904,0.049835276,0.12896806,0.014853528,0.13451847,0.07057687565684319,17.47019064798951
0.0025518795,0.0056608883,0.08972611,0.00085760356,0.018926779,0.02354465258540586,15.824062840489205
0.00046669834,0.0014971471,0.026900975,0.00047070056,0.0009633193,0.006059768080012873,15.21209188280045
0.14929557,0.22354017,0.5423877,0.0739202,0.38615602,0.27505993694067,24.62709779292345
0.14128235,0.1995632,0.4688461,0.048072055,0.34285852,0.240124449133873,23.404355719685555
0.011081228,0.042202417,0.14995293,0.013984289,0.016363114,0.046716796234250076,16.635087868198752
0.051054765,0.064069875,0.44819817,0.025252823,0.07039639,0.13179440498352052,19.612804174423218
0.014636211,0.027374953,0.36870408,0.0146760605,0.21672979,0.12842421904206278,19.494847666472197
0.029890005,0.06366295,0.1660251,0.018215705,0.17842224,0.09124320149421691,18.193512052297592
0.082573414,0.073936515,0.54833376,0.030610196,0.036656246,0.1544220268726349,20.40477094054222
0.27222097,0.22411932,0.5023416,0.23311943,0.20716271,0.28779281079769137,25.072748377919197
0.0008210337,0.004877468,0.037766136,0.0049936697,0.00090882566,0.009873426682315768,15.345569933881052
0.08681183,0.30349633,0.5491831,0.08891672,0.12506321,0.2306942328810692,23.07429815083742
0.123178214,0.15417142,0.5731027,0.0340305,0.31680286,0.24025714173913004,23.40899996086955
0.0055353325,0.009289817,0.12876347,0.0018303877,0.014800383,0.03204387740697712,16.1215357092442
0.00513819,0.008516644,0.07356306,0.0057960544,0.0077779526,0.020158380549401046,15.705543319229037
0.0031750663,0.0054004523,0.11029222,0.0009780141,0.005754719,0.025120094069279734,15.87920329242479
0.07215962,0.24515165,0.4592065,0.024164515,0.12632753,0.18540196157991887,21.48906865529716
0.00980108,0.019201014,0.07861171,0.016129527,0.020354947,0.028819655627012258,16.00868794694543
0.02926624,0.1760071,0.3633828,0.07661825,0.03685839,0.13642655424773692,19.774929398670793
0.00045610216,0.003734079,0.041110378,0.002204876,0.0007709364,0.00965527424705215,15.337934598646825
0.15518121,0.23816118,0.4426594,0.04497403,0.3433788,0.24487092792987825,23.570482477545738
0.002187063,0.0052842656,0.044478837,0.0028471788,0.010161775,0.012991824001073838,15.454713840037584
0.002891193,0.0066108974,0.050720185,0.0020347307,0.007102902,0.013871981622651219,15.485519356792793
0.0011476163,0.008564296,0.06015979,0.0070305755,0.0017282177,0.01572609939612448,15.550413478864357
0.0005345999,0.0024929398,0.030623684,0.0015960581,0.00089247565,0.007227951439563185,15.252978300384711
0.060846034,0.0876534,0.3119157,0.022739662,0.049114816,0.10645392127335072,18.725887244567275
0.00077688356,0.0023253022,0.03114459,0.0004938702,0.0014156097,0.007231250975746662,15.253093784151133
0.039570905,0.12092634,0.275408,0.01929042,0.11400269,0.11383967138826848,18.984388498589396
0.057835106,0.15586385,0.21744321,0.056151714,0.119755276,0.12140983194112777,19.249344117939472
0.030001732,0.099002905,0.20235154,0.011918924,0.13389288,0.09543359596282244,18.340175858698785
0.0039953683,0.020766694,0.06806543,0.0054076794,0.007261983,0.021099430415779354,15.738480064552277
0.009180069,0.034606308,0.10144711,0.007251582,0.070364885,0.044569991342723374,16.559949696995318
0.014951635,0.03700604,0.13726087,0.03643649,0.008315448,0.04679409638047218,16.637793373316526
0.00844742,0.018541522,0.115429446,0.009261208,0.014687313,0.033273381739854814,16.16456836089492
0.0007539346,0.0049943426,0.04262587,0.0039279265,0.0010598368,0.010672382218763233,15.373533377656713
0.02949325,0.029497564,0.1902662,0.034652766,0.018528983,0.060487753897905346,17.117071386426687
0.00966865,0.024984246,0.1328217,0.017651657,0.02559011,0.042143271490931514,16.475014502182603
0.0020364106,0.00894532,0.059154116,0.0043856855,0.0022146811,0.015347242541611197,15.537153488956392
0.0007146959,0.0040928563,0.039924145,0.0040118704,0.0011881742,0.009986348310485482,15.349522190866992
0.16922854,0.2502142,0.4315487,0.03285652,0.2724615,0.2312618933618069,23.09416626766324
0.11567007,0.13901931,0.5384253,0.028807223,0.23875947,0.21213628053665162,22.424769818782806
0.11943061,0.34196606,0.48982695,0.06944195,0.4499483,0.29412277638912204,25.29429717361927
0.015269729,0.041324645,0.09073347,0.023010295,0.01867676,0.037802979536354545,16.32310428377241
0.13061479,0.19061281,0.498456,0.04070553,0.29747593,0.23157301247119905,23.105055436491966
0.013872008,0.0268995,0.1190236,0.026352715,0.010596768,0.03934891782701016,16.377212123945355
0.0015104358,0.0052093603,0.04434283,0.0036591648,0.002458828,0.011436123936437071,15.400264337775297
0.12694864,0.23136805,0.78535414,0.044479992,0.29558077,0.29674631878733637,25.386121157556772
0.0060663046,0.017536541,0.054090045,0.008383069,0.057922315,0.02879965510219336,16.007987928576767
0.150428,0.2641232,0.68720436,0.12100678,0.37151802,0.31885607093572615,26.159962482750416
0.006227531,0.015018627,0.10722586,0.009082857,0.003651215,0.02824121746234596,15.988442611182109
0.15659833,0.20769474,0.7448441,0.05876742,0.27910537,0.2894019864499569,25.12906952574849
0.00058917794,0.003149645,0.034217503,0.00336111,0.00058354426,0.008380196033976973,15.293306861189194
0.0012657673,0.005370871,0.047123685,0.0034840812,0.0012031513,0.011689511290751398,15.409132895176299
0.089824885,0.29816046,0.6790698,0.123067476,0.14029701,0.2660839304327965,24.312937565147877
0.014071451,0.04665525,0.12667051,0.022783455,0.009437355,0.04392360374331475,16.537326131016016
0.0406386,0.1463848,0.31480342,0.028678685,0.043450948,0.11479129195213318,19.01769521832466
0.037395246,0.10288102,0.31659895,0.082572706,0.070267655,0.12194311618804932,19.268009066581726
0.00217451,0.006619057,0.052362505,0.01465377,0.0029820716,0.01575838285498321,15.551543399924412
0.019093243,0.020042112,0.3178975,0.00859624,0.03650117,0.0804260525852442,17.814911840483546
0.0012727967,0.007469045,0.04368942,0.004558015,0.0016204031,0.011721935705281796,15.410267749684863
0.0006019687,0.0016548226,0.029662117,0.0004657482,0.0015679157,0.006790514511521906,15.237668007903267
0.00039579943,0.0015384905,0.033018596,0.0009900182,0.0005506261,0.007298706151777879,15.255454715312226
0.065867685,0.23050523,0.44254202,0.10003337,0.1507793,0.1979455217719078,21.928093262016773
0.07975959,0.06287986,0.52632856,0.021038463,0.0385102,0.14570333547890188,20.099616741761565
0.0018095743,0.0055484325,0.056949027,0.00322573,0.0021556448,0.013937681703828276,15.48781885963399
0.054717023,0.19444636,0.41598454,0.14104688,0.044444464,0.17012785300612449,20.954474855214357
0.0005955759,0.0013513088,0.033438932,0.0007548965,0.0011260895,0.007453360559884459,15.260867619595956
0.09279795,0.18044451,0.3578789,0.051974434,0.08617224,0.1538536049425602,20.384876172989607
0.11467101,0.24526541,0.7205438,0.070854425,0.13756852,0.25778063237667087,24.02232213318348
0.1693711,0.32250285,0.7400764,0.13894787,0.25811875,0.32580339908599854,26.40311896800995
0.00054380595,0.0013355114,0.025950084,0.00028859268,0.0017714621,0.005977891146903858,15.209226190141635
0.014041218,0.023973247,0.1309642,0.0033665453,0.011568832,0.03678280944004655,16.28739833040163
0.0017782043,0.0062653916,0.04276561,0.009125564,0.007298541,0.01344666217919439,15.470633176271804
0.0039912583,0.01073293,0.07621794,0.0084496895,0.004848643,0.02084809262305498,15.729683241806924
0.02312661,0.022736879,0.37666625,0.010219568,0.020811427,0.09071214646100997,18.17492512613535
0.014626332,0.022590412,0.5035001,0.009526102,0.076884165,0.12542542293667794,19.389889802783728
0.014139553,0.012849999,0.5387156,0.0043445574,0.007867724,0.11558348666876554,19.045422033406794
0.0014235494,0.0114886,0.051998578,0.011844021,0.001781964,0.01570734246633947,15.549756986321881
0.30994612,0.34058172,0.517057,0.2218179,0.3779545,0.35347144901752475,27.371500715613365
0.21770403,0.2378458,0.5174666,0.10619416,0.3642883,0.2886997774243355,25.104492209851742
0.0801499,0.119744174,0.38754532,0.11016216,0.2794375,0.19540781229734422,21.839273430407047
0.00036230223,0.002052491,0.045953065,0.0014451789,0.0009845837,0.01015952421585098,15.355583347554784
0.10763021,0.15370622,0.8593619,0.023210019,0.19939695,0.2686610579490662,24.403137028217316
0.013939663,0.04289514,0.1246208,0.00510626,0.05714257,0.04874088689684868,16.705931041389704
0.06495897,0.11034479,0.46415335,0.030195925,0.34384778,0.202700162678957,22.094505693763494
0.05126228,0.04043351,0.39559528,0.033003397,0.014880325,0.1070349594578147,18.746223581023514
0.0010558125,0.0075422493,0.040219102,0.009897633,0.0014380524,0.012030569929629566,15.421069947537035
0.080130965,0.04825661,0.6886331,0.017727148,0.03965885,0.1748813308775425,21.120846580713987
0.043752093,0.096299045,0.17404275,0.12979192,0.09069515,0.10691618993878366,18.742066647857428
0.0043890243,0.0077410224,0.25506714,0.0033723612,0.0053618285,0.05518627525307238,16.931519633857533
0.14574715,0.18369365,0.49574828,0.11819229,0.340712,0.25681867748498916,23.98865371197462
0.033263568,0.031101547,0.594301,0.013709598,0.033168506,0.14110884089022876,19.938809431158006
0.0039535346,0.015100921,0.0690248,0.020798659,0.0067703053,0.02312964415177703,15.809537545312196
0.038938075,0.048870023,0.14859444,0.0828301,0.06053468,0.07595346346497536,17.658371221274137
0.06368346,0.05705522,0.58178574,0.06479668,0.068760686,0.1672163560986519,20.852572463452816
0.116663195,0.23528332,0.6706115,0.1164473,0.10332012,0.24846508651971816,23.696278028190136
0.121036805,0.1784753,0.37327078,0.036421344,0.33089995,0.20802083760499954,22.280729316174984
0.004851286,0.030381812,0.13182305,0.02708927,0.008208401,0.040470763202756645,16.416476712096483
0.029573023,0.03625887,0.14329544,0.028796172,0.089905724,0.06556584499776363,17.294804574921727
0.011499788,0.064594604,0.1707664,0.025120886,0.021164585,0.05862925220280886,17.05202382709831
0.00414461,0.04557768,0.124789976,0.037946552,0.015387707,0.04556930474936963,16.594925666227937
0.13237086,0.2501035,0.76283014,0.06576848,0.19096752,0.2804080992937088,24.814283475279808
0.0011848442,0.005632513,0.042661853,0.0048840614,0.0012185664,0.011116367671638728,15.389072868507355
0.0011375822,0.0037018128,0.04238388,0.0014633713,0.0017179578,0.010080920718610286,15.35283222515136
0.10606085,0.09356998,0.5516657,0.046735175,0.07597534,0.17480141371488572,21.118049480021
0.0030503643,0.005954596,0.048197035,0.0011262859,0.011047163,0.013875088840723039,15.485628109425306
0.0055147503,0.021527166,0.07594134,0.0077981413,0.0082752565,0.02381133055314422,15.833396569360048
0.087444685,0.1232677,0.35247388,0.0368873,0.20686252,0.16138721928000452,20.648552674800158
0.0030843606,0.014707862,0.07329606,0.011800459,0.003639775,0.021305703883990647,15.745699635939673
0.09756976,0.19632846,0.53021514,0.047823638,0.38659403,0.2517062067985535,23.80971723794937
0.13513201,0.13979118,0.517364,0.021854509,0.28553408,0.2199351616203785,22.697730656713247
0.0037814765,0.01626946,0.10437103,0.006488082,0.0032391455,0.0268298395909369,15.939044385682791
0.11218554,0.19241661,0.4652311,0.044202246,0.2281331,0.20843371599912644,22.295180059969425
0.000525557,0.0028628986,0.029018044,0.0017694186,0.00085924397,0.007007032539695502,15.245246138889343
0.059351467,0.28682235,0.63821,0.079312794,0.12484415,0.23770815134048465,23.31978529691696
0.016049925,0.029596489,0.08221083,0.020340553,0.051056996,0.039850958809256556,16.39478355832398
0.013502271,0.012172854,0.2862819,0.0026541902,0.0037794115,0.06367812794633211,17.228734478121623
0.00063683337,0.006438045,0.038169615,0.006004094,0.0007042623,0.010390569921582939,15.363669947255403
0.008346381,0.018859066,0.121748544,0.017103208,0.023697905,0.03795102089643478,16.328285731375217
0.024631113,0.049705688,0.20939156,0.024569813,0.13510005,0.0886796459555626,18.10378760844469
0.0059030917,0.0097945025,0.10454656,0.0017314167,0.020162597,0.02842763401567936,15.994967190548778
0.010327796,0.026553521,0.087554395,0.008408814,0.18305364,0.06317963376641274,17.211287181824446
0.13597742,0.26882645,0.3727446,0.06999271,0.43850505,0.25720924586057664,24.002323605120182
0.056681443,0.089224435,0.3911299,0.027633665,0.24937044,0.1628079790621996,20.698279267176986
0.11412936,0.20983295,0.5525901,0.036115326,0.3847378,0.25948109924793245,24.081838473677635
0.021222591,0.020514362,0.31208625,0.0074780253,0.005625966,0.0733854397200048,17.568490390200168
0.025783187,0.08385296,0.20346627,0.010266421,0.07746709,0.08016718551516534,17.805851493030787
0.0010746199,0.0075017037,0.040774275,0.013333144,0.0014675619,0.012830260768532754,15.449059126898646
0.13595091,0.26063818,0.6877247,0.10485663,0.18945812,0.2757257089018822,24.650399811565876
0.024870409,0.035729993,0.32009077,0.041941952,0.055477645,0.09562215395271778,18.346775388345122
0.019569397,0.06455985,0.21516542,0.04411759,0.028507931,0.07438403703272344,17.60344129614532
0.0017797321,0.004513097,0.042706866,0.0009560156,0.003034341,0.010598010278772562,15.37093035975704
0.02217476,0.057501584,0.18907663,0.0051131346,0.108846284,0.07654247926548123,17.678986774291843
0.0029040594,0.007817239,0.060533665,0.0033397072,0.00286509,0.015491952048614623,15.542218321701512
0.00056914194,0.0024746258,0.036932,0.0013410086,0.0010465502,0.008472665119916201,15.296543279197067
0.014385114,0.09946475,0.31993288,0.07855337,0.015717248,0.10561067257076502,18.696373539976776
0.0086596,0.02881076,0.077954076,0.017811745,0.01197484,0.029042204469442365,16.016477156430483
0.004320614,0.020193573,0.12664646,0.007320155,0.0041313735,0.03252243492752314,16.13828522246331
0.0075610117,0.011947419,0.14879212,0.0023162784,0.034815323,0.041086429823189975,16.43802504381165
0.010434343,0.026656639,0.09846494,0.021330444,0.022778947,0.035933063179254536,16.25765721127391
0.006373501,0.008889128,0.11539194,0.0022684205,0.005484828,0.027681563515216116,15.968854723032564
0.0086676115,0.03173796,0.18966943,0.019480072,0.0052151876,0.05095405243337155,16.783391835168004
0.0509217,0.17145666,0.46938834,0.04829326,0.24070674,0.19615334048867225,21.86536691710353
0.09386709,0.20207524,0.5233254,0.063737184,0.08571156,0.19374329298734666,21.781015254557133
0.018249074,0.16989848,0.35275283,0.11906277,0.03146155,0.13828494139015676,19.839972948655486
0.10777004,0.23545563,0.46327952,0.05782635,0.42320877,0.25750806257128717,24.01278218999505
0.11537593,0.16196713,0.574129,0.049268458,0.1902206,0.21819221898913385,22.636727664619684
0.105208226,0.2444832,0.48381937,0.040928733,0.26808974,0.22850585356354713,22.99770487472415
0.033089824,0.23536034,0.5321792,0.115179375,0.05856791,0.19487532526254653,21.82063638418913
0.007429315,0.028709745,0.09500246,0.04430813,0.009052787,0.03690048679709435,16.291517037898302
0.08186648,0.19064939,0.77013105,0.05025973,0.23372434,0.26532619893550874,24.286416962742805
0.014748051,0.040210743,0.12797259,0.016005963,0.09442069,0.05867160614579916,17.05350621510297
0.0050419685,0.012836105,0.12845738,0.0033824537,0.002699389,0.030483459727838638,16.066921090474352
0.00073346414,0.0016183078,0.028556287,0.00043940873,0.002526906,0.006774874805705623,15.237120618199697
0.0012380388,0.003111065,0.052279927,0.0008781411,0.0013067481,0.011762783944141122,15.41169743804494
0.04685255,0.0853704,0.44278294,0.10888324,0.038978368,0.14457349926233293,20.060072474181652
0.025501098,0.07341826,0.1850278,0.025332289,0.015889836,0.06503385528922082,17.27618493512273
0.0010473038,0.0058158585,0.04767852,0.0057847644,0.0015846104,0.012382211233489215,15.433377393172123
0.0018101421,0.0034154495,0.071945116,0.00043056242,0.0067961793,0.016879489854909478,15.590782144921832
0.0010195926,0.0037573962,0.042623565,0.0010858906,0.0012720198,0.009951692773029208,15.348309247056022
0.107890524,0.20142087,0.4499302,0.09734118,0.2660389,0.2245243325829506,22.85835164040327
0.009297284,0.056412607,0.14161313,0.032557897,0.008301677,0.04963651839643717,16.7372781438753
0.09211744,0.11428138,0.52576756,0.08262756,0.09191994,0.18134277760982515,21.34699721634388
0.010612357,0.043854892,0.0974262,0.019345326,0.021705132,0.03858878128230572,16.3506073448807
0.012183632,0.0131506575,0.26857227,0.010133314,0.010016327,0.06281124018132687,17.19839340634644
0.022403238,0.05374754,0.39893746,0.034482107,0.23739855,0.14939377941191198,20.22878227941692
0.0009919868,0.0064754128,0.048628524,0.0048856237,0.0012390941,0.01244412825908512,15.43554448906798
0.0018690323,0.007894322,0.05242034,0.009315054,0.0021099388,0.014721737545914949,15.515260814107023
0.00019685346,0.0010390185,0.031234637,0.00073010556,0.00078759843,0.006797642572200857,15.23791749002703
0.073041536,0.12300988,0.5170989,0.040266708,0.3366337,0.21801014840602875,22.630355194211006
0.0494607,0.12461776,0.320127,0.05485843,0.09907294,0.1296273693442345,19.536957927048206
0.06627883,0.14332807,0.31774884,0.031612664,0.40431508,0.19265669882297518,21.74298445880413
0.000531224,0.0020906476,0.029160237,0.0027614317,0.0018911806,0.0072869441821239896,15.25504304637434
0.009905076,0.029096073,0.08207772,0.004759519,0.07853936,0.04087554858997464,16.430644200649112
0.0007769346,0.003960466,0.04495379,0.0017558534,0.0011070073,0.010510810173582286,15.36787835607538
0.005712693,0.03035246,0.13165319,0.014871387,0.0064809243,0.037814130820333955,16.32349457871169
0.10175914,0.054765273,0.80765307,0.010437484,0.06870087,0.20866316836327314,22.30321089271456
0.08023051,0.1118545,0.51269525,0.04004717,0.30422798,0.20981108248233796,22.34338788688183
0.10707989,0.08218524,0.57114357,0.032634154,0.047665454,0.1681416615843773,20.884958155453205
0.001991573,0.0021576807,0.21372491,0.00039361764,0.0009589115,0.043845338810933755,16.53458685838268
0.0008361815,0.0020863593,0.033166282,0.0005070275,0.0015555605,0.00763028213987127,15.267059874895494
0.0626488,0.04308502,0.48225358,0.010111232,0.10333358,0.14028644282370806,19.910025498829782
0.10122301,0.2413962,0.31496975,0.036227353,0.4882863,0.23642051964998245,23.274718187749386
0.014711561,0.023258649,0.23080616,0.0098890355,0.028600864,0.061453253217041495,17.150863862596452
0.00198089,0.0035209213,0.042011857,0.0007422829,0.0094300965,0.01153720956062898,15.403802334622014
0.17638265,0.21563534,0.81531626,0.073025286,0.28373694,0.3128192961215973,25.948675364255905
0.0036878055,0.014016911,0.06557475,0.020019816,0.0036495882,0.02138977432623506,15.748642101418227
0.001189744,0.0057144384,0.05788967,0.0029134038,0.0014795067,0.013837352604605257,15.484307341161184
0.066652276,0.18471672,0.51469815,0.11089157,0.07926037,0.1912438169121742,21.693533591926098
0.00066270627,0.0037456343,0.040836796,0.002433471,0.00074375566,0.009684472670778634,15.338956543477252
0.07454844,0.09176817,0.44500554,0.037163604,0.02593611,0.13488437123596667,19.720952993258834
0.09209835,0.14718738,0.33465788,0.05660613,0.32891557,0.19189306050539018,21.716257117688656
0.01278317,0.03210207,0.14859432,0.006822297,0.031007452,0.0462618618272245,16.619165163952857
0.0033011998,0.0142810475,0.068900056,0.016608918,0.00854526,0.022327296296134592,15.78145537036471
0.106168,0.19392449,0.46125022,0.07538782,0.37981775,0.2433096557855606,23.51583795249462
0.0074541736,0.0107727265,0.083116814,0.004849527,0.00706969,0.022652586363255976,15.79284052271396
0.14031927,0.32898057,0.71627486,0.07683602,0.41088924,0.3346599906682968,26.71309967339039
0.12635267,0.14337811,0.64786494,0.026810586,0.25999177,0.24087961316108705,23.430786460638046
0.0131388875,0.013024958,0.24087965,0.003936804,0.015049682,0.05720599722117186,17.002209902741015
0.078806184,0.10206063,0.5041932,0.05892974,0.29199147,0.2071962431073189,22.25186850875616
0.12481374,0.27938518,0.4861017,0.06327286,0.38673884,0.268062461912632,24.38218616694212
0.010811781,0.03134231,0.12681627,0.009076602,0.009511639,0.037511720694601534,16.312910224311054
0.13477954,0.15851735,0.4127328,0.018866258,0.122584395,0.1694960702210665,20.932362457737327
0.0028662577,0.0042387545,0.08494365,0.0009053503,0.0032560441,0.01924201175570488,15.67347041144967
0.24591142,0.33922166,0.6701547,0.17248371,0.36172095,0.35789848566055293,27.526446998119354
0.0007992298,0.0032553154,0.02982846,0.0027802917,0.00360323,0.00805330554721877,15.281865694152657
0.0055166855,0.020414898,0.08777317,0.022380508,0.0047998843,0.02817702861502767,15.986196001525968
0.015699433,0.04129112,0.16465464,0.017756954,0.03840722,0.05556187443435192,16.944665605202317
0.1275536,0.2310676,0.6840218,0.043166127,0.2302627,0.26321435794234277,24.212502527981997
0.0060279486,0.010089606,0.314405,0.0043378053,0.031281576,0.07322838595137,17.56299350829795
0.0002536744,0.0011214184,0.025891144,0.000459765,0.00040291634,0.00562578359968029,15.19690242598881
0.22333097,0.27412933,0.5648709,0.07091003,0.3296405,0.2925763472914696,25.240172155201435
0.050983414,0.07142019,0.2569314,0.022054143,0.16464204,0.11320623606443406,18.962218262255192
0.0052529103,0.008700007,0.077929415,0.01266117,0.0071275914,0.022334218677133325,15.781697653699666
0.08093916,0.34331718,0.7505531,0.09651472,0.31554547,0.31737391948699956,26.108087182044983
0.0023841895,0.010466261,0.08105753,0.023841524,0.002214362,0.023992774076759815,15.839747092686594
0.09051142,0.2436518,0.37310168,0.031594574,0.10932889,0.16963767409324645,20.937318593263626
0.044164732,0.09191731,0.3043467,0.11605025,0.26507854,0.16431151032447816,20.750902861356735
0.038196158,0.10649656,0.21810019,0.010232678,0.11834471,0.09827405847609043,18.439592046663165
0.04608545,0.099294975,0.23275013,0.027469091,0.04944436,0.09100880175828935,18.185308061540127
0.0680153,0.13222115,0.2500675,0.033448834,0.36490527,0.16973161026835443,20.940606359392405
0.09836371,0.2107726,0.549425,0.05202584,0.41228756,0.26457494497299194,24.260123074054718
0.000600139,0.0035429462,0.034618776,0.0026031295,0.00064714503,0.008402427204418928,15.294084952154662
0.0013150527,0.00714241,0.051962756,0.006661017,0.0018116782,0.01377858272753656,15.48225039546378
0.046505444,0.07494101,0.4758698,0.041536424,0.26147085,0.18006470724940302,21.302264753729105
0.0023924285,0.0054026837,0.051423315,0.0011215002,0.0030504065,0.012678066757507623,15.443732336512767
0.008261911,0.014659693,0.09329978,0.0052905655,0.009618173,0.02622602386400104,15.917910835240036
0.024632234,0.028080788,0.2934044,0.009426334,0.08060286,0.08722932357341051,18.053026325069368
0.021406783,0.049002282,0.089676835,0.027153313,0.13078782,0.0636054065078497,17.22618922777474
0.23435307,0.16684483,0.69305825,0.060707662,0.23008272,0.2770093061029911,24.69532571360469
0.0064176475,0.018846484,0.12198317,0.0075806947,0.09142,0.04924959978088737,16.723735992331058
0.03822612,0.1387396,0.28409,0.028814109,0.08308129,0.11459022648632528,19.010657927021384
0.034944993,0.16314203,0.27684376,0.045716375,0.04526425,0.11318228021264076,18.961379807442427
0.03998723,0.18879506,0.38125017,0.027846651,0.07194278,0.14196437783539295,19.968753224238753
0.01752607,0.018634507,0.19930692,0.021303417,0.0069741406,0.05274901101365685,16.84621538547799
0.008187531,0.01815167,0.11871675,0.0029104827,0.062298622,0.042053010500967505,16.471855367533863
0.002510034,0.009442907,0.06952411,0.0041457415,0.0017985156,0.0174842614447698,15.611949150566943
0.09974007,0.05476086,0.56280184,0.0263942,0.10374051,0.16948749646544456,20.93206237629056
0.0030201166,0.007828889,0.055881906,0.0025193994,0.0030282366,0.014455709652975202,15.505949837854132
0.1556859,0.30481339,0.733713,0.098695554,0.3339917,0.325379903614521,26.388296626508236
0.066612475,0.10651108,0.21400012,0.025516,0.27149242,0.13682641908526422,19.788924667984247
0.16200581,0.29385608,0.7342744,0.09934605,0.33750275,0.32539701610803606,26.38889556378126
0.119045585,0.2818769,0.7331984,0.07013945,0.3126302,0.3033781081438065,25.618233785033226
0.102938294,0.25688535,0.51671654,0.04931844,0.39104733,0.263381190598011,24.218341670930386
0.0057468507,0.021908272,0.113300174,0.0056044534,0.00911086,0.03113412205129862,16.08969427179545
0.023996895,0.038305994,0.30812263,0.04318903,0.09228857,0.101180624589324,18.54132186062634
0.01792489,0.046099413,0.52935445,0.008620987,0.054896668,0.1313792821019888,19.598274873569608
0.07909082,0.10180098,0.22128262,0.06864401,0.10126564,0.11441681236028672,19.004588432610035
0.073917285,0.28205246,0.4576848,0.037702143,0.49422178,0.2691156893968582,24.419049128890038
0.17334762,0.2529756,0.6776684,0.14050713,0.3261671,0.3141331732273102,25.994661062955856
0.075872205,0.25302425,0.47118387,0.028422462,0.2562862,0.21695779748260977,22.59352291189134
0.0070809266,0.029962666,0.10298013,0.028273363,0.0067674876,0.035012914519757035,16.225452008191496
0.0007125631,0.0054986877,0.041748073,0.0051928624,0.0006235167,0.010755140567198396,15.376429919851944
0.17883968,0.19319993,0.42444006,0.050542273,0.26620305,0.22264499813318256,22.79257493466139
0.013744157,0.021640679,0.100576855,0.003188763,0.017436985,0.0313174877781421,16.096112072234973
0.0043304306,0.00413176,0.30583426,0.0019896983,0.004229418,0.06410311409272254,17.24360899324529
0.0032742864,0.0067264577,0.074380815,0.0032777493,0.009419438,0.019415749376639726,15.67955122818239
0.1646384,0.25033677,0.7872698,0.057228424,0.32192355,0.3162793830037117,26.06977840512991
0.006407882,0.03384359,0.1041822,0.018565305,0.0066480967,0.03392941476777196,16.18752951687202
0.073191755,0.15401457,0.60144377,0.062035706,0.059872754,0.19011171087622644,21.653909880667925
0.00026006144,0.0014803488,0.024260012,0.0011686272,0.00077424693,0.005588659347267822,15.195603077154374
0.0015873406,0.010518282,0.049981467,0.009113082,0.0016533746,0.014570709224790335,15.509974822867662
0.027381562,0.11818721,0.2819777,0.041238785,0.027859854,0.09932902492582799,18.47651587240398
0.0015812253,0.011820259,0.058706436,0.012165213,0.0020391091,0.017262448463588955,15.604185696225613
0.028002841,0.06385546,0.23811056,0.014722181,0.15502574,0.09994335528463126,18.498017434962094
0.0937771,0.13931371,0.24127753,0.05291971,0.35493377,0.1764443635940552,21.17555272579193
0.006075279,0.022391826,0.11827568,0.01053399,0.086759456,0.04880724605172873,16.708253611810505
0.10574385,0.2033791,0.5099671,0.03505892,0.12504658,0.19583910629153253,21.854368720203638
0.004595923,0.021187065,0.08890683,0.010608068,0.00539193,0.026137963589280843,15.91482872562483
0.006692017,0.016127136,0.058481116,0.010312242,0.025891323,0.023500766698271034,15.822526834439486
0.11461249,0.29790065,0.59895927,0.12180674,0.14241004,0.255137836933136,23.92982429265976
0.0010295572,0.0052659754,0.0459543,0.0029518015,0.0009556158,0.011231449618935586,15.393100736662745
0.085540965,0.11800884,0.2046331,0.030111123,0.12040505,0.1117398150265217,18.91089352592826
0.013684251,0.031863526,0.20081635,0.039268322,0.015092334,0.06014495622366667,17.105073467828333
0.00474316,0.030676967,0.11723651,0.020086458,0.006393578,0.03582733450457454,16.25395670766011
0.002418881,0.008185389,0.07294255,0.0013137287,0.046165146,0.02620513853617013,15.917179848765954
0.089752115,0.20893264,0.55861324,0.06097864,0.36460194,0.25657571479678154,23.980150017887354
0.0033225685,0.011939354,0.11569845,0.006025972,0.001794271,0.027756122988648713,15.971464304602705
0.06190033,0.11685652,0.49542803,0.035020705,0.32423908,0.20668893158435822,22.234112605452538
0.024235012,0.066839464,0.24939851,0.021995436,0.03902051,0.08029778711497784,17.810422549024224
0.052964263,0.09401625,0.15400864,0.013498619,0.10126639,0.08315083235502244,17.910279132425785
0.0445842,0.05523674,0.36761123,0.046890724,0.018122306,0.10648903958499432,18.7271163854748
0.08721361,0.2034628,0.63482547,0.04754281,0.39242053,0.27309304326772693,24.55825651437044
0.0039487607,0.007771343,0.08649004,0.013518902,0.005446056,0.023435020726174118,15.820225725416094
0.019751998,0.021196522,0.22800322,0.00427946,0.010503672,0.056746974028646945,16.986144091002643
0.17113234,0.22579984,0.5519437,0.06897317,0.2635658,0.25628297626972196,23.96990416944027
0.030796783,0.021067422,0.41029966,0.011276298,0.015682878,0.09782460797578096,18.423861279152334
0.13850299,0.29339844,0.37562013,0.055868763,0.45062065,0.2628021933138371,24.198076765984297
0.007729516,0.017475178,0.057946,0.008388342,0.026021924,0.02351219216361642,15.822926725726575
0.0015137244,0.007377923,0.04901997,0.005968538,0.001377869,0.01305160492192954,15.456806172267534
0.012945948,0.013851691,0.36345688,0.007676328,0.006466608,0.08087949007749559,17.830782152712345
0.0016587527,0.00294397,0.03753607,0.0012111507,0.005799955,0.009829979669302703,15.344049288425595
0.03461588,0.040367,0.1620324,0.07548964,0.040991634,0.07069931030273438,17.474475860595703
0.118107185,0.10349133,0.6113886,0.035805035,0.19032015,0.21182246431708338,22.413786251097918
0.13409713,0.20796014,0.2980788,0.05007098,0.3184877,0.20173895210027695,22.060863323509693
0.1260605,0.27376333,0.522467,0.048432015,0.37095997,0.2683365657925606,24.39177980273962
0.12488829,0.3433164,0.5737139,0.0508342,0.45023078,0.3085967153310776,25.800885036587715
0.044180915,0.0602067,0.1828667,0.06838921,0.07497595,0.08612389639019967,18.014336373656988
0.003218858,0.004264997,0.10026124,0.0008381782,0.0031547183,0.022347598522901538,15.782165948301554
0.0028644127,0.00744103,0.052685898,0.0021686647,0.0033244637,0.013696893770247699,15.47939128195867
0.20193565,0.285161,0.6638062,0.08973322,0.29849082,0.3078253760933876,25.773888163268566
0.023749264,0.042359587,0.1906522,0.018602131,0.037790947,0.06263082697987557,17.192078944295645
0.08548809,0.0923659,0.5123345,0.018136589,0.0983738,0.16133978031575683,20.646892311051488
0.08890353,0.15260087,0.30586833,0.035210174,0.3455274,0.18562206253409386,21.496772188693285
0.0044062524,0.020176014,0.32666883,0.012271714,0.12817778,0.09834011727944016,18.441904104780406
0.018531915,0.02686728,0.42214343,0.0079304315,0.11134346,0.11736330278217792,19.107715597376227
0.14363205,0.29260638,0.7293655,0.10674803,0.38731736,0.33193387091159826,26.617685481905937
0.032488786,0.06739933,0.17597969,0.015568307,0.19084878,0.09645697884261609,18.375994259491563
0.0033535776,0.007856394,0.08826335,0.0017641169,0.021508021,0.02454909153748304,15.859218203811906
0.030625867,0.1275552,0.41114897,0.074555464,0.031877276,0.13515255562961104,19.730339447036386
0.0057428656,0.021012433,0.07941944,0.019728491,0.0075483234,0.026690310891717674,15.934160881210119
0.0014803762,0.009185211,0.045617726,0.010262546,0.0017668264,0.013662537047639488,15.478188796667382
0.0037569145,0.015299686,0.077063315,0.015405895,0.0030815175,0.022921465616673235,15.802251296583563
0.05028777,0.04729809,0.3189353,0.012779765,0.0430101,0.0944622054696083,18.30617719143629
0.19779478,0.2830761,0.61637104,0.059546925,0.29986382,0.2913305327296257,25.1965686455369
0.022476831,0.01663464,0.5100689,0.0059011895,0.02191623,0.11539955660700799,19.03898448124528
0.15376875,0.22451799,0.67906964,0.053558707,0.33739084,0.2896611839532853,25.138141438364983
0.06735568,0.068229266,0.31458575,0.12718222,0.05303479,0.126077538728714,19.41271385550499
0.0010290355,0.005164962,0.04515692,0.0032669494,0.0011500141,0.011153575871139767,15.390375155489892
0.03978768,0.08372894,0.3149205,0.021529296,0.019693414,0.09593196883797647,18.357618909329176
0.12615874,0.17631207,0.62566686,0.10418408,0.33798787,0.2740619257092476,24.592167399823666
0.0038595395,0.011872141,0.087888576,0.0026580722,0.003462071,0.021948079904541375,15.768182796658948
0.028724791,0.118854985,0.25416234,0.048709694,0.022317434,0.09455384910106661,18.30938471853733
0.14217655,0.28549674,0.67521155,0.085773386,0.39394543,0.316520731151104,26.07822559028864
0.0019765631,0.006203114,0.051821083,0.012500596,0.0025455868,0.015009388606995345,15.525328601244837
0.16103844,0.15800174,0.55293715,0.050166525,0.2954494,0.2435186520218849,23.523152820765972
0.0876879,0.11977287,0.44143105,0.07978255,0.21359003,0.18845287859439852,21.595850750803947
0.029410366,0.03349152,0.29401705,0.0261858,0.0814999,0.09292092546820639,18.252232391387224
0.015025577,0.028220909,0.07801287,0.010101767,0.06392978,0.03905818052589893,16.367036318406463
0.005599919,0.013272357,0.14135297,0.011366525,0.005660273,0.03545040804892779,16.240764281712472
0.0016564344,0.005031621,0.08536865,0.0011186576,0.021546727,0.022944417665712532,15.803054618299939
0.0019393852,0.006602104,0.058592923,0.0017981192,0.0022188248,0.014230271195992829,15.498059491859749
0.011349247,0.0165048,0.26755565,0.05685416,0.027277533,0.07590827848762273,17.656789747066796
0.12812987,0.21167159,0.3750116,0.064313695,0.092384525,0.17430225461721421,21.100578911602497
0.20622225,0.13986078,0.56731445,0.07928835,0.08653007,0.21584317833185196,22.55451124161482
0.007134073,0.013341909,0.06003315,0.0049826032,0.0345513,0.02400860711932182,15.840301249176264
0.09244752,0.113545835,0.49955335,0.041433457,0.29768318,0.2089326687157154,22.31264340505004
0.0024954777,0.007996838,0.05955785,0.0043403707,0.002639813,0.015406070090830329,15.539212453179061
0.0365756,0.07421985,0.12030429,0.043364532,0.108625986,0.07661805152893067,17.681631803512573
0.0038935205,0.0065488718,0.14270653,0.00089119375,0.005913022,0.03199062724597752,16.119671953609213
0.07115921,0.059061375,0.46030462,0.10614083,0.044254966,0.14818419888615608,20.186446961015463
0.07486915,0.14435528,0.61706275,0.027317898,0.2575947,0.224239956215024,22.84839846752584
0.080404565,0.13514736,0.30184308,0.029255971,0.33216798,0.1757637917995453,21.151732712984085
0.0006197914,0.0032918325,0.04397177,0.002580715,0.0008972334,0.010272268380504102,15.359529393317644
0.106195286,0.16627613,0.23071659,0.08450221,0.29318222,0.1761744871735573,21.166107051074505
0.008534565,0.030572148,0.442777,0.034751087,0.16558224,0.13644340950995684,19.77551933284849
0.02765438,0.042203188,0.1423606,0.06725429,0.06779647,0.06945378482341767,17.43088246881962
0.012252667,0.018011453,0.07961331,0.0034793976,0.038853105,0.03044198709540069,16.065469548339024
0.01383176,0.045798786,0.13606454,0.022843484,0.011085153,0.04592474531382322,16.607366085983813
0.0063589835,0.009631379,0.111353755,0.00084350066,0.013738591,0.02838524178368971,15.99348346242914
0.041916188,0.08619121,0.2227946,0.023220085,0.3234232,0.1395090587437153,19.882817056030035
0.12071654,0.29530045,0.6508951,0.051942334,0.3349784,0.2907665699720383,25.17682994902134
0.006550814,0.024092745,0.09627174,0.010609394,0.0037719607,0.028259330429136753,15.989076565019786
0.0010296454,0.002360716,0.030193238,0.0006051539,0.003109215,0.007459593599196524,15.261085775971878
0.040840466,0.06255843,0.2394598,0.03536368,0.2204768,0.11973983570933343,19.19089424982667
0.004010276,0.011329948,0.08263937,0.0071027204,0.0033231322,0.021681088581681253,15.758838100358844
0.0038745685,0.018266395,0.08164162,0.009071954,0.0025277666,0.02307646106928587,15.807676137425005
0.21140042,0.36217383,0.57761776,0.0810459,0.4221477,0.33087712079286574,26.5806992277503
0.025267193,0.047757734,0.21102372,0.01674494,0.1984911,0.09985693618655206,18.49499276652932
0.03890394,0.05728608,0.15965028,0.032989006,0.10210653,0.07818716689944268,17.736550841480494
0.0075648557,0.012635064,0.097011395,0.0019604978,0.008855785,0.025605519581586123,15.896193185355514
0.021732872,0.07592819,0.25374097,0.027766444,0.01677417,0.0791885282844305,17.771598489955068
0.06597248,0.041672274,0.34799573,0.019701801,0.03694361,0.10245717838406562,18.586001243442297
0.017774895,0.027931103,0.13680372,0.0054468666,0.01154586,0.039900488313287505,16.396517090965062
0.0040594763,0.009974898,0.06502305,0.010844928,0.004950919,0.018970654252916577,15.66397289885208
0.0013103811,0.0025984661,0.04634609,0.0008605525,0.0035533668,0.010933771438430995,15.382682000345085
0.022891594,0.028778523,0.2818284,0.022586128,0.01946692,0.07511031366884709,17.628860978409648
0.0022560444,0.01188516,0.072948135,0.007543788,0.0033507086,0.019596767192706466,15.685886851744726
0.031970505,0.19775641,0.44640124,0.022725588,0.16029334,0.17182941623032097,21.014029568061233
0.002312952,0.0046735397,0.05597238,0.00086884934,0.016128384,0.01599122064653784,15.559692722628824
0.0030328152,0.0077098175,0.08551929,0.0025647483,0.032023046,0.02616994371637702,15.915948030073196
0.043111727,0.068326026,0.27020422,0.023337997,0.15399314,0.11179462224245072,18.912811778485775
0.2256984,0.23917751,0.55177444,0.09314793,0.29964373,0.28188840150833133,24.866094052791595
0.03807262,0.04253732,0.24419719,0.026944138,0.016168065,0.07358386665582656,17.57543533295393
0.024320677,0.10738433,0.19736345,0.07868044,0.025356324,0.0866210449486971,18.031736573204398
0.0036039797,0.017772947,0.09196885,0.013576944,0.0027436386,0.025933271693065765,15.907664509257302
0.002729858,0.00897493,0.0546336,0.0027191963,0.007160877,0.01524369204416871,15.533529221545905
0.09293493,0.16805471,0.25207734,0.05248154,0.2538152,0.16387274563312532,20.735546097159386
0.0780078,0.15286313,0.3405386,0.21329892,0.065992504,0.17014018893241883,20.95490661263466
0.15430409,0.09830769,0.6015881,0.04038246,0.09437304,0.19779106974601746,21.92268744111061
0.037200052,0.09935341,0.3003916,0.026337195,0.030142644,0.0986849833279848,18.45397441647947
0.011439544,0.039414573,0.12690124,0.03828353,0.010243955,0.0452565684914589,16.58397989720106
0.015719872,0.07146107,0.18223736,0.042113677,0.011631278,0.06463265009224416,17.262142753228545
0.24972844,0.32451528,0.5870411,0.07467491,0.31331494,0.3098549321293831,25.844922624528408
0.09978138,0.19805785,0.40743375,0.05037417,0.40380633,0.231890694051981,23.116174291819334
0.0075822095,0.008657284,0.24096772,0.0076366975,0.002293195,0.05342742139473557,16.869959748815745
0.011049372,0.03576026,0.19623117,0.066990465,0.02101589,0.0662094319239259,17.317330117337406
0.00690339,0.0428834,0.14197692,0.059657175,0.010846044,0.05245338631793857,16.83586852112785
0.0043197735,0.012026435,0.054217942,0.0054560085,0.008103509,0.016824733652174472,15.588865677826107
0.02698688,0.04600514,0.1776902,0.019752441,0.13170573,0.0804280772805214,17.81498270481825
0.009683588,0.024266526,0.11415261,0.0050214143,0.020333711,0.03469156986102462,16.21420494513586
0.04414354,0.1233548,0.26450682,0.062260676,0.036172554,0.10608767718076706,18.713068701326847
0.0038405163,0.007499368,0.057982605,0.0023705573,0.017370544,0.017812718171626333,15.623445136006922
0.015400515,0.034864582,0.18933503,0.007980176,0.023528961,0.054221853613853455,16.89776487648487
0.07045471,0.10726587,0.2675606,0.047042433,0.21696769,0.14185825958848,19.9650390855968
0.048641883,0.07351138,0.34085816,0.03332147,0.2519443,0.14965543895959857,20.23794036358595
0.0010733354,0.004009914,0.043428373,0.00157599,0.0012181724,0.01026115689892322,15.359140491462313
0.041245922,0.098137066,0.23967972,0.013694939,0.10741612,0.10003475490957499,18.501216421835124
0.0010409688,0.0066719516,0.04289117,0.0053425007,0.001330313,0.011455381009727717,15.40093833534047
0.0018296324,0.01222315,0.07610939,0.013374118,0.003610463,0.02142935006413609,15.750027252244763
0.006677105,0.026498944,0.09981182,0.005441703,0.02459019,0.03260395284742117,16.14113834965974
0.057668522,0.13753471,0.3514859,0.02397449,0.08657807,0.13144833967089653,19.60069188848138
0.0013209506,0.0059347674,0.042120837,0.0027354523,0.0024344006,0.010909281508065761,15.381824852782302
0.0045419727,0.019476932,0.12501732,0.008522215,0.0033382934,0.032179345609620214,16.126277096336707
0.0022001842,0.013854173,0.064312175,0.010463046,0.0017771197,0.018521339539438488,15.648246883880347
0.00916149,0.023284163,0.13525902,0.00968565,0.009717113,0.0374214867129922,16.309752034954727
0.14052211,0.3408674,0.58580166,0.11803782,0.44613725,0.32627324759960175,26.41956366598606
0.010648045,0.023728374,0.118854634,0.030171275,0.021222195,0.040924904681742195,16.432371663860977
0.008117898,0.035306875,0.08961917,0.03595876,0.012108106,0.036222161166369914,16.267775640822947
0.0016132939,0.008419985,0.095375076,0.004537088,0.04766979,0.03152304666582495,16.103306633303873
0.00045888755,0.0012929984,0.02610508,0.00056948164,0.0013397958,0.005953248636797071,15.208363702287897
0.017100155,0.03736719,0.16898678,0.026119824,0.13071394,0.07605757862329483,17.66201525181532
0.06542438,0.13067183,0.29569918,0.026536016,0.3817912,0.18002452217042447,21.300858275964856
0.01781188,0.045683958,0.24110588,0.017009849,0.008256938,0.0659737017005682,17.309079559519887
0.0073539014,0.015720235,0.07040492,0.0024467795,0.008914749,0.020968116447329523,15.733884075656533
0.0007741319,0.0051585096,0.03568696,0.008718127,0.0010630884,0.010280163178686052,15.359805711254012
0.0015772134,0.004293368,0.04556058,0.005161011,0.0034585765,0.012010149797424674,15.420355242909864
0.002407212,0.010028543,0.06007218,0.0061936565,0.0022803098,0.01619638022966683,15.566873308038339
0.00032425867,0.000990833,0.02370533,0.0002819365,0.00070689514,0.005201850616140292,15.18206477156491
0.004613466,0.026650298,0.07724978,0.020508626,0.0041677183,0.026637977920472622,15.932329227216542
0.0019502521,0.003408944,0.05253266,0.0019085238,0.002612434,0.012482563150115311,15.436889710254036
0.09627288,0.24275841,0.4803619,0.09245239,0.283297,0.23902851790189744,23.36599812656641
0.0021514313,0.0045180763,0.04138053,0.0008725758,0.0046499055,0.010714503447525203,15.375007620663382
0.042498175,0.07492687,0.3506987,0.019489806,0.25435266,0.14839324355125427,20.1937635242939
0.23589432,0.2614513,0.53020895,0.14768088,0.33762398,0.3025718867778778,25.590016037225723
0.047485106,0.038386054,0.62338763,0.024169445,0.036139593,0.1539135664701462,20.386974826455116
0.0009612482,0.0066510634,0.049552213,0.004411506,0.0012225704,0.012559720291756093,15.439590210211463
0.011979726,0.032371797,0.13652235,0.034479126,0.0091811055,0.044906821474432944,16.571738751605153
0.0017174744,0.0055486932,0.05618622,0.0014517322,0.020983104,0.017177445022389295,15.601210575783625
0.0021506546,0.0046509737,0.04814738,0.0025045555,0.0043517207,0.01236105696298182,15.432636993704364
0.0265956,0.02817453,0.3832362,0.0071379924,0.08750001,0.10652886722236872,18.728510352782905
0.0013927096,0.0029133456,0.039441023,0.0007066052,0.0033205731,0.00955485129961744,15.33441979548661
0.25428337,0.36550102,0.6928383,0.2050604,0.37302282,0.37814118266105656,28.234941393136978
0.13280326,0.24995926,0.6147339,0.038029395,0.19161999,0.2454291567206383,23.59002048522234
0.00028881428,0.001247707,0.029182136,0.0005135229,0.00046844504,0.006340125063434244,15.221904377220199
0.0041267993,0.011499674,0.05335543,0.005916499,0.015141512,0.018007982801645995,15.63027939805761
0.0035038712,0.015671201,0.0681187,0.01176274,0.0032838474,0.020468071708455684,15.716382509795949
0.0054553924,0.024666099,0.082255386,0.013916296,0.0043277177,0.026124178152531388,15.914346235338598
0.0043188217,0.008740082,0.13128194,0.014826507,0.0043389634,0.032701263390481475,16.14454421866685
0.0037174518,0.011272651,0.07085886,0.006030086,0.0060618846,0.01958818640559912,15.685586524195969
0.0064194654,0.018338421,0.10882873,0.008879832,0.021159321,0.0327251541428268,16.145380394998938
0.065756194,0.1200682,0.2207271,0.031504437,0.35587457,0.15878610014915467,20.557513505220413
0.012121226,0.019723697,0.08500926,0.008952378,0.041911267,0.03354356586933137,16.174024805426598
0.04639796,0.037372064,0.33301303,0.029255347,0.015580583,0.0923237968236208,18.231332888826728
0.10689924,0.19174956,0.5636357,0.05068821,0.20238943,0.2230724297463894,22.80753504112363
0.04677427,0.05856117,0.27939382,0.041948188,0.18673123,0.1226817362010479,19.293860767036676
0.11374052,0.25861672,0.46375602,0.036478996,0.28828952,0.23217635452747348,23.12617240846157
0.005983883,0.017263848,0.05200859,0.0035134475,0.014312448,0.01861644368618727,15.651575529016554
0.0008089936,0.0044496744,0.038643025,0.0037881017,0.0011796065,0.009773880220018327,15.342085807700641
0.029688457,0.05646987,0.21576734,0.012979198,0.021618474,0.0673046674579382,17.355663361027837
0.00079182914,0.0019566556,0.031030891,0.00057344005,0.0031250059,0.007495564431883395,15.262344755115919
0.012087596,0.032484908,0.113765955,0.02333874,0.018476104,0.040030660666525365,16.401073123328388
0.033154592,0.08373695,0.21003172,0.015297654,0.044501707,0.07734452392905951,17.707058337517083
0.08317111,0.06373898,0.5096918,0.036846988,0.17015745,0.1727212592959404,21.045244075357914
0.06607798,0.1865116,0.5283219,0.09140881,0.07283394,0.1890308514237404,21.616079799830914
0.015156943,0.042394545,0.10496925,0.011137846,0.15362528,0.06545677240937949,17.290987034328282
0.004191204,0.011518726,0.0756763,0.0025800033,0.0077841263,0.020350071880966426,15.712252515833825
0.0021292241,0.0051928773,0.05668732,0.0013297094,0.0022147875,0.013510783971287311,15.472877438995056
0.009573338,0.021166312,0.17929558,0.022654492,0.07603799,0.06174554284662009,17.161093999631703
0.08655241,0.07916558,0.42472136,0.081539415,0.09547917,0.15349158644676208,20.372205525636673
0.04248569,0.12973952,0.3389233,0.028093811,0.03846212,0.11554089039564133,19.043931163847446
0.0027953866,0.014628732,0.08473406,0.0074663092,0.0026939719,0.0224636918399483,15.78622921439819
0.25211605,0.19413891,0.68210775,0.08604912,0.18845193,0.2805727526545525,24.820046342909336
0.004028755,0.011413495,0.07621467,0.0036538506,0.0036373222,0.019789618765935303,15.692636656807736
0.0006159868,0.006476278,0.043848798,0.0048670913,0.0006972044,0.011301071627531202,15.395537506963592
0.052265685,0.1010707,0.34559387,0.0795552,0.02360263,0.12041761688888074,19.214616591110826
0.14568888,0.23753932,0.53283614,0.03857842,0.23276013,0.23748057782649995,23.311820223927498
0.002049178,0.0065741045,0.046340123,0.003918695,0.0035403057,0.01248448113910854,15.436956839868799
0.0014706706,0.0068307226,0.045934297,0.008099026,0.0017558199,0.012818107241764664,15.448633753461763
0.15803117,0.31149668,0.5452733,0.14398795,0.3213654,0.29603089690208434,25.361081391572952
0.01576159,0.029780844,0.078985065,0.009989279,0.120820805,0.051067516766488553,16.7873630868271
0.002043353,0.008404608,0.06572313,0.005218182,0.0017525285,0.01662836002651602,15.58199260092806
0.03778702,0.07690684,0.77774864,0.021143476,0.16624367,0.21596592999994757,22.558807549998164
0.122088514,0.19714737,0.6883857,0.049066752,0.32761014,0.27685969918966297,24.690089471638203
0.03090871,0.067669615,0.192832,0.026581014,0.018288765,0.06725601926445962,17.353960674256086
0.23746131,0.30464274,0.57649565,0.16500093,0.23638591,0.30399730801582336,25.639905780553818
0.013171795,0.023197426,0.13532305,0.0017258304,0.034724116,0.04162844293750823,16.456995502812788
0.20134114,0.31609768,0.65184957,0.07411235,0.37845016,0.324370177090168,26.35295619815588
0.003250368,0.016750954,0.072618075,0.006474434,0.003460079,0.020510781928896906,15.717877367511392
0.11086944,0.12500323,0.5849888,0.021702506,0.224541,0.21342098861932754,22.469734601676464
0.019907722,0.041015323,0.20820136,0.018310629,0.017350541,0.060957115888595585,17.133499056100845
0.0009944135,0.007008987,0.040265977,0.006727499,0.0010264555,0.011204666481353343,15.392163326847367
0.0012438075,0.0055612344,0.046455253,0.0043548374,0.0019867283,0.011920372094027697,15.41721302329097
0.022945678,0.059263386,0.1554745,0.017915692,0.29412398,0.1099446464329958,18.848062625154853
0.19624199,0.22769508,0.7378455,0.08694003,0.30753958,0.31125243157148363,25.893835105001926
0.06253773,0.19460031,0.34267744,0.02189704,0.32134685,0.18861187547445296,21.601415641605854
0.0038131261,0.01759317,0.24857982,0.01131138,0.09890138,0.07603977490216494,17.661392121575773
0.0072633484,0.019331543,0.30731663,0.0056074485,0.07426006,0.08275580685585739,17.896453239955008
0.035696708,0.038519375,0.3364266,0.014555107,0.010261573,0.08709186967462303,18.048215438611805
0.011468954,0.0071652946,0.45093244,0.0024242108,0.0035696677,0.09511211412027479,18.328923994209617
0.025795303,0.04663506,0.22267829,0.021878501,0.16985196,0.09736782275140286,18.4078737962991
0.0018122947,0.014113613,0.055628985,0.010259326,0.001792591,0.016721361968666318,15.585247668903321
0.14556876,0.21232694,0.43670097,0.06613795,0.25594297,0.22333551794290543,22.81674312800169
0.100129455,0.085537605,0.334097,0.019574381,0.0525902,0.11838572770357134,19.143500469624996
0.016762927,0.015524638,0.20804274,0.004654644,0.008851939,0.05076737776398659,16.77685822173953
0.042132556,0.06282066,0.1393157,0.012364461,0.10283526,0.0718937261030078,17.516280413605273
0.001268374,0.002985696,0.0376074,0.0017002797,0.010020801,0.0107165104476735,15.375077865668572
0.0063922657,0.019087384,0.10268652,0.0071138064,0.032955725,0.0336471394635737,16.17764988122508
0.13892628,0.18337594,0.36970252,0.027182423,0.17269628,0.1783766880631447,21.243184082210064
0.011846828,0.021900482,0.18800461,0.005979035,0.032298546,0.052005901001393795,16.820206535048783
0.15632464,0.13377263,0.41165292,0.1191815,0.23285216,0.21075676977634433,22.37648694217205
0.0021830415,0.0048753577,0.075173795,0.0011355798,0.0022347611,0.017120507080107927,15.599217747803777
0.0007228526,0.0055252337,0.03559016,0.008754607,0.0011112833,0.010340827505569906,15.361928962694947
0.0033892484,0.008407366,0.04142364,0.004214353,0.032031585,0.01789323869161308,15.626263354206458
0.03560427,0.060653634,0.3805341,0.020855477,0.18787715,0.13710492812097072,19.798672484233975
0.009172023,0.08487313,0.19694124,0.051130615,0.013961362,0.07121567483991385,17.492548619396985
9.385448e-05,0.00083395507,0.01948043,0.00073694554,0.00014505217,0.004258047370240092,15.149031657958403
0.0013830931,0.00548509,0.041602634,0.0026594226,0.0023556915,0.01069718620274216,15.374401517095976
0.005011518,0.011061603,0.10291201,0.010173522,0.0062867403,0.027089078444987535,15.948117745574564
0.04954231,0.13313544,0.81077814,0.042458147,0.3075193,0.26868666484951975,24.40403326973319
0.0044254046,0.015979616,0.071064085,0.008287377,0.0059923637,0.02114976914599538,15.740241920109838
0.14074406,0.093758024,0.65912753,0.042197317,0.12135622,0.21143663078546526,22.400282077491283
0.00075499644,0.0026011816,0.035772618,0.0012357263,0.0013365503,0.00834021451883018,15.291907508159056
0.033366717,0.063477576,0.20925589,0.020542573,0.15474588,0.09627772644162179,18.369720425456762
0.025198013,0.03142661,0.17411117,0.002873028,0.028331555,0.05238807541318238,16.833582639461383
0.06666861,0.115652606,0.26327494,0.038993336,0.19075064,0.13506802618503572,19.72738091647625
0.07153805,0.056728527,0.40800372,0.015888637,0.13731931,0.13789564929902554,19.826347725465894
0.022966493,0.02141062,0.28904098,0.007078285,0.012059886,0.0705112532712519,17.467893864493817
0.034734536,0.047464374,0.56890965,0.012813419,0.24772665,0.18232972472906114,21.38154036551714
0.11183549,0.18785928,0.5767653,0.08095634,0.21159577,0.23380243629217148,23.183085270226
0.09667087,0.10695295,0.5689608,0.052987885,0.2792404,0.2209625788033009,22.73369025811553
0.06508519,0.08717103,0.49964845,0.0157859,0.15728125,0.1649943646043539,20.774802761152387
0.23588316,0.4042732,0.6755226,0.16446257,0.40678078,0.3773844689130783,28.20845641195774
0.04368357,0.06775695,0.25879908,0.018978233,0.01971228,0.08178602196276188,17.862510768696666
0.09868377,0.089620605,0.66446126,0.010919016,0.15079118,0.20289516523480416,22.101330783218145
0.0030315698,0.010260706,0.06058655,0.01080838,0.0032989727,0.017597235599532725,15.615903245983645
0.095953576,0.15580224,0.3912166,0.13066879,0.1418232,0.1830928817391396,21.408250860869884
0.21567155,0.24106714,0.5666483,0.109881684,0.36059284,0.29877230525016785,25.457030683755875
0.004620005,0.026476491,0.07636054,0.025143467,0.0043637347,0.02739284727722406,15.958749654702842
0.017220821,0.030920295,0.16566063,0.003215081,0.015875788,0.04657852407544851,16.630248342640698
0.007035367,0.010961918,0.08137611,0.004890599,0.019637398,0.024780279118567707,15.86730976914987
0.033424746,0.07789307,0.2683687,0.01776227,0.22976181,0.1254421174526215,19.39047411084175
0.16602135,0.24515997,0.7387074,0.047858085,0.25320873,0.2901911102235317,25.15668885782361
0.00037161898,0.0011652946,0.025147395,0.00045681573,0.00083284295,0.005594793485943228,15.195817772008013
0.0140243415,0.015194571,0.36009887,0.0039776806,0.026482118,0.08395551592111589,17.938443057239056
0.004339635,0.008220832,0.049381368,0.0040914644,0.020759746,0.01735860910266638,15.607551318593323
0.14915317,0.08417351,0.74740875,0.020880092,0.17446057,0.23521521911025048,23.232532668858767
0.012923021,0.034137912,0.20201442,0.020778093,0.023329346,0.058636557683348654,17.052279518917203
0.14269117,0.23351198,0.36279064,0.03234893,0.36761573,0.22779169082641604,22.97270917892456
0.0050555374,0.014778019,0.08827359,0.006535106,0.005137005,0.023955851886421443,15.83845481602475
0.08054508,0.16750816,0.36105838,0.028008645,0.15552539,0.15852913074195388,20.548519575968385
0.006563052,0.013954444,0.2095017,0.0045028557,0.027922729,0.05248895585536957,16.837113454937935
0.008752679,0.021105185,0.11806334,0.011904276,0.004430102,0.03285111617296935,16.149789066053927
0.03275832,0.06363568,0.15210868,0.07815797,0.059414994,0.07721512913703919,17.70252951979637
0.017449867,0.019496005,0.22836985,0.0036298044,0.01027489,0.055844082636758684,16.954542892286554
0.009599922,0.0265527,0.06683372,0.017762527,0.051978204,0.034545414522290235,16.209089508280158
0.011279313,0.022658685,0.08696009,0.00855414,0.016088799,0.02910820581018925,16.018787203356624
0.008792393,0.02984288,0.15071908,0.016684031,0.0057704253,0.04236176107078791,16.482661637477577
0.0014596032,0.0037323923,0.03860108,0.0021157607,0.0031510799,0.009811983583495021,15.343419425422326
0.03040907,0.029073745,0.5748689,0.014448456,0.018161714,0.13339238036423923,19.668733312748373
0.0050309096,0.011832408,0.058233906,0.008787175,0.00883525,0.018543929420411585,15.649037529714406
0.005900059,0.0111577315,0.108895734,0.0023929304,0.011461409,0.027961572725325824,15.978655045386404
0.18958516,0.18827023,0.66991556,0.10543455,0.26581946,0.28380499184131625,24.933174714446068
0.17067534,0.10847191,0.5932285,0.05396212,0.10081305,0.20543018728494647,22.190056554973125
0.010278596,0.028981429,0.18108521,0.027762968,0.08691999,0.06700563989579678,17.345197396352887
0.05054843,0.09563029,0.25615975,0.020269183,0.3177451,0.14807054884731768,20.18246920965612
0.0047577526,0.004535658,0.2096229,0.0009442223,0.0053793555,0.04504797859117389,16.576679250691086
0.018755507,0.015643487,0.4397919,0.010832751,0.0052833077,0.09806138807907701,18.432148582767695
0.079928115,0.06333068,0.35921818,0.053459194,0.05392025,0.12197128385305404,19.26899493485689
0.15248929,0.20229752,0.6017817,0.08153623,0.3541018,0.27844131588935855,24.745446056127548
0.015243632,0.036234666,0.10032523,0.012505394,0.17020877,0.06690353713929653,17.34162379987538
0.004750948,0.007531995,0.05900072,0.0012640005,0.0067546796,0.015860468475148083,15.555116396630183
0.02300756,0.057859614,0.19247474,0.009565962,0.101890944,0.07695976365357637,17.693591727875173
0.007355962,0.00700995,0.19110678,0.0014517212,0.0078752795,0.042959938803687696,16.50359785812907
0.018522779,0.025134422,0.4376381,0.015797108,0.012018896,0.10182226169854404,18.56377915944904
0.0014397941,0.0104505345,0.06008093,0.0101097375,0.0018984004,0.01679587941616774,15.58785577956587
0.0011610432,0.0047760494,0.032696314,0.0016741897,0.005234435,0.009108406328596176,15.318794221500866
0.003418307,0.009769773,0.0670301,0.014706688,0.0061866925,0.02022231253795326,15.707780938828364
0.0023124448,0.006004848,0.050971065,0.0018669803,0.0026290668,0.012756880954839291,15.446490833419375
0.009250726,0.010257608,0.334666,0.004131725,0.002811063,0.07222342714667321,17.527819950133562
0.0012857983,0.0032997723,0.10060539,0.0008001355,0.014528164,0.02410385214025155,15.843634824908804
0.013491554,0.014059721,0.49346402,0.0051980107,0.032396555,0.11172197265550494,18.910269042942673
0.011515317,0.022925718,0.067589276,0.010506522,0.03355087,0.02921754028648138,16.02261391002685
0.23721719,0.26651028,0.6747375,0.08414806,0.24835005,0.30219261795282365,25.576741628348827
0.063083656,0.084429316,0.3387655,0.058469187,0.25031114,0.159011759608984,20.56541158631444
0.052665792,0.0421086,0.71349514,0.006815967,0.08431534,0.17988016624003653,21.295805818401277
0.0009305949,0.004897598,0.03909564,0.0068698395,0.00187826,0.01073438656749204,15.375703529862221
0.0012167142,0.004303644,0.08804092,0.0022123463,0.0009155112,0.01933782674605027,15.67682393611176
0.004245859,0.009922838,0.04898468,0.0045973123,0.011719153,0.01589396856725216,15.556288899853826
0.09991988,0.26471338,0.76216066,0.10387722,0.40510926,0.3271560773253441,26.450462706387043
0.03038208,0.06593079,0.11052732,0.017833898,0.17394415,0.07972364723682404,17.79032765328884
0.011979523,0.016553605,0.35228,0.018521998,0.011079189,0.08208286128938198,17.87290014512837
0.10647671,0.16513287,0.61308396,0.09739027,0.1279229,0.22200133949518205,22.77004688233137
0.0005381005,0.002027692,0.0209375,0.0012354614,0.012858881,0.0075195270357653506,15.263183446251787
0.14363764,0.24195464,0.43795305,0.04180962,0.39329985,0.2517309606075287,23.810583621263504
0.07746901,0.06437221,0.2751589,0.057792637,0.0948475,0.11392805501818658,18.98748192563653
0.016856898,0.033029288,0.12631378,0.0057314527,0.09614207,0.05561469653621316,16.94651437876746
0.10760248,0.23722291,0.3855601,0.043764308,0.3546519,0.22576033771038057,22.90161181986332
0.0011830854,0.0022280228,0.038924735,0.00042059887,0.0024712076,0.009045529941795393,15.316593547962839
0.00893057,0.020244932,0.08898558,0.0024395161,0.05674392,0.03546890309080482,16.24141160817817
0.09668151,0.10373067,0.59576994,0.06937128,0.26528624,0.22616792917251588,22.915877521038055
0.0064104814,0.02096775,0.079981886,0.027503327,0.0052977772,0.02803224418312311,15.981128546409309
0.0013948048,0.004421003,0.08579925,0.00080245436,0.01735821,0.021955143858212976,15.768430035037454
0.06921715,0.13840148,0.45964995,0.12662873,0.039941985,0.1667678587138653,20.836875054985285
0.08759775,0.19837613,0.4431693,0.05455953,0.4198272,0.240705980360508,23.42470931261778
0.015647717,0.03674281,0.32991427,0.021927202,0.18822679,0.11849175803363324,19.147211531177163
0.007826586,0.020214256,0.10101743,0.002617717,0.0285588,0.032046957919374106,16.121643527178094
0.0008444673,0.002461008,0.029004773,0.0022201005,0.0076864506,0.008443359914235771,15.295517596998252
0.002956844,0.0172156,0.0684817,0.023971098,0.003944185,0.023313885089010004,15.81598597811535
0.073734835,0.13746211,0.24838778,0.029648973,0.30024743,0.157896226271987,20.526367919519544
0.00029029394,0.0009951196,0.022224687,0.0005386041,0.00075914484,0.004961569898296147,15.173654946440365
0.013083518,0.024977122,0.18917532,0.01208734,0.062180795,0.06030081920325756,17.110528672114015
0.010542383,0.057213865,0.17098412,0.058743153,0.01230857,0.06195841804146767,17.16854463145137
0.015236046,0.109974906,0.22359492,0.058206726,0.023530895,0.08610869832336904,18.013804441317916
0.0038827257,0.025946762,0.08373578,0.024792999,0.0052486416,0.028721381537616254,16.00524835381657
0.0050053117,0.025863323,0.15399827,0.008156476,0.07757982,0.0541206399910152,16.894222399685532
0.07459785,0.12484501,0.36037204,0.029755173,0.043361496,0.1265863139182329,19.430520987138152
0.03351429,0.04832835,0.13703279,0.06438424,0.073006675,0.07125326916575432,17.4938644208014
0.005000588,0.026600096,0.08511191,0.025433596,0.0046593873,0.02936111530289054,16.02763903560117
0.0016890591,0.0071119745,0.049447354,0.011015659,0.0027738144,0.014407572220079603,15.504265027702786
0.0046551344,0.012302999,0.07076961,0.0023685733,0.00802877,0.019625017000362278,15.68687559501268
0.0068702362,0.009335097,0.07140034,0.0022135486,0.012534759,0.02047079554758966,15.716477844165638
0.18853746,0.16641138,0.68420553,0.037807684,0.21165669,0.25772375091910366,24.020331282168627
0.0025538914,0.012970856,0.07348651,0.004781799,0.0020864864,0.019175908016040924,15.671156780561432
0.08361997,0.09689279,0.81939787,0.028522654,0.20704271,0.2470951970666647,23.648331897333264
0.07788708,0.15687072,0.79664487,0.036417924,0.26694316,0.2669527500867844,24.343346253037453
0.05569657,0.078916684,0.51058775,0.11655701,0.22520176,0.1973919540643692,21.908718392252922
0.005943072,0.023378706,0.11767135,0.010228287,0.004469148,0.03233811222016812,16.131833927705884
0.0071642874,0.009272608,0.2936465,0.009970227,0.0062870383,0.06526813507080079,17.284384727478027
0.0003689973,0.0015393618,0.031361036,0.00052481715,0.00057118695,0.006873079837532715,15.240557794313645
0.0067099114,0.025698118,0.11428164,0.044690996,0.011454393,0.04056701166555286,16.41984540829435
0.00079247606,0.0029633965,0.040800653,0.001180449,0.0012496589,0.00939732677070424,15.328906436974648
0.0011336819,0.0035168817,0.03584383,0.0013829455,0.0026082823,0.00889712437056005,15.311399352969602
0.019209802,0.012577184,0.34354085,0.0060004606,0.0076451288,0.07779468446969987,17.722813956439495
0.00055844855,0.0031413275,0.026682317,0.012105979,0.0009976099,0.008697136456612497,15.304399775981437
0.016470315,0.027505271,0.1405316,0.028752193,0.013567955,0.04536546673625708,16.587791335768998
0.0005651235,0.004176507,0.048871994,0.0031424116,0.0009998345,0.011551174079068005,15.40429109276738
0.02626528,0.052150577,0.21274623,0.01480279,0.11453712,0.08410040009766817,17.943514003418386
0.13979429,0.27655584,0.5208994,0.0460635,0.32861787,0.2623861826956272,24.183516394346952
0.0045905486,0.009679874,0.0781247,0.0036320796,0.0034703359,0.01989950807765126,15.696482782717794
0.00094319636,0.002553198,0.034021992,0.0017144327,0.012501602,0.010346884280443192,15.362140949815512
0.12200036,0.111395955,0.6814345,0.05126069,0.20402522,0.23402334824204443,23.190817188471556
0.023222767,0.04552793,0.16099583,0.008384627,0.03119987,0.05386620443314314,16.88531715516001
0.13407916,0.31300205,0.7453775,0.09919744,0.39962837,0.33825690001249314,26.83899150043726
0.0023674425,0.0066092005,0.041114777,0.002097541,0.02798856,0.016035504359751943,15.561242652591318
0.047812272,0.057591636,0.4562569,0.040781148,0.19718656,0.15992570221424102,20.597399577498436
0.0054022223,0.013166478,0.079632975,0.004081955,0.005366405,0.021530007105320693,15.753550248686224
0.000507246,0.0019263532,0.03306526,0.0009660237,0.00085372553,0.007463721581734717,15.261230255360715
0.031758394,0.052165676,0.1273983,0.032203037,0.12873238,0.07445155754685402,17.60580451413989
0.05442649,0.07374144,0.32801515,0.034876466,0.27009922,0.15223175436258315,20.32811140269041
0.008641559,0.016609557,0.06189627,0.01146175,0.028587347,0.025439296104013923,15.890375363640487
0.027547657,0.024491744,0.5477126,0.008810838,0.06497432,0.13470743726938963,19.714760304428637
0.002952245,0.020968547,0.12518454,0.010444273,0.003074164,0.032524753082543614,16.138366357889026
0.007047927,0.010097019,0.23881875,0.0066150604,0.007315063,0.05397876389324665,16.889256736263633
0.19287324,0.3493947,0.73797363,0.11904065,0.3525938,0.3503752082586289,27.26313228905201
0.01989853,0.043132827,0.091281645,0.028664796,0.06387978,0.04937151558697224,16.72800304554403
0.0014357802,0.003830389,0.032811336,0.0014332448,0.0038908122,0.008680312451906503,15.303810935816728
0.09967435,0.22981296,0.43869874,0.05775961,0.43375903,0.25194093957543373,23.81793288514018
0.0004244308,0.0010477543,0.024249602,0.00025372131,0.0021419749,0.00562349667889066,15.196822383761173
0.023145484,0.03787226,0.25491276,0.005887174,0.034297902,0.07122311647981407,17.492809076793492
0.004663102,0.011699851,0.04604385,0.0047191847,0.019889083,0.017403014097362758,15.609105493407696
0.0011113659,0.0023804747,0.042091817,0.00056999153,0.0039425893,0.010019247606396674,15.350673666223884
0.095522456,0.13667278,0.19020645,0.050151188,0.35385695,0.16528196558356284,20.7848687954247
0.07110193,0.09105514,0.5007708,0.011266839,0.17340755,0.16952045485377312,20.93321591988206
0.00017403696,0.0008069271,0.017691022,0.00056297303,0.0009437627,0.004035744318389334,15.141251051143627
0.0057846024,0.014197658,0.07036877,0.003951327,0.018759863,0.02261244347319007,15.791435521561652
0.0012484834,0.0078281155,0.04743178,0.0061846636,0.0015025523,0.012839118600822987,15.449369151028804
0.04527975,0.10192243,0.22898252,0.016218841,0.14201687,0.10688408315181733,18.740942910313606
0.00084179844,0.0026239469,0.036328,0.001255375,0.0014454102,0.008498905913438647,15.297461706970353
0.0048231096,0.011946158,0.1334622,0.0069178934,0.013020374,0.034033947996795176,16.19118817988783
0.17148472,0.3231227,0.56349653,0.05230681,0.29618073,0.281318299472332,24.84614048153162
0.0017762469,0.007885245,0.05022107,0.010251403,0.0061688162,0.015260556270368398,15.534119469462894
0.01053241,0.022059385,0.10121576,0.0037013257,0.016355349,0.030772845307365057,16.077049585757777
0.08923798,0.07264727,0.5476682,0.12560655,0.13457365,0.193946735560894,21.78813574463129
0.0014299067,0.0065716696,0.051995512,0.0044738897,0.0013588857,0.013165972754359245,15.460809046402574
0.01783886,0.044329304,0.3125518,0.027193628,0.23875034,0.12813278548419477,19.484647491946816
0.007865695,0.02297235,0.07735443,0.02350543,0.013383686,0.029016318358480935,16.015571142546833
0.0422359,0.08323402,0.13237981,0.020433063,0.08459249,0.07257505767047405,17.540127018466592
0.0023614923,0.005795761,0.068214364,0.0013660723,0.002200486,0.015987635171040893,15.559567230986431
0.003714387,0.010377476,0.047189407,0.008452825,0.020670116,0.018080842262133957,15.632829479174688
0.0011038628,0.007354632,0.045248553,0.009840276,0.0015129016,0.013012045132927598,15.455421579652466
0.0019725328,0.0041134167,0.09509718,0.0009906315,0.009317242,0.022298199869692326,15.780436995439231
0.03762167,0.053620964,0.2632261,0.024486436,0.18909936,0.11361090354621411,18.976381624117494
0.0011065687,0.0027784968,0.039863743,0.0006258359,0.0016646176,0.00920785238267854,15.322274833393749
0.00075962715,0.00516804,0.04966437,0.0038704257,0.0011601831,0.01212452930631116,15.42435852572089
0.10153899,0.10242481,0.7029253,0.036917485,0.050608207,0.19888296350836754,21.960903722792864
0.001512517,0.007781931,0.047384012,0.00796961,0.002020468,0.013333707815036178,15.466679773526266
0.09863344,0.22257137,0.49336278,0.050668582,0.13697967,0.20044316947460175,22.01551093161106
0.00090734905,0.0039747856,0.061586693,0.0029667895,0.0026971842,0.014426560257561505,15.504929609014653
0.0051131835,0.02261531,0.2597958,0.014509033,0.11133687,0.08267404269427062,17.89359149429947
0.018712379,0.037337434,0.223772,0.023270894,0.17938793,0.09649612754583359,18.377364464104176
0.018649595,0.021945853,0.13772395,0.027375951,0.023848418,0.045908753946423526,16.606806388124824
0.0028192983,0.0067417603,0.043659482,0.0031485541,0.010087081,0.013291235221549869,15.465193232754245
0.002493438,0.008036631,0.061619967,0.00363508,0.0032931578,0.015815654862672092,15.553547920193523
0.0013765844,0.0055307676,0.039523028,0.011585807,0.0039917342,0.01240158430300653,15.434055450605229
0.0036311704,0.009142706,0.06643904,0.002882321,0.008309273,0.018080902099609376,15.632831573486328
0.00072363066,0.005635863,0.036204953,0.0060247807,0.0011836642,0.00995457828976214,15.348410240141675
0.06465464,0.17642087,0.42195317,0.029986713,0.0962924,0.15786155834794044,20.525154542177916
0.0018119877,0.0055308095,0.041646764,0.0016625545,0.003410577,0.010812538489699364,15.378438847139478
0.005756695,0.015491621,0.07201057,0.0077894465,0.024219763,0.025053618755191562,15.876876656431705
0.0033018668,0.005174838,0.068313405,0.0007566917,0.00566836,0.016643032245337964,15.582506128586829
0.03145709,0.06658654,0.15094335,0.020736892,0.023484584,0.05864169150590897,17.052459202706814
0.011812515,0.050559405,0.17446586,0.025300967,0.008234747,0.05407469961792231,16.89261448662728
0.0042413534,0.036469992,0.1317501,0.024510577,0.0049172114,0.04037784822285175,16.41322468779981
0.15311968,0.20694448,0.5307031,0.068725176,0.19255047,0.23040858656167984,23.064300529658794
0.005043715,0.012605692,0.089316435,0.0019436374,0.009252968,0.023632489563897255,15.827137134736404
0.00036999906,0.0012905649,0.027317377,0.00029484942,0.000635846,0.0059817272354848695,15.20936045324197
0.0012441102,0.0067272354,0.051417556,0.0055480674,0.0018689638,0.013361186487600209,15.467641527066007
0.003503209,0.006779267,0.12172846,0.0017149035,0.020304983,0.030806164094246927,16.078215743298642
0.07892948,0.08963094,0.41722637,0.121379286,0.21524261,0.18448173701763154,21.456860795617104
0.043254554,0.18996032,0.44518998,0.09945298,0.043740507,0.16431966796517375,20.75118837878108
0.001178393,0.0052561355,0.03760918,0.002311952,0.0040797787,0.010087087540887298,15.353048063931055
0.0020374127,0.0067980434,0.049130443,0.012295469,0.00315655,0.014683583658188582,15.5139254280366
0.024948424,0.058708757,0.19684191,0.021139234,0.02273866,0.0648753970861435,17.270638898015022
0.020102188,0.030998776,0.09983644,0.04884713,0.036393117,0.047235530242323874,16.653243558481336
0.08775539,0.1461183,0.4468629,0.05344664,0.2484417,0.19652498587965966,21.878374505788088
0.121460356,0.2609513,0.60483134,0.06546273,0.4191651,0.29437416791915894,25.303095877170563
0.0045910585,0.0054775365,0.18687095,0.00084333395,0.0070016203,0.040956899325829,16.433491476404015
0.1087225,0.27791548,0.5476064,0.061067466,0.45163518,0.28938940688967707,25.128629241138697
0.120572075,0.22044088,0.47064912,0.034474954,0.41339862,0.25190713107585905,23.816749587655067
0.095122,0.14326803,0.34385777,0.021825798,0.064946964,0.1338041126728058,19.683143943548203
0.0011863032,0.002316672,0.03326115,0.000881313,0.0056680455,0.00866269674152136,15.303194385953248
0.00080637744,0.0034965633,0.05357292,0.0026620922,0.0021698528,0.012541561003308744,15.438954635115806
0.01977382,0.02328834,0.51723653,0.01944878,0.032562394,0.12246197275817394,19.286169046536088
0.12351365,0.22149661,0.6488307,0.0827735,0.32096416,0.2795157253742218,24.783050388097763
0.0021267636,0.006046829,0.047886908,0.001876214,0.0028254231,0.012152427528053523,15.425334963481873
0.011602627,0.014271849,0.16232684,0.0024094412,0.007332171,0.03958858610130847,16.385600513545796
0.016707523,0.027849503,0.103054464,0.01496512,0.09149552,0.0508144261315465,16.778504914604127
0.0591789,0.108784325,0.223111,0.021977726,0.3011125,0.14283289164304733,19.999151207506657
0.008607345,0.04403839,0.13991134,0.024885615,0.011302479,0.04574903324246407,16.601216163486242
0.09362937,0.10415877,0.6376294,0.096242316,0.25727338,0.23778664320707324,23.322532512247562
0.094623685,0.103933066,0.74014753,0.03401943,0.24516004,0.2435767509043217,23.52518628165126
0.030212367,0.039332855,0.2768749,0.013552947,0.028642138,0.077723041549325,17.720306454226375
0.1306502,0.12577005,0.5134034,0.11951796,0.24541183,0.22695069164037707,22.943274207413197
0.0047645518,0.013585709,0.05987712,0.0059465184,0.0413167,0.025098119676113133,15.87843418866396
0.008829372,0.024503132,0.079810336,0.0029007818,0.057069987,0.034622721886262295,16.21179526601918
0.106798165,0.31085783,0.4399478,0.05688292,0.48632386,0.28016211912035943,24.80567416921258
0.05470478,0.082955725,0.6463202,0.06540048,0.24364838,0.2186059184372425,22.651207145303488
0.014721801,0.024076056,0.116435505,0.040704258,0.027149264,0.044617376662790774,16.561608183197677
0.006839442,0.020680482,0.20448247,0.019384403,0.06977481,0.06423231977969408,17.248131192289293
0.002115327,0.0112850405,0.057185784,0.016895514,0.0029860311,0.018093539308756592,15.63327387580648
0.06777135,0.23415373,0.40890056,0.055528753,0.07812692,0.16889626383781436,20.9113692343235
0.029539924,0.062260047,0.18726537,0.032591973,0.018260816,0.06598362512886524,17.309426879510283
0.00087281613,0.0032004626,0.040440135,0.0031923663,0.0024338171,0.010027919372078031,15.350977178022731
0.0007229452,0.002722184,0.03531407,0.0012611396,0.0010543851,0.008214944414794445,15.287523054517806
0.012808781,0.06968905,0.16456406,0.042289726,0.011164015,0.06010312624275685,17.10360941849649
0.049268894,0.13897988,0.45127237,0.07903377,0.04163807,0.1520385965704918,20.321350879967213
0.007899653,0.01139505,0.18604012,0.002135717,0.0069145826,0.042877024272456765,16.500695849535987
0.012192445,0.07345629,0.22933589,0.046610154,0.009557291,0.07423041332513095,17.598064466379583
0.012848323,0.037385866,0.120559566,0.029949114,0.016740182,0.04349661022424698,16.522381357848644
0.017005289,0.07358125,0.19280523,0.051326033,0.013342638,0.06961208768188953,17.436423068866134
0.19453564,0.22547992,0.44581276,0.08086202,0.23059483,0.23545703440904617,23.240996204316616
0.014345732,0.04051609,0.25489855,0.030513441,0.0058795325,0.0692306686192751,17.42307340167463
0.00021979026,0.0010669078,0.029925773,0.00038401817,0.0008813239,0.00649556260323152,15.227344691113103
0.009382565,0.07167452,0.15505779,0.046513584,0.014913731,0.05950843710452318,17.08279529865831
0.013488807,0.08196218,0.15437259,0.059485897,0.015667288,0.06499535255134106,17.274837339296937
0.0013392773,0.0035949415,0.03826295,0.0010420152,0.0022613497,0.009300106391310693,15.325503723695874
0.003752901,0.006615747,0.18373962,0.0012554188,0.0156083545,0.042194407782517374,16.476804272388108
0.0028805332,0.014741774,0.078109644,0.005412834,0.0028691276,0.02080278261564672,15.728097391547635
0.03339218,0.044029675,0.19451033,0.04425881,0.019706039,0.06717940606176853,17.3512792121619
0.00070880353,0.0045351605,0.060723566,0.005347771,0.0020245838,0.014667976880446078,15.513379190815613
0.0019299457,0.0047667525,0.047621436,0.0049475725,0.008570708,0.013567283074371517,15.474854907603003
0.013173146,0.034109302,0.10083235,0.0056428234,0.019961067,0.03474373770877719,16.2160308198072
0.0025794646,0.009560262,0.048577245,0.019260978,0.011866929,0.018368975818157197,15.642914153635502
0.0082863895,0.031039003,0.09374351,0.03736804,0.0065592322,0.03539923522621393,16.238973232917488
0.08333606,0.1903886,0.47369918,0.036101412,0.2562021,0.2079454727470875,22.27809154614806
0.0028208725,0.0066152457,0.08294652,0.0012242572,0.0033225543,0.019385889242403212,15.678506123484112
0.03981012,0.085064106,0.27008694,0.10355981,0.021358816,0.10397595874965192,18.639158556237817
0.0056720213,0.011069206,0.09065802,0.002310205,0.008078677,0.023557625012472275,15.82451687543653
0.067769244,0.16170502,0.6451065,0.060230825,0.30857182,0.24867667928338053,23.703683774918318
0.04408245,0.0837463,0.1877311,0.019695992,0.24790572,0.1166323121637106,19.08213092572987
0.008463163,0.015531168,0.12908004,0.0049130837,0.0118317045,0.03396383235231042,16.188734132330865
0.0025732755,0.018978387,0.058569513,0.021007573,0.0035634132,0.02093843244947493,15.732845135731623
0.017446138,0.040494673,0.1283316,0.010712929,0.06116086,0.05162924006581306,16.807023402303457
0.0010181691,0.0024409415,0.039997336,0.00048442913,0.0017249426,0.009133163571823389,15.319660725013819
0.00033347265,0.0012767859,0.028635494,0.0015017699,0.001989083,0.006747321138391271,15.236156239843694
0.008133417,0.009815617,0.15578845,0.0031517402,0.0068436284,0.03674657088704407,16.286129981046543
0.00034443097,0.0018074672,0.037882753,0.0018071841,0.0007326534,0.008514897676650434,15.298021418682765
0.0128986165,0.010753008,0.23766886,0.0019688294,0.015256248,0.055709111783653495,16.949818912427872
0.15267062,0.16928212,0.4829142,0.024044197,0.2722437,0.22023097202181818,22.708084020763636
0.023488022,0.043501537,0.29350188,0.042245295,0.013441742,0.08323569614440203,17.91324936505407
0.020302655,0.08447555,0.23269993,0.04583422,0.025027761,0.08166802302002907,17.858380805701017
0.016335713,0.023146205,0.11406703,0.007412884,0.014043059,0.03500097868964076,16.225034254137427
0.1288548,0.14034928,0.6219232,0.117341794,0.25480682,0.2526551797986031,23.842931292951107
0.026785007,0.06119549,0.3713426,0.1023595,0.034743164,0.11928515248000622,19.174980336800218
0.004795984,0.009494853,0.05890134,0.0015856723,0.015077853,0.017971140355803075,15.628989912453108
0.00039277892,0.0024284094,0.032876298,0.0014297025,0.00043894196,0.00751322612632066,15.262962914421223
0.08086543,0.15155001,0.57896143,0.043359417,0.34690714,0.24032868519425393,23.411503981798887
0.0028482785,0.0194721,0.067259036,0.019723294,0.002977932,0.022456128150224686,15.785964485257864
0.17094032,0.2942082,0.64445037,0.111339025,0.3015522,0.30449802428483963,25.657430849969387
0.037440766,0.06958825,0.35520634,0.02900611,0.14202783,0.12665385864675044,19.432885052636266
0.07328095,0.1620461,0.6488697,0.09672277,0.062208187,0.20862554088234903,22.301893930882215
0.0005866619,0.0037457624,0.041628852,0.0017511742,0.00073332014,0.00968915423145518,15.339120398100931
0.0047287643,0.012298376,0.1154392,0.007843497,0.0026061398,0.028583195293322206,16.000411835266277
0.002260241,0.006721464,0.055681672,0.0011675851,0.0029314682,0.013752486044541002,15.481337011558935
0.12661774,0.16942729,0.5990084,0.039150435,0.32723904,0.25228857770562174,23.83010021969676
0.0009013643,0.0026289483,0.03452483,0.0009030642,0.0031712656,0.008425894123502076,15.294906294322573
0.0067885173,0.011481443,0.077726334,0.0068364437,0.012547296,0.023076006863266232,15.807660240214318
0.0077774483,0.015850574,0.062020544,0.0050538206,0.04736728,0.02761393301188946,15.966487655416131
0.018054003,0.043651402,0.13298878,0.061351404,0.01665839,0.05454079583287239,16.908927854150534
0.01391555,0.031785347,0.3471135,0.022536745,0.008398253,0.0847498768940568,17.966245691291988
0.0013629327,0.0055192653,0.041222233,0.0032542357,0.0018877536,0.01064928413834423,15.372724944842048
0.016610608,0.04364748,0.11930058,0.015288741,0.019081002,0.04278568234294654,16.49749888200313
0.003430776,0.0053011905,0.07002436,0.0015603743,0.0030577616,0.016674893232993784,15.583621263154782
0.037230667,0.10933305,0.37999722,0.07269056,0.034488052,0.12674791142344477,19.436176899820566
0.12312129,0.20444402,0.6177193,0.09208511,0.16293237,0.2400604158639908,23.402114555239677
0.043666918,0.087542415,0.23575206,0.01755335,0.33990455,0.14488385803997517,20.07093503139913
0.014477328,0.021812206,0.2623288,0.010630221,0.0066717495,0.06318406173959375,17.21144216088578
0.002502563,0.011626466,0.056347534,0.008731431,0.0023756542,0.016316729737445714,15.5710855408106
0.1144886,0.13028896,0.48637924,0.08030623,0.19656841,0.20160628855228424,22.05622009932995
0.003403269,0.0068158223,0.19902518,0.002321512,0.0011232359,0.04253780462313444,16.488823161809705
0.00021414425,0.0017779751,0.026145885,0.0017562147,0.00045372106,0.006069587971433066,15.212435579000157
0.0033328878,0.0049937805,0.18453848,0.0012367741,0.005865806,0.039993546367622916,16.399774122866802
0.0052273087,0.014333986,0.122164354,0.004037217,0.0034341703,0.02983940704725683,16.04437924665399
0.0016393728,0.006069083,0.05370769,0.0033915108,0.0022756087,0.013416652916930618,15.469582852092572
0.020029197,0.069753066,0.1425839,0.095896214,0.050187703,0.07569001726806164,17.649150604382157
0.006230134,0.013474491,0.2505887,0.0015667733,0.010519002,0.05647581713274121,16.976653599645942
0.0010042207,0.003808519,0.03425503,0.0023610878,0.0018403017,0.00865383215714246,15.302884125499986
0.008767029,0.011829665,0.46640286,0.0040137954,0.0024901584,0.09870070130564274,18.454524545697495
0.1970966,0.39430958,0.7580908,0.124040015,0.3750834,0.36972407549619674,27.940342642366886
0.0050480478,0.010279483,0.048856482,0.0033951695,0.022754876,0.01806681165471673,15.632338407915086
0.027253086,0.053100437,0.38797948,0.09863526,0.11725759,0.13684516884386538,19.78958090953529
0.06345469,0.09985773,0.51010466,0.05405637,0.036252312,0.1527451515197754,20.34608030319214
0.035813347,0.049983863,0.2023276,0.018123345,0.043486558,0.06994694136083127,17.448142947629094
0.001314543,0.007747105,0.04511414,0.008768716,0.0023009246,0.013049085857346656,15.456718005007133
0.0276101,0.07764349,0.23816736,0.046611607,0.015377697,0.08108205124735833,17.83787179365754
0.0034886273,0.009785174,0.041194603,0.0037548179,0.03132135,0.01790891457349062,15.626812010072172
0.0005514543,0.0015956996,0.028582199,0.0007325854,0.0014663565,0.006585658853873611,15.230498059885576
0.014250076,0.032208588,0.0942722,0.009728361,0.013845908,0.0328610260039568,16.150135910138488
0.0265741,0.13760336,0.33783397,0.10024505,0.03047743,0.1265467818826437,19.42913736589253
0.002271103,0.009148548,0.064112924,0.010845604,0.0036796434,0.018011564621701837,15.630404761759564
0.00086818443,0.005513312,0.045660812,0.0041706027,0.0013529513,0.011513172520790248,15.402961038227659
0.045166932,0.14303775,0.2675188,0.025322443,0.11377585,0.11896435283124447,19.163752349093556
0.009713222,0.019827994,0.095063195,0.034333747,0.014912247,0.034770080819726,16.21695282869041
0.145814,0.27267477,0.7342475,0.11517518,0.38179848,0.32994198650121687,26.54796952754259
0.0070313946,0.021937903,0.08609507,0.027549278,0.008113952,0.03014552006497979,16.055093202274293
0.011332154,0.017679302,0.27118498,0.0034674993,0.01922518,0.06457782331854106,17.260223816148937
0.11660455,0.23292428,0.6412244,0.048007026,0.21845788,0.25144362449646,23.8005268573761
0.08959505,0.10166427,0.3300118,0.20693912,0.07581059,0.1608041673898697,20.62814585864544
0.0033385423,0.01941889,0.1342213,0.0120493565,0.0025145689,0.03430853155441582,16.200798604404554
0.043786824,0.133869,0.3344856,0.028557597,0.038554374,0.11585067845880986,19.054773746058345
0.124877125,0.21266693,0.38628715,0.04141571,0.42412856,0.23787509575486185,23.325628351420164
0.051420547,0.080067955,0.26909012,0.022575552,0.2683865,0.1383081365376711,19.840784778818488
0.03109754,0.041167006,0.23078734,0.00966404,0.018072242,0.06615763306617738,17.315517157316208
0.13198599,0.30796483,0.7594052,0.088673584,0.34854552,0.3273150250315666,26.45602587610483
0.06463535,0.123312354,0.42567945,0.019729394,0.14476773,0.1556248553097248,20.44686993584037
0.031169917,0.32117242,0.64432156,0.07421635,0.100675546,0.23431115821003914,23.20089053735137
0.0017672536,0.011469803,0.064265594,0.00843236,0.0015423101,0.0174954641610384,15.612341245636344
0.0034107293,0.015219499,0.061360393,0.0386896,0.0066022067,0.025056485319510106,15.876976986182854
0.053039245,0.07278215,0.35111263,0.06940061,0.20140968,0.14954886436462403,20.23421025276184
0.01719794,0.040823996,0.12889609,0.006028923,0.030766776,0.04474274460226297,16.565996061079204
0.013723081,0.03298568,0.11031049,0.025353566,0.0118867,0.038851902820169926,16.359816598705947
0.0023178936,0.0028540916,0.2027912,0.00054421223,0.004692694,0.04264001812553033,16.49240063439356
0.027170114,0.22693624,0.64204687,0.10355388,0.054183457,0.21077811047434808,22.377233866602182
0.093924806,0.053720977,0.5523765,0.030441567,0.03141641,0.1523760534822941,20.333161871880293
0.09492195,0.118655585,0.34378955,0.028194308,0.22401236,0.16191474944353104,20.667016230523586
0.005174455,0.010718783,0.11301249,0.017752597,0.0055577653,0.030443218629807235,16.065512652043253
0.08063758,0.14843954,0.5575284,0.04263308,0.35442114,0.23673194348812104,23.285618022084236
0.03510372,0.09135786,0.4779862,0.031084178,0.30440095,0.1879865784198046,21.57953024469316
0.24621187,0.22742794,0.47498438,0.10877674,0.19796585,0.25107335597276687,23.78756745904684
0.21608579,0.19942296,0.5695625,0.18108085,0.2258597,0.2784023582935334,24.744082540273666
0.0018404032,0.015703782,0.061926104,0.014562112,0.0026428679,0.01933505397755653,15.676726889214478
0.0010087754,0.0030557185,0.05768267,0.0013843621,0.0007507549,0.012776456319261342,15.447175971174147
0.0370766,0.1386821,0.38653556,0.05881874,0.06473835,0.1371702678501606,19.80095937475562
0.043858364,0.15757203,0.34871382,0.05455894,0.035888102,0.12811825051903725,19.484138768166304
0.009693822,0.040839467,0.19443232,0.019765776,0.009887975,0.05492387153208256,16.92233550362289
0.029829402,0.039033417,0.2786926,0.009069443,0.04992221,0.08130941465497017,17.845829512923956
0.008855077,0.035299275,0.16298115,0.019560585,0.006799286,0.0466990752145648,16.634467632509768
0.10258901,0.069722846,0.40985024,0.073947944,0.09299842,0.1498216927051544,20.243759244680405
0.012897367,0.0404216,0.11650948,0.024561256,0.016019577,0.0420818567276001,16.472864985466003
0.1454636,0.28475478,0.52401125,0.050310235,0.24280366,0.24946870729327203,23.73140475526452
0.021281367,0.05466513,0.54651356,0.042993803,0.12815407,0.1587215851992369,20.55525548197329
0.0015478595,0.0035576003,0.07108628,0.0010938914,0.0011270463,0.015682535525411368,15.548888743389398
0.02671918,0.055878986,0.1691118,0.010152512,0.10156069,0.07268463429063558,17.543962200172246
0.043557234,0.04430049,0.22413643,0.014927517,0.09603443,0.08459121938794852,17.960692678578198
0.0038842717,0.013337768,0.07658506,0.009453929,0.0030404471,0.02126029548235238,15.744110341882333
0.0005219372,0.0023699438,0.046340942,0.0026980487,0.0012280097,0.01063177635660395,15.372112172481138
0.015472812,0.02587231,0.10667466,0.043740027,0.018141905,0.041980343498289587,16.469312022440135
0.009088425,0.008386946,0.37886113,0.004698702,0.009536001,0.08211424071341752,17.873998424969614
0.0039260425,0.016186507,0.060993325,0.01734182,0.010644614,0.02181846182793379,15.763646163977683
0.0074072867,0.021822793,0.07630359,0.005127162,0.016014377,0.02533504106104374,15.88672643713653
0.021497402,0.05293376,0.55760014,0.024592185,0.14864922,0.16105454079806805,20.63690892793238
0.021566875,0.056443404,0.45469382,0.06526287,0.16850859,0.15329511240124705,20.365328934043646
0.22482184,0.194753,0.7195867,0.054474045,0.23018983,0.28476507738232615,24.966777708381414
0.18187794,0.25715438,0.5466975,0.15672131,0.16681583,0.26185339093208315,24.16486868262291
0.011198267,0.023180738,0.086201705,0.019866483,0.016413407,0.03137212023139,16.09802420809865
0.07993858,0.12764335,0.43845165,0.052767742,0.26310226,0.1923807166516781,21.733325082808733
0.06293532,0.041434262,0.28181943,0.03933943,0.031972565,0.09150020256638527,18.202507089823484
0.0026855464,0.00647567,0.055750135,0.0018098361,0.0030764563,0.013959528785198927,15.488583507481962
0.002460198,0.004883345,0.04950828,0.0016305278,0.01274439,0.0142453484935686,15.498587197274901
0.004910592,0.016487487,0.090226166,0.010553082,0.004111665,0.02525779837742448,15.884022943209857
0.004006682,0.019147638,0.070083685,0.015314031,0.0048342478,0.02267725691199303,15.793703991919756
0.0034840845,0.01031174,0.08559193,0.019391442,0.002898984,0.024335635546594857,15.85174724413082
0.005005069,0.015767753,0.079624854,0.0126155205,0.0045715007,0.023516939487308264,15.82309288205579
0.0021755716,0.007500049,0.08208765,0.0016032861,0.024765408,0.023626393103040755,15.826923758606426
0.014559026,0.01421462,0.39823696,0.005423727,0.021298999,0.0907466663978994,18.17613332392648
0.00037489316,0.0027528075,0.031548526,0.0020546496,0.0005198791,0.007450151100056247,15.260755288501969
0.12243572,0.26439053,0.58469623,0.06854922,0.41148472,0.2903112843632698,25.160894952714443
0.20756894,0.30513573,0.6570272,0.13851118,0.35313374,0.33227535486221316,26.62963742017746
0.0069954,0.02106404,0.07346808,0.00800599,0.06898266,0.035703234281390904,16.24961319984868
0.006623012,0.011815548,0.2600572,0.008936375,0.007891413,0.05906471181660891,17.06726491358131
0.017191881,0.053265776,0.2193363,0.019095877,0.046766005,0.07113116830587388,17.489590890705585
0.03208439,0.045654662,0.13383129,0.021449247,0.041677378,0.054939394071698185,16.922878792509437
0.034632012,0.074923515,0.20020139,0.02088159,0.113001905,0.08872808292508126,18.105482902377844
0.021911664,0.023851603,0.31470513,0.014101133,0.007735271,0.07646096087992192,17.676133630797267
0.002314015,0.0074933833,0.059530854,0.0012057114,0.03498173,0.02110513905063272,15.738679866772145
0.0032618758,0.008462951,0.051747773,0.0035708821,0.0046599754,0.014340691361576318,15.501924197655171
0.040622275,0.25127813,0.6411422,0.13000478,0.07201865,0.22701320573687553,22.945462200790644
0.07780946,0.14978223,0.65836287,0.07513938,0.1750958,0.2272379457950592,22.953328102827072
0.01146163,0.030788261,0.27937824,0.0073948367,0.094293594,0.08466331167146564,17.963215908501297
0.0028108854,0.0077372,0.06184313,0.009015366,0.003105868,0.016902490053325895,15.591587151866406
0.10777286,0.27260524,0.8159616,0.07174387,0.38810906,0.33123852461576464,26.59334836155176
0.0014701295,0.011381528,0.043866456,0.016047433,0.0016952761,0.014892164501361549,15.521225757547654
0.120312266,0.15210095,0.53005946,0.08705208,0.33295187,0.24449532479047775,23.55733636766672
0.012645079,0.025798954,0.14868493,0.01114652,0.007545359,0.04116416918113828,16.44074592133984
0.008951097,0.026716243,0.11665439,0.01309683,0.005561532,0.034196018148213624,16.196860635187477
0.0939757,0.16301551,0.43027383,0.05796185,0.1602708,0.18109953850507737,21.338483847677708
0.005530374,0.013734632,0.064022884,0.012585405,0.008112993,0.0207972576841712,15.727904018945992
0.012648938,0.021321388,0.1093061,0.04297786,0.013666698,0.03998419586569071,16.399446855299175
0.04028556,0.06471619,0.2099122,0.037894312,0.09557603,0.08967685848474502,18.138690046966076
0.0073510474,0.012635927,0.08021575,0.010769765,0.024985187,0.02719153556972742,15.95170374494046
0.02684488,0.03256586,0.4266254,0.0101014525,0.052962396,0.1098199974745512,18.843699911609292
0.07875037,0.12618893,0.21012305,0.11321186,0.17016506,0.1396878555417061,19.889074943959713
0.001029881,0.002426337,0.035832264,0.0009126581,0.001981108,0.008436449512373656,15.295275732933078
0.0034931607,0.007517256,0.06015805,0.0038485702,0.0053009368,0.01606359500437975,15.562225825153291
0.011434671,0.020046782,0.073325425,0.017838368,0.033227857,0.031174620613455772,16.091111721470952
0.009435991,0.037946712,0.11727296,0.031129107,0.007127561,0.04058246584609151,16.420386304613203
0.03535638,0.07601971,0.15058875,0.027750539,0.14084011,0.08611109890043736,18.013888461515307
0.10328664,0.2726509,0.42366493,0.04109723,0.47184968,0.26250987499952316,24.18784562498331
0.053055417,0.15814143,0.3767065,0.024175117,0.06811372,0.1360384400933981,19.761345403268933
0.0029811277,0.014766728,0.08875408,0.005752237,0.0038827036,0.0232273752335459,15.812958133174106
0.0019492453,0.01261641,0.05927775,0.012747601,0.0026170998,0.017841621255502104,15.624456743942574
0.0048729107,0.010520878,0.061609577,0.0030567877,0.0054622446,0.017104479717090726,15.598656790098175
0.14956981,0.18431386,0.500336,0.10005338,0.3123508,0.2493247702717781,23.726366959512234
0.028056294,0.15464252,0.2349898,0.039030835,0.049220115,0.10118791460990906,18.541577011346817
0.00087450474,0.005454306,0.0379045,0.009323621,0.0013787643,0.010987139435019345,15.384549880225677
0.08282567,0.2783042,0.41206658,0.032895453,0.49590787,0.2603999525308609,24.11399833858013
0.15327926,0.24283227,0.8344203,0.039577894,0.27324304,0.3086705580353737,25.80346953123808
0.011617533,0.07396375,0.17699328,0.042206183,0.016720563,0.0643002612516284,17.250509143806994
0.12585928,0.22770008,0.5834342,0.058776386,0.32900771,0.26495553702116015,24.273443795740604
0.030706022,0.058188416,0.15968326,0.030466603,0.24277198,0.10436325632035733,18.652713971212506
0.026282093,0.05721595,0.10867009,0.025636993,0.11247745,0.06605651639401913,17.31197807379067
0.08826271,0.10553281,0.28590873,0.041439794,0.20413727,0.14505626112222672,20.076969139277935
0.035508737,0.037267033,0.3328637,0.025512187,0.044675454,0.09516541995108128,18.330789698287845
0.02461903,0.028838163,0.3512868,0.03136896,0.036006205,0.09442383125424385,18.304834093898535
0.00013897855,0.0012534406,0.018313533,0.0010336111,0.00021227158,0.004190366916009224,15.146662842060323
0.005057128,0.0155460555,0.06744991,0.019480342,0.005055806,0.022517848853021865,15.788124709855765
0.013717229,0.026518939,0.15631278,0.008424616,0.007427413,0.04248019512742758,16.486806829459965
0.0060631,0.013065072,0.058014717,0.0059456583,0.04815987,0.026249683648347857,15.918738927692175
0.0021640665,0.0072184177,0.039936043,0.004716793,0.01647356,0.014101776061579585,15.493562162155285
0.013944429,0.031019706,0.19784808,0.02033496,0.12089447,0.0768083294853568,17.68829153198749
0.05839809,0.106377594,0.3317576,0.04929573,0.055708107,0.12030742540955544,19.21075988933444
0.014106071,0.04301375,0.12279348,0.044683028,0.018573048,0.04863387569785119,16.70218564942479
0.07781714,0.10481395,0.3451438,0.042984072,0.14235377,0.14262254610657693,19.991789113730192
0.028448846,0.24099237,0.47095543,0.13110843,0.04472848,0.18324671164155007,21.413634907454252
0.1614841,0.16582492,0.6858788,0.039676305,0.1185096,0.2342747487127781,23.199616204947233
0.011446875,0.032288488,0.17411087,0.023717787,0.050333586,0.058379521965980535,17.04328326880932
0.037714124,0.016514596,0.6241111,0.0030886657,0.01862622,0.140010944288224,19.90038305008784
0.00030971304,0.0034774654,0.026257994,0.0051035816,0.000509772,0.007131705124629662,15.249609679362038
0.101545036,0.18612625,0.44570166,0.046777055,0.39496285,0.23502256870269775,23.22578990459442
0.003675806,0.009091307,0.069504835,0.0027394278,0.005212529,0.018044781032949687,15.631567336153239
0.007363459,0.029169634,0.09815785,0.01164043,0.00650729,0.03056773329153657,16.06987066520378
0.045753423,0.0846117,0.37367028,0.029907085,0.12024757,0.13083801195025443,19.579330418258905
0.021698698,0.03693834,0.35975927,0.030385675,0.0075372183,0.09126384044066072,18.194234415423125
0.001475834,0.0031549016,0.035731547,0.001004136,0.0048238947,0.009238062589429318,15.323332190630026
0.041712604,0.056251492,0.24061514,0.026480298,0.115006104,0.0960131287574768,18.36045950651169
0.059203506,0.0950151,0.23634057,0.020068934,0.17796448,0.11771851740777492,19.120148109272122
0.0050233207,0.01137316,0.07875583,0.00197921,0.047716487,0.028969602286815648,16.013936080038548
0.054251548,0.06637841,0.2822487,0.010511897,0.16081867,0.11484184470027686,19.01946456450969
0.0012088047,0.010122062,0.040609144,0.013952476,0.0012655647,0.013431610143743455,15.470106355031021
0.06603691,0.13727792,0.46324375,0.038249314,0.11898331,0.16475824117660523,20.766538441181183
0.008331574,0.007216423,0.4071788,0.0021299466,0.0021889482,0.08540913611650466,17.989319764077663
0.008183969,0.034427233,0.08686407,0.050386466,0.013652083,0.03870276417583227,16.35459674615413
0.070834704,0.20926014,0.45508182,0.061472382,0.06954326,0.1732384599745274,21.063346099108458
0.0013171216,0.005997626,0.049809374,0.004766811,0.0016254437,0.0127032752847299,15.444614634965546
0.025067579,0.043522872,0.18279831,0.008606918,0.065709166,0.06514096930623055,17.27993392571807
0.00357075,0.011541122,0.080743276,0.002727119,0.003478485,0.020412150211632254,15.714425257407129
0.008115933,0.023993984,0.10872853,0.007522875,0.009788802,0.031630024407058956,16.107050854247063
0.025565434,0.0136407735,0.55182046,0.0030679097,0.0075305155,0.12032501799985768,19.21137562999502
0.0020710623,0.009790969,0.054840557,0.011606017,0.0034075915,0.016343239462003112,15.572013381170109
0.010724691,0.0352637,0.24206306,0.025244588,0.13814674,0.09028855618089439,18.160099466331303
0.24145366,0.22041635,0.4714623,0.1135434,0.29811212,0.2689975693821907,24.414914928376675
0.0017653502,0.005081804,0.058274742,0.002583568,0.001970933,0.013935279496945441,15.48773478239309
0.0018574648,0.005579174,0.0965127,0.0023876808,0.0011773008,0.02150286361575127,15.752600226551294
0.0005390086,0.0019167034,0.029194355,0.00065321795,0.0012376198,0.006708180950954557,15.23478633328341
0.006220889,0.048688352,0.11706758,0.035183106,0.0070797564,0.04284793715924025,16.49967780057341
0.0049448833,0.016288307,0.08354814,0.03414697,0.004478467,0.02868135375902057,16.00384738156572
0.07226721,0.060449626,0.2860095,0.11064837,0.09546191,0.12496732249855995,19.3738562874496
0.08025842,0.17883123,0.55768883,0.056567464,0.38196942,0.2510630749166012,23.78720762208104
0.2454289,0.1910327,0.6113699,0.13648558,0.27653247,0.2921699106693268,25.225946873426437
0.0060504177,0.010195442,0.09505673,0.0007210163,0.023660803,0.027136881253682077,15.949790843878873
0.038825296,0.043954324,0.33988565,0.07166214,0.015407746,0.10194703210145235,18.568146123550832
0.028556233,0.1330298,0.28269607,0.017852066,0.054428462,0.10331252664327623,18.615938432514668
0.04005905,0.0589624,0.29309538,0.026286801,0.015824413,0.08684560880064963,18.039596308022738
0.014880262,0.035714325,0.13668938,0.024528997,0.12674023,0.06771063916385174,17.36987237073481
0.00027031777,0.0026105759,0.024879605,0.0030333127,0.00040884054,0.006240530300419779,15.218418560514692
0.15544927,0.26544064,0.7577391,0.10732556,0.3559411,0.32837913781404493,26.493269823491573
0.01074234,0.042845037,0.14968692,0.012294091,0.022065995,0.04752687625586986,16.663440668955445
0.1389469,0.27094275,0.5579287,0.049257036,0.38283435,0.27998194321990016,24.799368012696505
0.01378071,0.057005726,0.1310205,0.056853916,0.014562843,0.05464473944157362,16.912565880455077
0.0012201751,0.004819687,0.048962183,0.0024090917,0.0012651177,0.011735250940546393,15.410733782919124
0.051875867,0.08743654,0.17173076,0.030101582,0.07561255,0.08335146009922027,17.91730110347271
0.0074216956,0.02702589,0.17577001,0.015942425,0.03787126,0.052806256897747525,16.848218991421163
0.17718983,0.2821138,0.70029676,0.1430169,0.374583,0.335440057516098,26.74040201306343
0.0144527415,0.020498931,0.11189558,0.033908825,0.015761953,0.03930360693484545,16.37562624271959
0.014673022,0.027377727,0.21780953,0.05494448,0.10756876,0.08447470422834158,17.956614647991955
0.07107096,0.14308599,0.26730067,0.03808118,0.37415364,0.17873848751187327,21.255847062915564
0.007298241,0.021281203,0.05987043,0.017259099,0.040764764,0.029294747207313777,16.025316152255982
0.0012796097,0.009621254,0.041601837,0.013078045,0.0014699901,0.013410147163085641,15.469355150707997
0.060068704,0.1344869,0.37351,0.05402185,0.03612389,0.13164226934313775,19.60747942700982
0.0010918889,0.0028852003,0.042897508,0.0013781998,0.0029171645,0.010233992198482157,15.358189726946875
0.042539366,0.043455202,0.4872363,0.014133572,0.048967205,0.12726632710546257,19.45432144869119
0.017478224,0.05708963,0.25968376,0.03327498,0.012181515,0.07594162113964559,17.657956739887595
0.029497564,0.13471512,0.2915095,0.080591634,0.032167293,0.11369622498750685,18.97936787456274
0.0020178354,0.0063057896,0.04297476,0.0022857818,0.0034010299,0.011397039098665119,15.39889636845328
0.00548979,0.011737734,0.05784177,0.0076166964,0.026126612,0.021762520540505648,15.761688218917698
0.00026340553,0.0010463683,0.024157848,0.00046613373,0.0005021225,0.005287175648845732,15.1850511477096
0.0035096968,0.0069596157,0.0664789,0.00978097,0.0045134444,0.01824852558784187,15.638698395574465
0.00852396,0.009915341,0.21809693,0.0045569767,0.005610579,0.049340756610035896,16.726926481351256
0.04443072,0.064446524,0.12717788,0.034411933,0.12595126,0.07928366363048554,17.774928227066994
0.020682933,0.013024467,0.4892411,0.00347334,0.004656794,0.10621572546660901,18.717550391331315
0.053315956,0.093832485,0.3647098,0.03470935,0.20111328,0.14953617379069328,20.233766082674265
0.0045974604,0.019831711,0.11722919,0.012321829,0.0038058606,0.03155721095390618,16.104502383386716
0.00021809354,0.0017689839,0.024173757,0.002009162,0.0005322103,0.0057404413528274745,15.200915447348962
0.0024661417,0.0049510202,0.07153807,0.0021030137,0.0025183884,0.016715326486155393,15.585036427015439
0.0020842906,0.005448908,0.05775173,0.0017253212,0.0020360646,0.013809262914583089,15.483324202010408
0.03583924,0.063843444,0.24357387,0.019887224,0.10383059,0.09339487478137015,18.268820617347956
0.062420275,0.0906489,0.4605284,0.009221191,0.12489602,0.14954295717179777,20.23400350101292
0.012957176,0.029350366,0.175843,0.028300086,0.15438473,0.08016707226634026,17.80584752932191
0.0027639961,0.01928394,0.061056726,0.020870643,0.0026083533,0.021316731395199896,15.746085598831996
0.07594217,0.17454723,0.5864859,0.10937633,0.06171484,0.20161329880356793,22.056465458124876
0.13252185,0.15283956,0.62411606,0.15611155,0.26532936,0.26618367731571196,24.31642870604992
0.05451103,0.12225047,0.28234532,0.02387872,0.3750259,0.1716022878885269,21.006080076098442
0.025814652,0.05673746,0.1704216,0.07644641,0.02335674,0.07055537179112434,17.469438012689352
0.100050695,0.20553094,0.6865062,0.09378465,0.3684442,0.2908633410930634,25.180216938257217
0.04932718,0.07113252,0.24421789,0.049222816,0.04909762,0.09259960427880287,18.2409861497581
0.0022649353,0.008072886,0.05338299,0.013507843,0.0042126705,0.016288264701142908,15.570089264540002
0.018689733,0.03780024,0.1742634,0.0244879,0.11172564,0.07339338399469852,17.56876843981445
0.027991189,0.079449326,0.16958037,0.044927213,0.01642508,0.06767463572323322,17.368612250313163
0.01901365,0.11672298,0.20802402,0.02691178,0.03187969,0.0805104248225689,17.81786486878991
0.0032350053,0.026287548,0.096236624,0.01623673,0.004405115,0.029280204419046642,16.024807154666632
0.010559876,0.011000438,0.14075308,0.005510761,0.008764523,0.03531773472204804,16.23612071527168
0.015769072,0.03432321,0.09766049,0.026304273,0.060310613,0.04687353186309338,16.640573615208268
0.07282715,0.19764172,0.75882536,0.051714696,0.24570197,0.26534217894077305,24.286976262927055
0.16314828,0.2505352,0.58453125,0.089430936,0.27998772,0.2735266759991646,24.57343365997076
0.0010862811,0.0029168702,0.03894505,0.0012148317,0.003327064,0.009498019213788213,15.332430672482587
0.021589234,0.04621833,0.18344632,0.015199002,0.010237024,0.055337981320917606,16.936829346232116
0.05138254,0.05347037,0.71393913,0.012819555,0.04220518,0.17476335540413857,21.11671743914485
0.019345732,0.03562379,0.17754057,0.00577823,0.022448806,0.05214742552489042,16.825159893371165
0.011959481,0.0297697,0.11872676,0.028346095,0.06337203,0.05043481346219778,16.765218471176922
0.0167122,0.02955243,0.28725502,0.006342911,0.062184952,0.08040950242429971,17.81433258485049
0.0006330485,0.002651542,0.029709214,0.0016318603,0.0012784493,0.007180822873488069,15.251328800572082
0.0036955713,0.008695418,0.042805996,0.0028509423,0.016870433,0.014983672183007002,15.524428526405245
0.00173706,0.008811821,0.045629155,0.018580124,0.003362556,0.015624143183231355,15.546845011413097
0.012226748,0.020549405,0.24272335,0.014622739,0.0051948186,0.05906341131776571,17.0672193961218
0.00166648,0.0036301457,0.07053113,0.0018144033,0.0020671475,0.015941861271858218,15.557965144515038
0.0020177383,0.006540963,0.05343732,0.004683838,0.0026914133,0.013874254282563924,15.485598899889737
0.008897182,0.024181893,0.105312236,0.016372642,0.00683444,0.03231967836618423,16.131188742816448
0.0011696211,0.0054113506,0.05219689,0.0017947142,0.0011216529,0.012338845804333688,15.431859603151679
0.028988319,0.05835217,0.39933544,0.03274895,0.2047537,0.1448357153683901,20.069250037893653
0.07254453,0.15950663,0.43815902,0.07897953,0.13267383,0.17637270838022234,21.17304479330778
0.004430506,0.008817454,0.05012794,0.0040888893,0.026998915,0.018892740458250047,15.661245916038752
0.1642222,0.18918487,0.51142585,0.060842384,0.20920262,0.22697558477520943,22.94414546713233
0.07006299,0.16882446,0.5559989,0.046791643,0.11573905,0.1914834126830101,21.701919443905354
0.17027935,0.2234862,0.43489772,0.06699172,0.3621827,0.25156753957271577,23.80486388504505
0.10037271,0.14974979,0.63130265,0.04196524,0.2586638,0.23641083836555485,23.27437934279442
0.0005145412,0.0019372432,0.03512274,0.00069875584,0.0007868576,0.007812027772888541,15.273420972051099
0.0059044994,0.005420505,0.33018064,0.0013423004,0.005317544,0.06963309880811722,17.437158458284102
0.0021754547,0.013268162,0.05859741,0.0077633597,0.0020987391,0.016780624678358436,15.587321863742545
0.18577607,0.2178394,0.6510849,0.061959535,0.23171611,0.2696752041578293,24.438632145524025
0.0009405683,0.006347647,0.047237724,0.003902954,0.0014377608,0.011973330820910634,15.419066578731872
0.00045770867,0.0016641159,0.028054362,0.0005327899,0.000776498,0.006297094933688641,15.220398322679102
0.005998985,0.008853872,0.0842562,0.0016768681,0.007747424,0.021706670220009987,15.75973345770035
0.0121829845,0.012492087,0.3084331,0.007585198,0.0081808,0.06977483099326492,17.442119084764272
0.15781522,0.27283406,0.3898081,0.051303696,0.3564023,0.2456326745450497,23.59714360907674
0.1051366,0.22835082,0.36756644,0.06744665,0.42850503,0.23940110802650455,23.379038780927658
0.1657241,0.33157855,0.50524807,0.10906367,0.42535764,0.3073944061994553,25.758804216980934
0.2987041,0.31080455,0.52841353,0.2648455,0.34262988,0.3490795075893402,27.217782765626907
0.076525494,0.071069874,0.4311968,0.04794375,0.21866252,0.1690796881914139,20.917789086699486
0.0031402945,0.0054685143,0.072390445,0.00096163835,0.0032423988,0.017040658101905137,15.59642303356668
0.0030601711,0.011705282,0.06594147,0.007339129,0.0033903874,0.018287287559360266,15.64005506457761
0.03218954,0.05786211,0.16746195,0.05051913,0.058845345,0.07337561473250388,17.568146515637636
0.020950275,0.06144017,0.15640081,0.026251676,0.014576626,0.05592391211539507,16.957336924038827
0.07627489,0.16581395,0.66343397,0.039840266,0.35901272,0.26087515950202944,24.13063058257103
0.011564853,0.034455873,0.09293857,0.0050578597,0.0967305,0.048149531614035374,16.685233606491238
0.003060078,0.006109202,0.05338811,0.0024933657,0.010255759,0.015061303088441492,15.527145608095452
0.0037828097,0.011731452,0.058225535,0.0037920356,0.004570639,0.0164204943459481,15.574717302108184
0.0024534224,0.015426784,0.07410274,0.008080449,0.0030909202,0.02063086247071624,15.722080186475068
0.056722213,0.12958014,0.53280854,0.030799916,0.3525589,0.22049394436180592,22.717288052663207
0.038293276,0.079203315,0.4709043,0.056586217,0.19659178,0.16831577569246292,20.891052149236202
0.115569785,0.3070588,0.39621803,0.043449305,0.48806554,0.2700722947716713,24.452530317008495
0.0030491333,0.0044589443,0.09711871,0.0012203965,0.002041306,0.02157769864425063,15.755219452548772
0.0010451116,0.007692371,0.049875926,0.006233533,0.0013025133,0.013229891005903483,15.463046185206622
0.009125461,0.010207826,0.33343467,0.004001745,0.0028411583,0.07192217232659459,17.51727603143081
0.006043923,0.01565045,0.12858519,0.008371966,0.0039519803,0.03252070164307952,16.138224557507783
0.1602389,0.24565361,0.721067,0.13736315,0.34997085,0.32285870611667633,26.30005471408367
0.007219365,0.012503286,0.06776239,0.0053010774,0.013845491,0.021326321829110387,15.746421264018863
0.015316175,0.017312396,0.21395393,0.019939283,0.008507099,0.05500577613711358,16.925202164798975
0.13280089,0.16364041,0.2496181,0.045002487,0.17714612,0.153641601651907,20.377456057816744
0.025204064,0.05365891,0.3049711,0.0075816065,0.23439828,0.12516279108822345,19.38069768808782
0.0259175,0.119921215,0.24928886,0.048125792,0.043703057,0.09739128425717354,18.408694949001074
0.0032030498,0.0068553383,0.09977901,0.004974246,0.0046331277,0.023888954333961012,15.836113401688635
0.020623045,0.041619197,0.16849352,0.012975582,0.07208045,0.06315835919231177,17.21054257173091
0.029861335,0.069109984,0.14716098,0.019299343,0.06474857,0.06603604182600975,17.31126146391034
0.014752444,0.053417612,0.15056308,0.057027917,0.0148016,0.05811252985149622,17.033938544802368
0.0026909807,0.007209672,0.06355818,0.0023581244,0.0029413705,0.015751666249707343,15.551308318739757
0.002880351,0.01776232,0.05906829,0.022141194,0.0030229664,0.020975024020299316,15.734125840710476
0.061166868,0.08318656,0.388168,0.029852025,0.22881298,0.158237287402153,20.538305059075356
0.09349107,0.1951243,0.302402,0.046529617,0.4476331,0.21703601256012917,22.59626043960452
0.075765155,0.10016702,0.34927267,0.16576436,0.057584275,0.14971069619059565,20.239874366670847
0.1886699,0.20621659,0.7837931,0.036084168,0.2562156,0.2941958710551262,25.296855486929417
0.013977604,0.023811303,0.11192772,0.035927176,0.028400347,0.04280882962048054,16.49830903671682
0.005429788,0.018327108,0.08140704,0.005415176,0.047001086,0.03151603965088725,16.103061387781054
0.0027065508,0.008089467,0.03999483,0.003096011,0.045380462,0.019853463815525177,15.694871233543381
0.08107744,0.06042604,0.5355959,0.017722405,0.054232165,0.1498107895255089,20.24337763339281
0.0017688038,0.0062163062,0.04858976,0.008297776,0.0031194552,0.013598419935442509,15.475944697740488
0.0072441846,0.025282918,0.07959934,0.048863687,0.019981852,0.036194396764039995,16.2668038867414
0.15204372,0.22453423,0.7055411,0.11340966,0.14527525,0.26816078573465346,24.38562750071287
0.002117459,0.006273546,0.05989671,0.0030839092,0.0019200642,0.014658337878063322,15.513041825732216
0.0006646243,0.0033898978,0.03333794,0.0035845477,0.0027845784,0.008752317528706045,15.306331113504712
0.09952642,0.22709963,0.4332551,0.063004054,0.4307582,0.2507286831736565,23.775503911077976
0.010136353,0.05569463,0.14777826,0.047542833,0.008288231,0.053888060525059706,16.88608211837709
0.0037671078,0.0067127026,0.050489828,0.0039755125,0.017461168,0.016481263702735307,15.576844229595736
0.0009605899,0.0026313923,0.028864698,0.0014190321,0.012804177,0.009335977898444982,15.326759226445574
0.10112607,0.084134735,0.55157715,0.022764662,0.08118026,0.16815657503902914,20.88548012636602
0.07278275,0.18424444,0.48782027,0.03217521,0.40736994,0.2368785209953785,23.290748234838247
0.14600474,0.20022207,0.25312904,0.0892133,0.330933,0.2039004296064377,22.13651503622532
0.025000181,0.040248614,0.22485264,0.008262286,0.01898864,0.06347047127783298,17.221466494724154
0.0018285043,0.0145284915,0.06555547,0.017923102,0.0030548528,0.020578083721920847,15.72023293026723
0.010594664,0.017159611,0.08728819,0.011347941,0.0278194,0.030841962061822416,16.079468672163785
0.0010401743,0.004983643,0.042014524,0.006254318,0.0018213391,0.011222799797542394,15.392797992913984
0.15069936,0.26067173,0.67632526,0.16147876,0.16373967,0.2825829565525055,24.890403479337692
0.0010194358,0.0047908276,0.053924777,0.00326173,0.0018640264,0.012972159311175346,15.454025575891137
0.007900094,0.023895398,0.0870294,0.045959778,0.009632138,0.03488336093723774,16.22091763280332
0.0016797762,0.008712228,0.052684527,0.0076743606,0.0020530557,0.014560789568349719,15.50962763489224
0.18406881,0.33638975,0.6773485,0.15555623,0.3094854,0.3325697392225266,26.63994087278843
0.12482093,0.119397536,0.4810968,0.050940115,0.20914847,0.1970807708799839,21.897826980799437
0.003851745,0.005076168,0.10050587,0.002557515,0.0053221593,0.02346269218251109,15.821194226387888
0.0021498727,0.0069073597,0.056792393,0.0023396472,0.0029170823,0.014221271034330131,15.497744486201555
0.048515856,0.06094406,0.50302017,0.054877374,0.17379475,0.16823044121265412,20.888065442442894
0.0041551744,0.009565501,0.16362077,0.0063676,0.038659334,0.04447367582470179,16.556578653864563
0.20210268,0.33477864,0.6586161,0.20237474,0.3813452,0.3558434784412384,27.454521745443344
0.0022496532,0.014056726,0.062400315,0.0119204065,0.0027613423,0.018677688669413328,15.653719103429466
0.027005235,0.03968142,0.20981087,0.07553465,0.15376066,0.1011585656553507,18.540549797937274
0.0018492761,0.0061476086,0.101911925,0.0028672596,0.0011213832,0.02277949044946581,15.797282165731303
0.0017104645,0.016095532,0.052819997,0.019125491,0.0027490398,0.018500104965642097,15.647503673797473
0.0014805807,0.01075248,0.057331134,0.00543821,0.0015143891,0.015303358575329185,15.535617550136521
0.001651757,0.0032680659,0.04448164,0.0011793306,0.0052916873,0.011174495937302707,15.391107357805595
0.0022096932,0.0072571654,0.053503286,0.0019187615,0.0032320083,0.013624182902276518,15.476846401579678
0.008415114,0.018200643,0.13030519,0.0073691597,0.007562768,0.03437057426199317,16.20297009916976
0.0044409125,0.010031913,0.07576195,0.00455654,0.003658998,0.019690063083544377,15.689152207924053
0.14927067,0.32027578,0.7180174,0.100284114,0.34177628,0.3259248495101929,26.40736973285675
0.003864588,0.008080262,0.10101072,0.0024929992,0.004594799,0.024008673103526237,15.840303558623418
0.12229276,0.21731429,0.37547964,0.07224059,0.38211107,0.23388766944408418,23.186068430542946
0.18805188,0.1543521,0.6883177,0.040952772,0.21243362,0.2568216174840927,23.988756611943245
0.051176917,0.06641786,0.52795094,0.10921507,0.22076537,0.19510523155331613,21.828683104366064
0.0012307117,0.006054594,0.043486696,0.0083707385,0.0016798386,0.012164515745826067,15.425758051103912
0.00087851146,0.0037471575,0.028874764,0.0021414114,0.0027683526,0.007682039448991418,15.2688713807147
0.00064668106,0.0020266832,0.03661731,0.0008844964,0.0015019035,0.008335414598695934,15.291739510954358
0.00097277743,0.003996277,0.04999554,0.0013441324,0.0011045629,0.011482658295426518,15.401893040339928
0.10085607,0.12154931,0.41775998,0.049404908,0.1423964,0.16639333590865132,20.823766756802797
0.0014178912,0.010680815,0.05163315,0.009522058,0.0012944427,0.014909671316854656,15.521838496089913
0.0046938923,0.011689307,0.048639752,0.00620121,0.021983426,0.018641517497599125,15.65245311241597
0.056787968,0.27362892,0.4565379,0.10975601,0.092406295,0.19782341867685319,21.92381965368986
0.09634073,0.14486207,0.5179973,0.020378761,0.15123907,0.18616359084844591,21.515725679695606
0.022493428,0.035640843,0.18156888,0.017888127,0.044153538,0.06034896224737168,17.11221367865801
0.00046461564,0.005168307,0.03844559,0.0036603645,0.0004561626,0.009639007621444763,15.337365266750567
0.12966934,0.29327685,0.72657526,0.06968107,0.38454106,0.3207487151026726,26.22620502859354
0.041958548,0.09480049,0.3556546,0.02155924,0.26658553,0.15611168034374714,20.46390881203115
0.12763612,0.28871349,0.5871046,0.09202611,0.17980787,0.2550576403737068,23.92701741307974
0.038095497,0.07173273,0.26967764,0.10498348,0.027842643,0.10246639735996724,18.586323907598853
0.0037834782,0.009104074,0.08994991,0.003871676,0.003697261,0.022081280499696734,15.772844817489386
0.0074865064,0.022974469,0.093968235,0.020018281,0.04726182,0.03834186214953661,16.34196517523378
0.0011406124,0.008161107,0.05059992,0.008690565,0.0019423824,0.014106917660683393,15.493742118123919
0.0203506,0.046534654,0.15095147,0.02437455,0.05492109,0.059426473826169966,17.07992658391595
0.028669614,0.06643455,0.2495486,0.032813597,0.10123354,0.09573998004198075,18.350899301469326
0.016264806,0.015152224,0.19648282,0.023489183,0.008993517,0.05207651033997536,16.822677861899137
0.12295722,0.111576565,0.53779733,0.051794954,0.26972076,0.21876936703920366,22.656927846372128
0.034910027,0.0520942,0.5400123,0.044985194,0.08913593,0.1522275298833847,20.327963545918465
0.012650707,0.045907203,0.16282968,0.02905564,0.010368597,0.052162365801632415,16.825682803057134
0.03347886,0.040391944,0.31644565,0.017705861,0.16349193,0.11430284976959229,19.00059974193573
0.008765505,0.027680514,0.111108735,0.009245627,0.00920365,0.033200806193053725,16.16202821675688
0.13205479,0.26461777,0.6674134,0.052070286,0.24892119,0.2730154894292355,24.55554213002324
0.11019088,0.26120448,0.47848818,0.055336606,0.4453753,0.2701190881431103,24.45416808500886
0.0011069082,0.0032955597,0.039657906,0.002376398,0.002034449,0.009694244130514562,15.33929854456801
0.0029318512,0.008776541,0.0629058,0.0022682208,0.004699815,0.016316446242854,15.57107561849989
0.0026125058,0.0047143693,0.08358627,0.001462947,0.0020189083,0.018878999701701107,15.660764989559539
0.011131861,0.08632122,0.20447017,0.07306601,0.012989465,0.07759574595838786,17.715851108543575
0.017806374,0.04051479,0.13572584,0.014392607,0.01310165,0.04430825226008892,16.550788829103112
0.021904837,0.027094468,0.1297174,0.01354307,0.026390119,0.043729977868497374,16.530549225397408
0.07231989,0.1463461,0.3332849,0.076185085,0.35124704,0.195876607298851,21.855681255459785
0.010773188,0.019206403,0.43435583,0.0057158037,0.04932062,0.10387436794117094,18.635602877940983
0.0108220875,0.03522067,0.11201172,0.018935652,0.0058369692,0.03656542077660561,16.279789727181196
0.09466834,0.09948829,0.52501947,0.08495044,0.075859554,0.17599721848964692,21.159902647137642
0.09055985,0.1595945,0.65556717,0.06797401,0.300373,0.25481370389461516,23.91847963631153
0.0076005985,0.019818567,0.14241177,0.01552299,0.0033887203,0.0377485288772732,16.321198510704562
0.012429854,0.015018296,0.2817779,0.008394834,0.0061711296,0.06475840043276548,17.266544015146792
0.0030621546,0.0058996845,0.05217163,0.00094350596,0.017905207,0.0159964362741448,15.559875269595068
0.007825001,0.0077365446,0.2316584,0.0022945723,0.005200075,0.05094291842542589,16.783002144889906
0.0042438637,0.009494377,0.047054887,0.003986272,0.033386886,0.01963325720280409,15.687164002098143
0.04564194,0.1104589,0.42564762,0.06496144,0.033657633,0.13607350662350653,19.76257273182273
0.003490876,0.012344997,0.0669651,0.012458521,0.004210001,0.01989389965310693,15.696286487858742
0.043312795,0.044768035,0.19647387,0.009882762,0.10901286,0.08069006334990264,17.824152217246592
0.005148125,0.02076917,0.09914945,0.0069526555,0.026181081,0.031640096381306645,16.107403373345733
0.06451479,0.06477728,0.42864043,0.03651744,0.19787204,0.15846439599990844,20.546253859996796
0.004342648,0.006773179,0.10481089,0.0008043308,0.014867964,0.026319803134538237,15.921193109708838
0.0032742834,0.011605579,0.08086146,0.008896286,0.002796582,0.021486837416887283,15.752039309591055
0.11957834,0.13461542,0.5986115,0.040719867,0.27510488,0.23372599631547933,23.180409871041775
0.010297541,0.01624207,0.15084444,0.012235136,0.016545245,0.041232886351644994,16.443151022307575
0.25699252,0.30323958,0.44926015,0.22824804,0.40872842,0.32929374277591705,26.525280997157097
0.14420795,0.23556378,0.7091273,0.08122258,0.2861027,0.2912448674440384,25.193570360541344
0.14935894,0.23789282,0.6870717,0.107373245,0.1897495,0.2742892369627953,24.600123293697834
0.002336294,0.009045539,0.044388425,0.00188197,0.048821352,0.02129471607040614,15.745315062464215
0.039508495,0.05757365,0.6335839,0.013932048,0.051235713,0.15916676204651595,20.570836671628058
0.028125517,0.04040172,0.6607689,0.014282745,0.015815163,0.1518788142129779,20.315758497454226
0.039347902,0.06376308,0.15498894,0.035693005,0.16068742,0.09089607000350952,18.181362450122833
0.0014941876,0.0042694467,0.034234185,0.0025966035,0.0076363967,0.010046163853257893,15.351615734864026
0.0036344945,0.00897997,0.049601004,0.0012903799,0.01062155,0.014825479430146516,15.518891780055128
0.017731689,0.020804504,0.10400072,0.0031460496,0.020289732,0.03319453839212656,16.16180884372443
0.0022984354,0.007991959,0.074712835,0.0012701536,0.025740948,0.022402866231277584,15.784100318094715
0.05352456,0.13030407,0.3022496,0.019264871,0.21156338,0.14338129796087742,20.01834542863071
0.0017899215,0.0076687587,0.06513247,0.004030167,0.001095309,0.015943325078114867,15.55801637773402
0.00996882,0.016952707,0.50348383,0.007115349,0.13251819,0.13400777895003557,19.690272263251245
0.1869321,0.20701289,0.32245657,0.07050509,0.30502477,0.218386285007,22.643519975245
0.00043669515,0.004085853,0.02988265,0.0043367576,0.0007114286,0.007890677073737607,15.276173697580816
0.21476339,0.31915918,0.4303105,0.09772324,0.3702482,0.28644089847803117,25.02543144673109
0.17542513,0.29367644,0.6418952,0.10425015,0.3453371,0.31211679577827456,25.92408785223961
0.101335526,0.11734142,0.62872475,0.03612272,0.04447431,0.18559974655508996,21.49599112942815
0.039197255,0.06894011,0.70502657,0.028413272,0.2619973,0.22071490325033666,22.725021613761783
0.10225035,0.29098186,0.53404737,0.044798203,0.4029429,0.2750041350722313,24.625144727528095
0.09126785,0.12104363,0.5510592,0.09933074,0.26361457,0.22526319324970245,22.884211763739586
0.0039269417,0.009780001,0.047144998,0.0025177058,0.03526558,0.019727045204490423,15.690446582157165
0.013114276,0.012946741,0.16542993,0.017071526,0.007898513,0.043292198330163956,16.51522694155574
0.002515332,0.014681778,0.059274696,0.024494957,0.003853855,0.020964123588055376,15.733744325581938
0.11775352,0.17223641,0.6218036,0.08117364,0.3405801,0.2667094528675079,24.334830850362778
0.01903894,0.11228544,0.2404446,0.032523893,0.024996422,0.08585785962641239,18.005025086924434
0.089123815,0.26125282,0.73191893,0.10631885,0.1428069,0.2662842631340027,24.319949209690094
0.08219684,0.28690705,0.61498433,0.041217864,0.40802905,0.28666702657938004,25.0333459302783
0.00045271983,0.0044200527,0.029739756,0.006066854,0.00072212477,0.008280301518971103,15.289810553163989
0.06835646,0.20148288,0.46248254,0.110491775,0.05474268,0.17951126694679262,21.28289434313774
0.018278705,0.027638216,0.17016844,0.0047125486,0.033735316,0.0509066459722817,16.78173260902986
0.026314124,0.024256166,0.41991296,0.012217871,0.010299052,0.09860003553330898,18.451001243665814
0.0033159193,0.016059529,0.056972697,0.027463831,0.004248067,0.02161200870759785,15.756420304765925
0.00735553,0.037842203,0.09116503,0.032648344,0.006192638,0.03504074858501554,16.226426200475544
0.0033060294,0.010165113,0.05542887,0.0025530062,0.004538936,0.015198390930891039,15.531943682581186
0.025992217,0.029783895,0.29499507,0.024314795,0.012324435,0.07748208213597538,17.711872874759138
0.0010135015,0.0054184925,0.0408919,0.007859974,0.0013172784,0.011300229444168508,15.395508030545898
0.0016331784,0.008269056,0.055994023,0.008516866,0.0026466867,0.015411961870267988,15.53941866545938
0.10858421,0.14829321,0.48405996,0.045528967,0.3456939,0.22643204703927042,22.925121646374464
0.09943667,0.28383264,0.50258833,0.055913396,0.46306363,0.28096693307161336,24.833842657506466
0.12178705,0.27936268,0.583896,0.15955096,0.14856331,0.2586319968104363,24.05211988836527
0.10935561,0.11262559,0.37168044,0.026764045,0.09706296,0.14349772967398167,20.02242053858936
0.0630323,0.10637858,0.46135786,0.020200636,0.19508597,0.16921106949448586,20.922387432307005
0.052393284,0.1508943,0.41029003,0.078744434,0.12732957,0.1639303244650364,20.737561356276274
0.17899212,0.23975436,0.5975359,0.10013793,0.36745968,0.29677600115537645,25.387160040438175
0.004525986,0.0051665963,0.22207077,0.001250048,0.0025569033,0.04711406042333692,16.648992114816792
0.0058656526,0.014694172,0.15043761,0.0083439695,0.047957983,0.045459877047687766,16.591095696669072
0.0008649852,0.004731366,0.047061823,0.0026345253,0.0011673076,0.011292001476977022,15.395220051694196
0.07109796,0.12988593,0.30414152,0.024437176,0.20669647,0.1472518105059862,20.153813367709517
0.025088605,0.06049557,0.2117204,0.069524914,0.045861088,0.08253811672329903,17.888834085315466
0.10423221,0.08962174,0.52956074,0.082940765,0.0555794,0.17238697111606596,21.03354398906231
0.10257441,0.22053812,0.4934609,0.05958204,0.1543441,0.20609991252422333,22.213496938347816
0.15970564,0.34814182,0.45695618,0.09167517,0.4522183,0.3017394199967385,25.560879699885845
0.18002251,0.18591557,0.57990247,0.12786435,0.22808568,0.2603581160306931,24.112534061074257
0.102814585,0.22567578,0.45899683,0.07957226,0.11486747,0.19638538509607317,21.87348847836256
0.00076774036,0.0070283255,0.038734447,0.009376959,0.0013001071,0.011441515816841274,15.400453053589445
0.027403068,0.06309335,0.2013127,0.013284127,0.03425731,0.06787011232227087,17.37545393127948
0.0019222953,0.014213544,0.05586387,0.013457554,0.0020067624,0.017492804978974163,15.612248174264096
0.0033602938,0.0033783026,0.24103558,0.0010962214,0.0015426546,0.0500826105941087,16.752891370793805
0.02209609,0.056680094,0.4425613,0.029467203,0.24995144,0.16015122458338737,20.605292860418558
0.10947129,0.20717372,0.5398101,0.061182383,0.24772279,0.23307206109166148,23.15752213820815
0.0013628964,0.002949947,0.04083304,0.00079721067,0.0028423215,0.009757083340082318,15.341497916902881
0.008098019,0.021145815,0.066671304,0.0042539747,0.018206952,0.023675213102251295,15.828632458578795
0.17130934,0.18590996,0.49725014,0.055792604,0.32477382,0.24700717106461526,23.645250987261534
0.12186597,0.16669844,0.48418802,0.15977725,0.064707406,0.19944741874933244,21.980659656226635
0.0046221367,0.033592083,0.107062556,0.034108616,0.008247163,0.037526510935276744,16.313427882734686
0.17625928,0.2686086,0.6176792,0.10020371,0.37663502,0.30787715613842015,25.775700464844704
0.038488366,0.09631044,0.16988894,0.047756296,0.045174193,0.07952364683151246,17.783327639102936
0.0022648748,0.015660068,0.08695118,0.008948838,0.0027457804,0.02331414856016636,15.815995199605823
0.0008584097,0.001988727,0.03269052,0.00060758926,0.0020804328,0.007645136001519859,15.267579760053195
0.056540657,0.13149583,0.5221905,0.033812266,0.16060664,0.18092918097972874,21.332521334290504
0.0018126994,0.008343149,0.05088544,0.010844295,0.0018234071,0.014741797861643135,15.51596292515751
0.14239123,0.2036389,0.4778444,0.090459324,0.1914401,0.22115478962659835,22.740417636930943
0.02877363,0.12821326,0.30124387,0.077644445,0.035263658,0.11422777213156222,18.997972024604678
0.070631385,0.08239363,0.73092043,0.01688758,0.06776313,0.1937192313373089,21.78017309680581
0.069359325,0.09447625,0.60718256,0.037896592,0.05714474,0.17321189418435096,21.062416296452284
0.00059173116,0.0019770844,0.031275686,0.0013686905,0.0015010722,0.007342852838337422,15.25699984934181
0.0039388854,0.008818099,0.05671535,0.0018615013,0.005134416,0.015293650468811393,15.535277766408399
0.15650637,0.18135077,0.77819926,0.036011916,0.17417224,0.26524811014533045,24.283683855086565
0.010333642,0.0154099455,0.47867364,0.0044550514,0.004823272,0.10273910965770483,18.59586883801967
0.16975015,0.2346305,0.33948568,0.047802318,0.2266569,0.20366510823369027,22.12827878817916
0.0002449338,0.00199916,0.027037516,0.0019381404,0.0003240717,0.006308764428831637,15.220806755009107
0.023959119,0.03233095,0.29297745,0.020254388,0.011297269,0.0761638354510069,17.66573424078524
0.0076175006,0.018612666,0.059605233,0.004702002,0.019174805,0.02194244135171175,15.767985447309911
0.22629824,0.32485673,0.7053794,0.15062673,0.3577106,0.352974346280098,27.35410211980343
0.0009568134,0.0030820565,0.04061763,0.0022055244,0.0021969676,0.009811798355076461,15.343412942427676
0.003372018,0.011284897,0.06833423,0.009214475,0.004064644,0.019254052685573696,15.67389184399508
0.0009405737,0.0024709594,0.036546055,0.0008507626,0.0015136913,0.008464408444706351,15.296254295564722
0.14630932,0.33355245,0.68164825,0.16463271,0.39064378,0.34335730075836185,27.017505526542664
0.0012761822,0.012492405,0.10971408,0.01130663,0.005476755,0.028053211281076074,15.981862394837663
0.0015477116,0.0035022136,0.04218702,0.00083733886,0.0029097812,0.010196813079528511,15.356888457783498
0.005760471,0.010360483,0.079617195,0.0022565543,0.0063322005,0.020865380717441442,15.73028832511045
0.008332165,0.007926103,0.24129438,0.004332298,0.003841133,0.05314521654509008,16.860082579078153
0.0006238365,0.0018799898,0.026482198,0.0010149456,0.009294193,0.007859032682608813,15.275066143891308
0.015124242,0.025903143,0.2913554,0.005457095,0.0074772853,0.06906343325972557,17.417220164090395
0.076191545,0.1837688,0.45442212,0.048775315,0.0934396,0.1713194742798805,20.99618159979582
0.19847037,0.23830666,0.5824895,0.14872383,0.22978987,0.27955604195594785,24.784461468458176
0.0012641792,0.0025623646,0.03589518,0.0009957294,0.0052022906,0.009183948743157089,15.321438206010498
0.100035295,0.12429924,0.6613884,0.031189092,0.26911393,0.23720519095659257,23.30218168348074
0.00397511,0.008164403,0.06491262,0.0026627965,0.020158477,0.019974680803716182,15.699113828130066
0.004948352,0.017568775,0.06732851,0.04466938,0.013443918,0.02959178714081645,16.035712549928576
0.0020532773,0.00692843,0.11513347,0.0017186472,0.037763484,0.03271946201566607,16.145181170548312
0.031061364,0.06841768,0.31610793,0.035350468,0.01820091,0.09382767081260682,18.28396847844124
0.109393775,0.07330425,0.44872802,0.05137278,0.03462338,0.14348444268107416,20.021955493837595
0.17834097,0.33394268,0.5156722,0.07113308,0.39430067,0.298677921295166,25.45372724533081
0.0022427337,0.006348453,0.03762916,0.0033014666,0.00564766,0.011033894820138812,15.386186318704858
0.0039105476,0.014294002,0.067799784,0.013480883,0.004021754,0.02070139423012734,15.724548798054457
0.0042873123,0.0052137678,0.1825201,0.0013446208,0.0043788804,0.0395489375339821,16.384212813689373
0.074668065,0.15724961,0.44620812,0.040055912,0.25255904,0.19414814934134483,21.79518522694707
0.12765403,0.24252899,0.5440011,0.060910247,0.30774137,0.2565671488642693,23.979850210249424
0.00430182,0.020892339,0.07625097,0.015398778,0.008611512,0.025091083906590938,15.878187936730683
0.2061109,0.3722422,0.7453345,0.105044894,0.3775411,0.361254720389843,27.643915213644505
0.009770567,0.028912226,0.10543371,0.024876561,0.010128795,0.035824371688067916,16.253853009082377
0.0012878083,0.008351059,0.0475082,0.008192802,0.0017384224,0.01341565800830722,15.469548030290753
0.0027895295,0.0049675526,0.09701393,0.0010687221,0.0031577311,0.021799492673017087,15.762982243555598
0.0032526152,0.005324937,0.046095904,0.0015697449,0.00751292,0.012751224217936398,15.446292847627774
0.12768048,0.15744846,0.8503646,0.02030859,0.12958804,0.2570780377835036,23.997731322422624
0.15053235,0.1230794,0.43755627,0.12131596,0.09767171,0.18603113740682603,21.51108980923891
0.015970966,0.04110485,0.121320136,0.04791681,0.02361803,0.04998615831136704,16.749515540897846
0.09369177,0.24141172,0.5367379,0.25413635,0.18381457,0.26195846647024157,24.168546326458454
0.0013695674,0.0028900742,0.091397256,0.0006913669,0.006789726,0.02062759805703536,15.721965931996237
0.0032766028,0.014219056,0.07889637,0.0119037265,0.008207815,0.02330071469768882,15.815525014419109
0.00048574328,0.0026487517,0.032311533,0.0027117517,0.0007750815,0.0077865721774287525,15.272530026210006
0.15175171,0.2571913,0.6309709,0.10798366,0.3677602,0.3031315565109253,25.609604477882385
0.0151408855,0.026341604,0.25399902,0.02777959,0.08495952,0.08164412528276445,17.857544384896755
0.0056884415,0.018526724,0.10538459,0.022949057,0.004536928,0.03141714762896299,16.099600167013705
0.04426369,0.05059007,0.32718992,0.02097843,0.064869344,0.1015782918781042,18.555240215733647
0.0066178655,0.02179598,0.1570196,0.011352634,0.0057096607,0.040499148238450286,16.41747018834576
0.015429688,0.056940325,0.16181071,0.019652357,0.009887914,0.05274419896304608,16.846046963706613
0.0017925433,0.004473892,0.04589496,0.0008693993,0.0041974457,0.011445648432709276,15.400597695144825
0.003056471,0.0056237155,0.12929225,0.0023629912,0.0050234823,0.029071781923994424,16.017512367339805
0.17520767,0.20955217,0.6917033,0.095398545,0.2865284,0.2916780233383179,25.208730816841125
0.055273015,0.06283992,0.30273044,0.01667506,0.15632753,0.11876919306814672,19.156921757385135
0.047498975,0.08260869,0.51631457,0.07060134,0.30076793,0.203558299690485,22.124540489166975
0.0006714813,0.0036142338,0.031734437,0.004644003,0.00145328,0.008423487015534192,15.294822045543697
0.016224906,0.02769739,0.17589337,0.0753613,0.024882745,0.0640119407325983,17.24041792564094
0.102472715,0.27198556,0.5849736,0.1681333,0.17054574,0.2596221789717674,24.08677626401186
0.0007095436,0.0017750653,0.032853052,0.00075406895,0.0014387936,0.0075061046984046705,15.262713664444163
0.0072130444,0.02351028,0.09422932,0.044650573,0.0055535235,0.03503134772181511,16.22609717026353
0.00412973,0.027120184,0.09098987,0.028134782,0.0071822423,0.03151136226952076,16.102897679433227
0.002842396,0.009098311,0.061122,0.009511271,0.011985451,0.018911885749548673,15.661916001234204
0.0028639582,0.01202214,0.07628423,0.0071073123,0.0021957303,0.02009467422030866,15.703313597710803
0.021716755,0.063249715,0.14690912,0.009332708,0.089174844,0.06607662793248892,17.312681977637112
0.0073117916,0.01820262,0.07064882,0.035328172,0.020971201,0.03049252079799771,16.06723822792992
0.09893307,0.14967398,0.48197904,0.052171133,0.264156,0.20938264876604082,22.328392706811428
0.007704162,0.022861142,0.085039996,0.006655217,0.0071504423,0.02588219176977873,15.905876711942255
0.059296146,0.05975328,0.440143,0.12015898,0.17382216,0.17063471153378487,20.97221490368247
0.006744718,0.0116264,0.055659376,0.008602561,0.019453783,0.020417367666959764,15.714607868343592
0.023902304,0.064711705,0.1353796,0.009484656,0.032622427,0.05322013795375824,16.86270482838154
0.034421846,0.084571145,0.1861131,0.10358136,0.031080069,0.08795350529253483,18.07837268523872
0.06895791,0.22578837,0.38191292,0.14108138,0.07463876,0.17847586721181868,21.246655352413654
0.09913099,0.31839442,0.5482434,0.046188794,0.4240447,0.2872004613280297,25.052016146481037
0.00043939913,0.0067052986,0.036864087,0.0059188157,0.0006064706,0.010106814204482362,15.353738497156883
0.025245452,0.020462584,0.20714198,0.008348721,0.011137069,0.054467161372303965,16.90635064803064
0.008873771,0.034694463,0.20445932,0.04940876,0.010038433,0.06149495020508766,17.152323257178068
0.01964327,0.037310194,0.11317406,0.01122926,0.021277007,0.040526757761836056,16.418436521664262
0.19575822,0.2921165,0.7546879,0.07766451,0.3192335,0.32789212763309483,26.476224467158318
0.0054057334,0.00505911,0.24197493,0.0013125626,0.0035936232,0.051469192816875876,16.801421748590656
0.015892342,0.015065254,0.36196384,0.011507932,0.007079797,0.08230183254927396,17.88056413922459
0.0009036039,0.007000307,0.04175935,0.007916301,0.0012896064,0.011773833481129259,15.412084171839524
0.14356656,0.24171458,0.6099133,0.071183495,0.2599722,0.26527002900838853,24.284451015293598
0.074156664,0.1436475,0.6315509,0.07757762,0.32446033,0.25027860552072523,23.759751193225384
0.00035778762,0.0012260695,0.025187908,0.00043697958,0.00074873824,0.005591496540000663,15.195702378900023
0.014106311,0.03841608,0.120582946,0.018020643,0.01178802,0.040582799911499025,16.420397996902466
0.01662161,0.023823021,0.66576827,0.005807918,0.06950712,0.15630558738484981,20.470695558469743
0.00073540886,0.004083578,0.038930953,0.00313986,0.0009377098,0.009565501846373083,15.334792564623058
0.13362356,0.30417672,0.62748384,0.06028842,0.37925202,0.30096491128206254,25.53377189487219
0.09239172,0.10990927,0.21804872,0.0731412,0.17140931,0.1329800456762314,19.6543015986681
0.14088844,0.3450808,0.61588925,0.058274973,0.33369154,0.2987649984657765,25.456774946302176
0.006830715,0.02421531,0.15915504,0.0069721,0.010475441,0.041529721580445766,16.453540255315602
0.009280636,0.017229814,0.08505414,0.0075028227,0.033208556,0.03045519320294261,16.06593176210299
0.0007787339,0.0018351253,0.02932192,0.0003879533,0.002751597,0.007015065918676556,15.24552730715368
0.0042924387,0.011032648,0.13128676,0.036504306,0.033351608,0.04329355116933585,16.515274290926754
0.04621482,0.08655797,0.16912481,0.020500401,0.23107708,0.11069501526653767,18.87432553432882
0.0029309315,0.011930582,0.1652611,0.009172348,0.06471035,0.050801063096150754,16.778037208365276
0.09259218,0.18280073,0.5275845,0.116586976,0.0975595,0.20342477411031726,22.119867093861103
0.12480655,0.15475656,0.67593104,0.041232612,0.24887882,0.24912111684679986,23.719239089637995
0.054572046,0.112279475,0.44145605,0.031220632,0.31549186,0.19100401140749457,21.68514039926231
0.0015391588,0.004105287,0.062925816,0.001283421,0.011557833,0.016282303142361343,15.569880609982647
0.0063634017,0.024041556,0.10474363,0.009364273,0.0049033994,0.02988325199112296,16.045913819689304
0.0045452183,0.020419171,0.083027124,0.015520586,0.0038314168,0.025468703266233204,15.891404614318162
0.042350836,0.027472805,0.2864589,0.026671482,0.025780432,0.08174689300358295,17.861141255125403
0.042247187,0.082929626,0.47602448,0.024612892,0.30254847,0.18567253053188326,21.498538568615913
0.11116267,0.15723057,0.3582175,0.035363145,0.33122307,0.1986393928527832,21.952378749847412
0.1032253,0.2571984,0.75719064,0.09835337,0.37740296,0.3186741337180138,26.15359468013048
0.2752951,0.26246563,0.5393116,0.18861836,0.32906204,0.3189505457878113,26.163269102573395
0.01046194,0.0094209565,0.44145048,0.0024852336,0.007855856,0.09433489260263742,18.30172124109231
0.012888542,0.030044142,0.12904415,0.02361355,0.060782716,0.051274619065225124,16.79461166728288
0.0034483597,0.01621407,0.07593231,0.0038019451,0.007536181,0.02138657309114933,15.748530058190227
0.25140435,0.2894859,0.5253772,0.123410925,0.24334635,0.2866049468517303,25.031173139810562
0.00053673587,0.0031526184,0.029883673,0.004361715,0.00079355447,0.0077456594677642,15.271098081371747
0.035341825,0.14644746,0.3880117,0.10422261,0.024420932,0.1396889053285122,19.889111686497927
0.0021022293,0.01166068,0.064771324,0.007329125,0.0023983081,0.017652333388105037,15.617831668583676
0.02458097,0.033885926,0.5902557,0.007929884,0.024417091,0.13621390983462334,19.767486844211817
0.0087532,0.019226901,0.082222834,0.008894776,0.010855937,0.025990729779005052,15.909675542265177
0.00030820875,0.0034861614,0.02775108,0.003499971,0.00043415447,0.007095915253739805,15.248357033880893
0.018180247,0.040211216,0.11697229,0.0075359484,0.10948054,0.058476047776639464,17.04666167218238
0.064942256,0.100527674,0.20538534,0.037720226,0.105865724,0.10288824439048767,18.60108855366707
0.00484014,0.019332688,0.11512669,0.0068395426,0.005201523,0.030268117226660257,16.05938410293311
0.002546908,0.0031077615,0.1260546,0.00061605906,0.0021314176,0.0268913492327556,15.941197223146446
0.07948926,0.17774582,0.512968,0.032296766,0.39857912,0.24021579399704934,23.407552789896727
0.028930206,0.048737895,0.1480428,0.03272159,0.10669187,0.07302487120032311,17.55587049201131
0.002589602,0.0050673303,0.06764262,0.0021687339,0.0028255603,0.016058769635856153,15.562056937254965
0.002060398,0.009693748,0.06011077,0.0054954244,0.0020618339,0.015884434944018724,15.555955223040655
0.000819264,0.0020174733,0.030655377,0.0006430378,0.0021331415,0.007253658643458039,15.253878052521031
0.0017592006,0.00904586,0.075810894,0.005468665,0.0017573837,0.018768400722183286,15.656894025276415
0.14266331,0.3172096,0.6385933,0.06848083,0.39904222,0.31319785565137864,25.961924947798252
0.028471136,0.05885397,0.14824113,0.030746916,0.16367793,0.08599821701645852,18.009937595576048
0.023850083,0.09353262,0.15819348,0.08381692,0.033665568,0.0786117359995842,17.751410759985447
0.0005014679,0.0021752745,0.0277172,0.0016031205,0.0014333546,0.006686083332169801,15.234012916625943
0.0051881545,0.014890835,0.12357484,0.0029947315,0.004159788,0.03016166938468814,16.055658428464085
0.06780235,0.19427909,0.49550498,0.102639,0.069066554,0.18585839271545412,21.505043745040894
0.067147166,0.066258706,0.45814103,0.026429415,0.11893816,0.14738289564847948,20.15840134769678
0.002901935,0.0052511315,0.18193325,0.0019549457,0.005683686,0.03954499047249555,16.384074666537344
0.008174403,0.01868557,0.13886096,0.0090984665,0.008989328,0.03676174450665712,16.286661057733
0.007894057,0.016891705,0.0689737,0.016324576,0.01832667,0.025682141073048115,15.898874937556684
0.020694891,0.021969771,0.29668564,0.013522483,0.0065229754,0.07187915137037636,17.515770297963172
0.013259218,0.015342814,0.30762798,0.007195235,0.02003014,0.07269107680767775,17.54418768826872
0.054115057,0.06845615,0.21564484,0.02560721,0.14978802,0.10272225514054299,18.595278929919004
0.04165575,0.08349335,0.22603473,0.022391235,0.26725996,0.12816700451076032,19.48584515787661
0.0028986807,0.0046058195,0.18983015,0.0006157896,0.011838336,0.04195775591069833,16.46852145687444
0.023829183,0.072708435,0.26861566,0.017223945,0.07313215,0.09110187515616416,18.188565630465746
0.07217312,0.10391839,0.38188773,0.054957382,0.25700954,0.17398923188447954,21.089623115956783
0.0062982617,0.06414084,0.15551475,0.04897059,0.012611256,0.0575071394443512,17.012749880552292
0.0044762436,0.005677631,0.2587351,0.0012302634,0.0059313136,0.05521010844968259,16.93235379573889
0.0690788,0.16110645,0.22270557,0.035617806,0.3263123,0.16296418756246567,20.7037465646863
0.02280016,0.051471785,0.18925644,0.01561484,0.16599858,0.08902836162596942,18.11599265690893
0.051879264,0.18419929,0.40878403,0.08803356,0.049056057,0.15639043971896172,20.47366539016366
0.1200037,0.2340534,0.71368855,0.07475784,0.13076772,0.25465424209833143,23.9128984734416
0.02124454,0.045903884,0.19219801,0.020655436,0.18140301,0.0922809761017561,18.229834163561463
0.06293098,0.0414907,0.53893304,0.02127849,0.022940142,0.13751466982066632,19.81301344372332
0.17729326,0.16813259,0.46304432,0.13036011,0.26283073,0.24033220112323764,23.411627039313316
0.19885325,0.1920476,0.7173802,0.03880353,0.22998059,0.27541303858160976,24.63945635035634
0.0012093075,0.0055014943,0.038447,0.004167457,0.0017765361,0.010220359009690583,15.35771256533917
0.0076688207,0.013813859,0.22891499,0.004135525,0.0026710315,0.051440845383331185,16.80042958841659
0.0016160181,0.010178604,0.052859828,0.010347008,0.0020021952,0.015400730632245542,15.539025572128594
0.02009989,0.13014907,0.24789359,0.02678257,0.03067004,0.09111903049051762,18.189166067168117
0.004244736,0.0057711336,0.090886116,0.001061358,0.0051678754,0.02142624380066991,15.749918533023447
0.0016832968,0.0042052898,0.037693806,0.0015416024,0.004104045,0.009845608030445874,15.344596281065606
0.07295954,0.0756315,0.2697781,0.06490564,0.12824847,0.12230465114116669,19.280662789940834
0.08720686,0.109639965,0.42702016,0.061975934,0.2933753,0.19584364742040636,21.854527659714222
0.09490562,0.09899717,0.44262043,0.03247483,0.2348828,0.1807761698961258,21.327165946364403
0.18331428,0.16687112,0.6560811,0.09798443,0.16200216,0.2532506138086319,23.863771483302116
0.006547693,0.032112926,0.08908852,0.022341294,0.008784426,0.031774972379207615,16.112124033272266
0.0061114924,0.01995341,0.084693536,0.015881063,0.0046007438,0.02624804899096489,15.918681714683771
0.0068342034,0.0122748185,0.05855202,0.005506367,0.017930388,0.020219559315592054,15.707684576045722
0.0030332622,0.0071082884,0.12981106,0.0020838869,0.001280332,0.028663366567343477,16.00321782985702
0.0012409396,0.009202594,0.045602366,0.0114026535,0.001549517,0.013799614086747168,15.482986493036151
0.010189977,0.010830921,0.2740956,0.003975631,0.0050312034,0.06082466542720795,17.128863289952278
0.1058474,0.23209482,0.59505236,0.10398341,0.11611493,0.23061858564615248,23.071650497615337
0.10454694,0.26609498,0.5073249,0.041565064,0.27315143,0.23853665813803673,23.348783034831285
0.14940692,0.23561801,0.6253197,0.06902803,0.32538798,0.2809521332383156,24.833324663341045
0.119729705,0.1435173,0.55969286,0.07302743,0.30363917,0.23992129415273666,23.397245295345783
0.09174601,0.26298785,0.54978967,0.0342357,0.27638277,0.24302840083837512,23.505994029343128
0.017028028,0.058166277,0.15959053,0.005319025,0.073096685,0.06264010844752192,17.192403795663267
0.0022013402,0.017918779,0.052213684,0.024640495,0.0025271932,0.01990029811859131,15.696510434150696
0.12925735,0.2695596,0.7003623,0.09835002,0.34133548,0.3077729523181915,25.772053331136703
0.008606556,0.018370252,0.08417422,0.0030530118,0.06266143,0.03537309495732189,16.238058323506266
0.04106116,0.05975421,0.3547247,0.053702038,0.09237405,0.12032323256134987,19.211313139647245
0.047693264,0.079120055,0.25339505,0.016023485,0.16117695,0.11148176081478597,18.90186162851751
0.06353749,0.11118305,0.55750275,0.027767332,0.3229308,0.21658428646624087,22.58045002631843
0.074573085,0.075879715,0.37324944,0.098251365,0.1827472,0.16094016134738923,20.632905647158623
0.09619268,0.18954253,0.59835976,0.09840739,0.20732667,0.23796580582857133,23.328803203999996
0.0061333003,0.01738152,0.05728272,0.0029234162,0.056039426,0.027952076354995373,15.978322672424838
0.036580775,0.07891633,0.24931411,0.013004892,0.16571954,0.10870713070034982,18.804749574512243
0.014849043,0.095452696,0.1991344,0.02504043,0.02315789,0.07152689080685377,17.503441178239882
0.017646382,0.04554565,0.1295039,0.04971749,0.016783822,0.05183944962918759,16.814380737021565
0.0022021679,0.00819071,0.062248442,0.004301358,0.0020672677,0.01580198919400573,15.5530696217902
0.0067368164,0.025687829,0.10706052,0.014157324,0.005279355,0.03178436923772097,16.112452923320234
0.0033690901,0.0075647193,0.052122984,0.0019658867,0.0067688785,0.0143583117518574,15.502540911315009
0.019838028,0.048929546,0.13754712,0.0058499193,0.09983669,0.06240026112645865,17.184009139426053
0.00058744976,0.0031658784,0.034018967,0.0032240408,0.0011445725,0.008428181754425168,15.29498636140488
0.02838683,0.0691957,0.15079056,0.026390376,0.03918963,0.06279061883687974,17.19767165929079
0.010933687,0.037722345,0.16078034,0.016371205,0.027913705,0.05074425656348467,16.776048979721963
0.06392221,0.11840498,0.4051857,0.028091667,0.34169984,0.19146087877452372,21.70113075710833
0.032093648,0.039093737,0.20785451,0.06835852,0.020938741,0.07366783060133458,17.57837407104671
0.0013851216,0.004741265,0.049835514,0.0019102133,0.0017178693,0.01191799668595195,15.417129884008318
0.03737866,0.16701622,0.45511812,0.09148621,0.057305567,0.16166095584630968,20.658133454620838
0.0018314335,0.006654233,0.06310818,0.0056980946,0.0015239953,0.01576318801380694,15.551711580483243
0.013674047,0.02284745,0.22611286,0.0033618081,0.009598177,0.05511886775493621,16.929160371422768
0.00075617374,0.004783855,0.03914405,0.0042532803,0.0010384584,0.009995163534767926,15.349830723716877
0.0028961182,0.0157725,0.077474125,0.012592091,0.0035834203,0.022463650722056628,15.786227775271982
0.049896583,0.19418438,0.51371056,0.06819359,0.05000181,0.17519738450646402,21.13190845772624
0.034289226,0.06984818,0.1693335,0.015446611,0.22940835,0.10366517454385758,18.628281109035015
0.008989613,0.0115502635,0.09250486,0.005750113,0.010239996,0.025806968845427034,15.903243909589946
0.00024164325,0.0010796814,0.021727446,0.00040763375,0.00071076246,0.004833433474414051,15.169170171604492
0.100673825,0.23996352,0.63845813,0.06370381,0.4024945,0.289058755338192,25.11705643683672
0.040644076,0.077714376,0.22797874,0.029345516,0.22298428,0.11973339766263962,19.190668918192387
0.035177562,0.024970405,0.7713595,0.0029370023,0.02063299,0.1710154925007373,20.985542237525806
0.082841404,0.05101643,0.48003876,0.03846366,0.023477761,0.13516760356724264,19.730866124853492
0.037076898,0.08949831,0.49652153,0.060580563,0.022772782,0.1412900172173977,19.94515060260892
0.00083307823,0.0077458993,0.03996635,0.0089904275,0.0010683913,0.011720828956458719,15.410229013476055
0.0152947875,0.059196454,0.23339884,0.034971166,0.046363063,0.07784486208111048,17.724570172838867
0.0829843,0.16849114,0.25829378,0.17130251,0.10596634,0.15740761309862136,20.509266458451748
0.038712863,0.23026411,0.454833,0.104361944,0.054077815,0.17644994705915454,21.175748147070408
0.005774451,0.024324026,0.08726474,0.015733544,0.006084119,0.0278361757285893,15.974266150500625
0.12763807,0.36188865,0.66551924,0.06727652,0.32341623,0.30914774239063264,25.820170983672142
0.0015105868,0.005295418,0.04461124,0.005341533,0.0033651376,0.012024783482775093,15.420867421897128
0.0010448715,0.0025495307,0.027923247,0.00095947215,0.007136401,0.007922704401426018,15.27729465404991
0.01369796,0.10080938,0.33393136,0.040997997,0.060686335,0.11002460587769747,18.85086120571941
0.038651813,0.058405746,0.20362565,0.024890788,0.05631844,0.0763784870505333,17.673247046768665
0.081729665,0.09374304,0.3195582,0.061081894,0.03592928,0.11840841695666314,19.14429459348321
0.08268103,0.19063061,0.64009464,0.08754041,0.15650563,0.2314904645085335,23.10216625779867
0.06650085,0.15889929,0.2917874,0.031928666,0.40854734,0.19153270721435547,21.70364475250244
0.032260638,0.10463717,0.28980386,0.052028406,0.023513848,0.10044878460466863,18.5157074611634
0.17058368,0.15376014,0.60636085,0.061859366,0.2886311,0.256239029020071,23.968366015702486
0.15436336,0.24501288,0.49551117,0.051401187,0.3412221,0.25750214233994484,24.01257498189807
0.012662702,0.017517155,0.22911803,0.006302229,0.0047770943,0.05407544299960137,16.892640504986048
0.0012012682,0.007208123,0.048165347,0.008703658,0.0021630216,0.013488283683545889,15.472089928924106
0.0019762735,0.0055044875,0.049231943,0.00077391276,0.0244969,0.01639670329168439,15.573884615208954
0.024938568,0.064924136,0.13676395,0.01301685,0.13190883,0.07431046664714815,17.600866332650185
0.12839459,0.19515923,0.6368969,0.10035463,0.35720542,0.28360215425491336,24.926075398921967
0.17164932,0.2570974,0.56448925,0.07622444,0.39039323,0.2919707253575325,25.218975387513638
0.02576148,0.028244711,0.15419099,0.04497831,0.033300664,0.05729523040354252,17.005333064123988
0.010773591,0.020202203,0.48613453,0.007837592,0.00659563,0.10630870889872313,18.72080481145531
0.06770247,0.12913045,0.6718142,0.080628924,0.175897,0.22503461092710494,22.876211382448673
0.011914826,0.018605635,0.53037643,0.0037076527,0.0065157916,0.11422406784258782,18.997842374490574
0.074031875,0.13427196,0.3233138,0.062174637,0.066588774,0.13207621052861213,19.622667368501425
0.06742973,0.14232086,0.2510196,0.025532313,0.41730112,0.1807207226753235,21.325225293636322
0.07751353,0.41425085,0.7425572,0.08036533,0.23574662,0.31008671224117285,25.853034928441048
0.081320845,0.14980991,0.6087198,0.08406809,0.24429245,0.23364222496747974,23.17747787386179
0.036596492,0.073234454,0.1875801,0.009097813,0.063805014,0.07406277321279049,17.592197062447667
0.004219411,0.00918656,0.050706204,0.0024840864,0.0077428543,0.014867823198437692,15.52037381194532
0.05678654,0.1821557,0.39576668,0.085347645,0.04677077,0.15336546599864959,20.367791309952736
0.028259872,0.038830917,0.29732493,0.00643452,0.112331994,0.09663644563406706,18.382275597192347
0.004782813,0.009911124,0.116866976,0.0055769496,0.004493864,0.02832634523510933,15.991422083228827
0.0024818305,0.0137437815,0.05948666,0.017667448,0.0026773822,0.019211420696228745,15.672399724368006
0.048721503,0.085967086,0.2507952,0.05496182,0.24931748,0.13795261532068254,19.82834153622389
0.0021955632,0.014882191,0.056050815,0.015191653,0.0023494544,0.018133935239166024,15.63468773337081
0.0027444034,0.005351288,0.13543624,0.0010340997,0.013362797,0.031585764954797924,16.105501773417927
0.0023920552,0.006046829,0.052018717,0.0012941924,0.002825266,0.012915411870926619,15.452039415482432
0.004872786,0.0150859,0.1664135,0.043017786,0.09304125,0.06448624432086945,17.25701855123043
0.074344285,0.10272884,0.3996743,0.019298142,0.1314055,0.14549021385610106,20.092157484963536
0.0008949733,0.002597342,0.034352068,0.00075713673,0.0013897821,0.007998260390013457,15.279939113650471
0.13723771,0.3138375,0.43842182,0.07044387,0.46985778,0.28595973551273346,25.00859074294567
0.007861061,0.008991515,0.17222562,0.0016302284,0.003908854,0.038923456589691346,16.362320980639197
0.0017301668,0.008682948,0.05339333,0.0072528454,0.0022258372,0.014657025504857302,15.512995892670006
0.20492925,0.2844526,0.61493975,0.057157256,0.34778017,0.3018518015742302,25.564813055098057
0.00039699697,0.0034027451,0.028666316,0.0035088463,0.0007277084,0.007340522471349687,15.256918286497239
0.03415244,0.106585585,0.30391443,0.027904809,0.049429014,0.10439725518226624,18.65390393137932
0.1932741,0.20575182,0.586482,0.07384781,0.32224473,0.2763200893998146,24.67120312899351
0.052576635,0.05800772,0.4261817,0.07881799,0.060173117,0.13515143394470217,19.730300188064575
0.0010584323,0.00435673,0.039524104,0.00602672,0.002120189,0.010617235116660595,15.37160322908312
0.13271607,0.22007893,0.7388563,0.04135402,0.29470956,0.285542980581522,24.99400432035327
0.028041609,0.0650597,0.18817489,0.014420115,0.22285059,0.10370938051491976,18.62982831802219
0.004230191,0.024598038,0.07232445,0.02672413,0.0040761787,0.02639059694483876,15.923670893069357
0.0052391794,0.010080004,0.1538004,0.0072235083,0.009063543,0.03708132654428482,16.29784642904997
0.12585175,0.11863563,0.49903092,0.053039905,0.2838503,0.2160817034542561,22.562859620898962
0.0090940045,0.02536739,0.10496213,0.021084635,0.010787569,0.034259146265685554,16.199070119298995
0.0019456975,0.008217824,0.046066463,0.0037740453,0.0034795234,0.012696710554882884,15.444384869420901
0.016307143,0.039846875,0.15432468,0.014407814,0.07368932,0.05971516631543637,17.090030821040273
0.06628849,0.28097168,0.69155693,0.10052586,0.14074679,0.2560179501771927,23.960628256201744
0.030784504,0.08507078,0.20289324,0.045888513,0.033039626,0.07953533343970776,17.78373667038977
0.0562293,0.18533586,0.36154723,0.02767129,0.062879495,0.13873263560235502,19.855642246082425
0.17935033,0.24644485,0.60661757,0.07921909,0.34454578,0.29123552441596984,25.193243354558945
0.024263507,0.042347647,0.20580654,0.013740072,0.15009893,0.0872513398528099,18.053796894848347
0.025726994,0.08369531,0.16762888,0.042474005,0.01927802,0.06776064224541188,17.371622478589416
0.08817116,0.09306075,0.34259748,0.120061435,0.19074894,0.1669279545545578,20.842478409409523
0.111242115,0.2422269,0.47561687,0.041028388,0.33422145,0.24086714535951614,23.430350087583065
0.21851975,0.2886948,0.43989474,0.062691994,0.28844133,0.2596485212445259,24.087698243558407
0.24837688,0.3213845,0.6927235,0.1924944,0.3393522,0.3588662952184677,27.56032033264637
0.0024499495,0.013606243,0.05599245,0.017714605,0.0028612018,0.018524889880791307,15.648371145827696
0.017488366,0.052478056,0.1186987,0.007290806,0.07722883,0.054636951815336954,16.912293313536793
0.047752596,0.09352413,0.71662617,0.01659219,0.14241256,0.20338152796030046,22.118353478610516
0.00803345,0.028590003,0.07712501,0.044673637,0.014151702,0.03451476078480482,16.20801662746817
0.0067765485,0.028179694,0.16729055,0.01295191,0.010221507,0.045084042567759754,16.57794148987159
0.040118527,0.082871445,0.76237583,0.019995881,0.21044485,0.22316130734980108,22.810645757243037
0.25482696,0.20339268,0.5102733,0.25779992,0.23930372,0.29311931431293486,25.25917600095272
0.0015960034,0.0033159081,0.04412453,0.0011693503,0.0061853793,0.011278234003111719,15.39473819010891
0.002570182,0.013374803,0.07589575,0.0063723987,0.0031870706,0.020280040614306927,15.709801421500742
0.029185027,0.089801945,0.17954709,0.037780054,0.050961204,0.07745506316423417,17.710927210748196
0.008443878,0.015114159,0.1542894,0.011793255,0.028802007,0.043688538856804376,16.529098859988153
0.11068543,0.30011398,0.47057983,0.058847412,0.44119823,0.2762849763035774,24.66997417062521
0.071802266,0.28386605,0.5368347,0.049051065,0.11172166,0.2106551505625248,22.372930269688368
0.0021408715,0.0071636396,0.054921113,0.0022599923,0.0025674417,0.013810611609369517,15.483371406327933
0.0032024728,0.0070541,0.049416523,0.0028700295,0.0050550937,0.013519643852487207,15.473187534837052
0.006047494,0.01133823,0.0944201,0.0038311696,0.0045087417,0.02402914660051465,15.841020131018013
0.0008679917,0.0037061786,0.04602627,0.0023843062,0.0011905256,0.01083505458664149,15.379226910532452
0.0033202588,0.0071289954,0.114061914,0.0025974915,0.0016676767,0.025755267357453707,15.90143435751088
0.0040166406,0.009237987,0.05684124,0.0024418682,0.00680406,0.015868359059095383,15.555392567068338
0.036271803,0.08767433,0.54468983,0.037070982,0.32166755,0.20547489970922472,22.191621489822865
0.015062127,0.08515432,0.22713701,0.04026411,0.021011652,0.07772584445774555,17.720404556021094
0.041882735,0.034341116,0.26315346,0.009970002,0.025402175,0.07494989819824695,17.623246436938643
0.07805917,0.08090265,0.35597628,0.013711747,0.04153283,0.11403653547167779,18.991278741508722
0.06076544,0.089993775,0.2936663,0.037951365,0.20523733,0.1375228427350521,19.813299495726824
0.000896136,0.0029257024,0.0352528,0.0011811716,0.0015449462,0.008360150910448285,15.29260528186569
0.12589778,0.23403525,0.32231975,0.055192534,0.41666242,0.23082154765725138,23.078754168003798
0.0007146587,0.0017888917,0.029119289,0.0007687184,0.0043555056,0.007349412597250194,15.257229440903757
0.0022258044,0.0116824955,0.0523759,0.015463183,0.0022761521,0.016804707236588,15.58816475328058
0.002467834,0.018832227,0.0873739,0.013276292,0.0036191451,0.025113879144191744,15.878985770046711
0.14015737,0.12819321,0.7677794,0.039605446,0.2402105,0.2631891891360283,24.21162161976099
0.011621162,0.02322295,0.0947905,0.016875051,0.035038605,0.03630965426564217,16.270837899297476
0.0007761906,0.0016819736,0.037085112,0.00059259305,0.0016778774,0.008362749358639121,15.29269622755237
0.005001822,0.0095106065,0.099087566,0.005977442,0.0035145981,0.02461840696632862,15.861644243821502
0.26770875,0.24322589,0.67998266,0.113980114,0.245756,0.3101306825876236,25.854573890566826
0.14153093,0.15825202,0.5528986,0.14033908,0.1701014,0.23262440264225007,23.141854092478752
0.024292111,0.041497853,0.15171881,0.009459576,0.109540716,0.06730181314051151,17.355563459917903
0.0006411279,0.0031974795,0.029085862,0.0016158735,0.0013219304,0.007172454579267652,15.251035910274368
0.032490153,0.030525746,0.46689272,0.01611257,0.04704826,0.11861388944089413,19.151486130431294
0.02783739,0.048874732,0.2960849,0.014210692,0.012854445,0.07997243385761976,17.79903518501669
0.036972605,0.092186525,0.69718546,0.022382773,0.2713431,0.22401409447193146,22.8404933065176
0.00035710234,0.0012989974,0.0259194,0.0004267089,0.00083772274,0.005767986312275753,15.201879520929651
0.0054295356,0.012119181,0.0662061,0.010473597,0.009958956,0.02083747358992696,15.729311575647444
0.0044327257,0.009477853,0.056415133,0.003294119,0.008473112,0.016418588580563668,15.574650600319728
0.025330035,0.05403996,0.22084464,0.045070942,0.2240984,0.11387679539620876,18.985687838867307
0.003131409,0.008714906,0.05654507,0.0024844809,0.0046496117,0.01510509573854506,15.528678350849077
0.21428345,0.26805997,0.6428632,0.059448786,0.2994551,0.2968221053481102,25.388773687183857
0.11478314,0.21279576,0.550407,0.0629919,0.24546212,0.23728798329830172,23.30507941544056
0.09755401,0.25312534,0.5486106,0.18921036,0.13056488,0.24381304383277894,23.533456534147263
0.08381443,0.09868377,0.2962918,0.014717456,0.08827494,0.11635647788643837,19.072476726025343
0.006693108,0.026918868,0.10333639,0.008028545,0.0054313694,0.030081655364483595,16.052857937756926
0.062280964,0.15982278,0.4201458,0.042631753,0.053949647,0.14776619002223015,20.171816650778055
0.0015308238,0.009202633,0.051193926,0.0098113045,0.001936022,0.014734941953793169,15.51572296838276
0.008117285,0.018154653,0.14093257,0.0054287403,0.05284142,0.04509493475779891,16.578322716522962
0.0055665984,0.019841254,0.12298193,0.0093964245,0.07034133,0.045625506248325114,16.59689271869138
0.004226216,0.0070037087,0.092942916,0.0008544473,0.006407463,0.022286950203124434,15.780043257109355
0.17882396,0.18494987,0.4072234,0.078719124,0.32976288,0.23589584827423096,23.256354689598083
0.011142232,0.024732923,0.14845847,0.010821036,0.006770113,0.040384954120963816,16.413473394233733
0.022775425,0.031231176,0.1441059,0.030577576,0.038256083,0.05338923111557961,16.868623089045286
0.014591311,0.032119107,0.21981251,0.041282486,0.00868413,0.06329790931195022,17.215426825918257
0.024926273,0.0629765,0.5570384,0.055067085,0.10012091,0.16002583913505078,20.600904369726777
0.16732962,0.2224445,0.51437396,0.055925567,0.37221432,0.2664575941860676,24.326015796512365
0.001120015,0.0026165347,0.03579514,0.0007101307,0.0025000207,0.008548368432093412,15.29919289512327
0.015755445,0.027850574,0.17850746,0.023242384,0.007543799,0.05057993279770017,16.770297647919506
0.18602799,0.33919448,0.6995111,0.16303371,0.40596747,0.35874695181846616,27.556143313646317
0.0009617149,0.004670003,0.04099543,0.0029044612,0.0014808831,0.010202498477883638,15.357087446725927
0.0010596581,0.009225051,0.043383338,0.012491687,0.0014923136,0.013530409475788475,15.473564331652597
0.013963995,0.031485107,0.13970232,0.020919535,0.007499183,0.04271402796730399,16.49499097885564
0.039749388,0.15680628,0.34366462,0.058604,0.04012418,0.12778969183564187,19.472639214247465
0.00512698,0.046337277,0.11174653,0.048094787,0.013106534,0.04488242100924253,16.57088473532349
0.07231163,0.08271878,0.35693848,0.0143601615,0.18839577,0.1429449651390314,20.0030737798661
0.12284262,0.14276683,0.34400424,0.027675036,0.22975054,0.1734078548848629,21.0692749209702
0.10973428,0.3100095,0.53576624,0.052893292,0.4192649,0.2855336479842663,24.99367767944932
0.09715966,0.3145023,0.56323665,0.08305412,0.13977125,0.23954479694366457,23.38406789302826
0.0025679558,0.014891198,0.060669124,0.0128693,0.0025194485,0.018703405326232315,15.654619186418131
0.042797666,0.043009825,0.31048808,0.023598442,0.15635099,0.11524899862706663,19.03371495194733
0.051792473,0.0776072,0.2685544,0.045591846,0.110697396,0.1108486607670784,18.879703126847744
0.0018511756,0.0070263958,0.069634795,0.0031387229,0.0015220621,0.016634630295448007,15.58221206034068
0.0344517,0.018556917,0.45883176,0.012001023,0.016252398,0.10801875926554204,18.78065657429397
0.023227002,0.038288966,0.15055135,0.016968248,0.079651095,0.06173733212053776,17.16080662421882
0.0009785333,0.0055086343,0.044698033,0.005016326,0.0013698451,0.011514274426735938,15.402999604935758
0.11963648,0.28773037,0.55886257,0.079253554,0.34581974,0.2782605424523354,24.739118985831738
0.006011161,0.014414058,0.06928942,0.0066131433,0.007585561,0.020782669354230166,15.727393427398056
0.0008105507,0.006278197,0.051928367,0.0042155497,0.001114694,0.012869471742305905,15.450431510980707
0.001862392,0.007186296,0.0520055,0.010697608,0.0044352454,0.015237408154644073,15.533309285412543
0.11076022,0.24948817,0.6201318,0.040970493,0.2627577,0.25682167336344724,23.98875856772065
0.00445273,0.019033438,0.1155799,0.007911411,0.0029492711,0.02998535060323775,16.04948727111332
0.007008509,0.015328967,0.11178608,0.0047346116,0.004979566,0.028767547197639944,16.006864151917398
0.007237052,0.011716745,0.11897825,0.0032053525,0.01533086,0.031293651368469004,16.095277797896415
0.0058271512,0.020275202,0.09778132,0.013495794,0.0038144125,0.028238776372745637,15.988357173046097
0.1067102,0.2332848,0.5032447,0.049960755,0.41339707,0.2613195061683655,24.14618271589279
0.011341561,0.011702905,0.22035712,0.005914895,0.011579437,0.052179183624684815,16.82627142686397
0.0003061021,0.0022867022,0.031355184,0.0022689214,0.0005536534,0.00735411251662299,15.257393938081805
0.08910351,0.23883213,0.3410608,0.03487728,0.48430544,0.23763583078980444,23.317254077643156
0.0035878583,0.010677592,0.04545209,0.00774469,0.017169716,0.016926389560103415,15.59242363460362
0.07934578,0.16829696,0.6897694,0.050779656,0.34364069,0.2663664937019348,24.32282727956772
0.12236171,0.21605414,0.7128483,0.13208584,0.12926869,0.26252373903989795,24.188330866396427
0.040573247,0.0836921,0.60471046,0.04341032,0.30196494,0.21487021371722223,22.520457480102777
0.001115783,0.0064354097,0.051256426,0.0038362355,0.0012278091,0.01277433258946985,15.447101640631445
0.14191106,0.14001076,0.650364,0.050777335,0.27988514,0.25258965566754343,23.84063794836402
0.043452837,0.07301449,0.14581273,0.01926324,0.08010455,0.07232957072556019,17.531534975394607
0.022430297,0.085531764,0.25824735,0.054583587,0.013201715,0.08679894171655178,18.037962960079312
0.00652768,0.020782426,0.08794275,0.00405036,0.024308214,0.028722285851836206,16.005280004814267
0.0013849159,0.009888638,0.05459561,0.0082199145,0.0017388436,0.015165584022179246,15.530795440776274
0.05745741,0.050627004,0.55825275,0.022872614,0.03031432,0.14390482008457187,20.036668702960014
0.1869665,0.1889238,0.6185619,0.06518975,0.3034528,0.2726189523935318,24.541663333773613
0.0070488537,0.044925474,0.15856498,0.027961973,0.0063755214,0.04897536132484674,16.714137646369636
0.10223663,0.06549255,0.36938024,0.07133115,0.09374268,0.14043664932250977,19.915282726287842
0.006471987,0.024268864,0.15224735,0.013006648,0.00517455,0.0402338806539774,16.40818582288921
0.0030180328,0.008142908,0.097151026,0.0047638756,0.0019537674,0.023005921998992564,15.80520726996474
0.0014650445,0.0073179896,0.041779093,0.017829405,0.0032705506,0.014332416653633119,15.50163458287716
0.027099704,0.018811118,0.43133804,0.009919334,0.015678741,0.10056938789784908,18.519928576424718
0.0015681613,0.010358816,0.048855927,0.012061329,0.0024281358,0.0150544737232849,15.526906580314972
0.01633052,0.017681628,0.19230267,0.0052002575,0.00972453,0.048247922025620935,16.688677270896733
0.0011785581,0.0036327613,0.04759416,0.0018772815,0.0022376517,0.011304082488641145,15.39564288710244
0.10710053,0.27768198,0.49422526,0.038142543,0.40284726,0.2639995150268078,24.239983025938272
0.052289084,0.07967927,0.36573374,0.037727978,0.17867668,0.14282135143876076,19.998747300356627
0.001085051,0.005445147,0.054235738,0.0049993307,0.001806988,0.013514450890943408,15.47300578118302
0.008635634,0.034340043,0.09222717,0.054231323,0.010687046,0.04002424273639918,16.40084849577397
0.11718269,0.23194812,0.35860276,0.061315615,0.2983323,0.21347629800438883,22.47167043015361
0.01077668,0.029760845,0.28013176,0.024526492,0.14566207,0.09817156866192818,18.436004903167486
0.005913715,0.022324046,0.09012652,0.030051703,0.0045781867,0.030598834436386824,16.07095920527354
0.19693595,0.28497663,0.6194559,0.16571218,0.38569775,0.3305556774139405,26.569448709487915
0.009774913,0.027222272,0.09348101,0.0033241035,0.064302094,0.03962087891995907,16.386730762198567
0.1419858,0.1858377,0.7228546,0.03308596,0.16454126,0.24966106787323955,23.738137375563383
0.029617792,0.04160634,0.22102429,0.013547306,0.058151547,0.07278945501893759,17.547630925662816
0.080399886,0.06025525,0.7562743,0.008796317,0.059931424,0.19313143212348222,21.759600124321878
0.0008070574,0.0030855662,0.028888272,0.0012645778,0.0018765928,0.00718441327335313,15.25145446456736
0.22054859,0.20572986,0.5867857,0.108664475,0.23147987,0.2706416919827461,24.472459219396114
0.02350775,0.06004593,0.13211001,0.017687634,0.21542022,0.0897543091326952,18.141400819644332
0.02206709,0.040764406,0.1149841,0.06766783,0.03751808,0.05660030134022236,16.981010546907783
0.04387041,0.12552951,0.32619825,0.040039632,0.032231733,0.11357390806078911,18.97508678212762
0.035641056,0.033864826,0.49489015,0.023773294,0.011940057,0.12002187725156546,19.20076570380479
0.0010162488,0.0026135212,0.030055871,0.00080714014,0.0045924443,0.007817045133560897,15.273596579674631
0.001066165,0.008264685,0.051984597,0.009275626,0.0014266253,0.014403539756312965,15.504123891470954
0.014888344,0.06313042,0.2088488,0.046088617,0.008900432,0.06837132424116135,17.392996348440647
0.0023930876,0.010847558,0.08056026,0.006540346,0.0024854739,0.02056534504517913,15.71978707658127
0.0010510565,0.003443637,0.03923483,0.0033655695,0.003961677,0.010211353679187596,15.357397378771566
0.00887141,0.025150359,0.15333445,0.037457105,0.0936914,0.06370094567537307,17.229533098638058
0.0021161744,0.0037300966,0.06924551,0.0007787184,0.008123052,0.016798710310831667,15.587954860879108
0.0026756832,0.012676714,0.056512605,0.0040400936,0.04912111,0.025005241576582196,15.875183455180377
0.0014651512,0.0034719985,0.04843361,0.0010750076,0.0022090897,0.011330971261486411,15.396583994152024
0.0923907,0.12791945,0.45061463,0.03246435,0.3260789,0.20589360520243646,22.206276182085276
0.0017508708,0.0038816473,0.0655631,0.0010333759,0.0031506978,0.015075937868095935,15.527657825383358
0.001373227,0.007270906,0.071001135,0.0029524234,0.0021265026,0.016944838780909778,15.593069357331842
0.0034061861,0.015283388,0.08212264,0.009811694,0.0028037345,0.02268552826717496,15.793993489351124
0.011075596,0.010031431,0.3693143,0.0024094735,0.0022326165,0.07901268606074155,17.765444012125954
0.14951645,0.27171054,0.6968377,0.10383427,0.3672933,0.31783845722675325,26.124346002936363
0.015134473,0.029707022,0.49508765,0.012622917,0.01676548,0.11386350933462382,18.985222826711833
0.0023707445,0.012926033,0.05516052,0.014608302,0.0028516254,0.017583444714546204,15.615420565009117
0.0013123607,0.008941896,0.045908604,0.014804494,0.0021484934,0.014623169577680529,15.511810935218818
0.07585317,0.097862415,0.5969042,0.040873017,0.26850048,0.21599865928292275,22.559953074902296
0.0051055797,0.017344153,0.062454034,0.006264005,0.04288113,0.026809780392795805,15.938342313747853
0.09677069,0.05688787,0.5184776,0.021968545,0.10687946,0.16019683592021466,20.606889257207513
0.06268891,0.054076914,0.19486432,0.052703593,0.06901148,0.08666904270648958,18.033416494727135
0.004099164,0.009002982,0.17560427,0.0035907405,0.0021522278,0.03888987661339342,16.36114568146877
0.001564088,0.00936545,0.051841028,0.010138769,0.0021923482,0.015020336536690593,15.52571177878417
0.0022114832,0.007760892,0.05946412,0.0016128026,0.002504249,0.01471070928964764,15.514874825137667
0.0017430551,0.0040573175,0.06316411,0.003831701,0.0036126766,0.015281771519221367,15.534862003172748
0.1329028,0.12958823,0.65016305,0.04134143,0.2614985,0.2430988058447838,23.508458204567432
0.013680622,0.01760791,0.2024548,0.0029630852,0.009879911,0.049317266885191204,16.726104340981692
0.13297121,0.12482794,0.60897493,0.032802656,0.24740246,0.22939583957195284,23.02885438501835
0.013787439,0.020915255,0.18292738,0.0031503234,0.013016311,0.0467593427747488,16.636576997116208
0.006075996,0.019713981,0.08952524,0.012012726,0.0066706715,0.026799722388386727,15.937990283593535
0.015925914,0.08865926,0.18664746,0.03954174,0.016369693,0.06942881271243095,17.430008444935083
0.023207854,0.04114024,0.21226922,0.01765675,0.18548436,0.09595168493688107,18.358308972790837
0.019829517,0.025534911,0.4350129,0.031270362,0.04973099,0.1122757375240326,18.92965081334114
0.040854946,0.03448997,0.42292866,0.043677367,0.023332285,0.11305664591491223,18.956982607021928
0.0030835806,0.016754998,0.08394734,0.014734434,0.0060480237,0.024913674872368577,15.8719786205329
0.18737014,0.24387825,0.6604401,0.07599175,0.3338016,0.30029636323451997,25.5103727132082
0.09193837,0.2105053,0.8266894,0.028696744,0.22330938,0.2762278448790312,24.66797457076609
0.009269156,0.014847913,0.09274808,0.0030233026,0.014172739,0.026812238711863758,15.938428354915231
0.0006362537,0.0036922444,0.048398547,0.0022758155,0.0013534538,0.011271262855734676,15.394494199950714
0.004158889,0.01755844,0.09115062,0.019933604,0.008096188,0.028179548121988775,15.986284184269607
0.011079519,0.035782404,0.112826735,0.011440482,0.013579122,0.03694165237247944,16.29295783303678
0.08239727,0.1990893,0.5856169,0.07137261,0.09505236,0.2067056864500046,22.23469902575016
0.008868945,0.017904587,0.24052374,0.008246828,0.004548134,0.05601844685152173,16.96064563980326
0.13181306,0.21272667,0.72022796,0.051755916,0.13691548,0.2506878159940243,23.77407355979085
0.120319635,0.24701859,0.64761895,0.11637765,0.14883302,0.25603356957435613,23.961174935102463
0.0011547464,0.0062110038,0.047160525,0.005083352,0.0017900817,0.012279941723681987,15.42979796032887
0.097828634,0.27544218,0.5416142,0.06841849,0.4145916,0.2795790180563927,24.785265631973743
0.008102129,0.0297605,0.17840873,0.0077702394,0.03767646,0.0523436114192009,16.83202639967203
0.009441265,0.024076527,0.14196163,0.035152648,0.034323167,0.04899104814976454,16.71468668524176
0.11481362,0.18346512,0.5431881,0.045605365,0.35462922,0.2483402840793133,23.691909942775965
0.008506367,0.018138455,0.094340965,0.00426458,0.031860754,0.03142222426831722,16.099777849391103
0.009364322,0.017980266,0.07165604,0.0050851754,0.019677434,0.024752647709101443,15.86634266981855
0.0023638885,0.0034804062,0.06543187,0.0006277801,0.0034303097,0.015066851023584606,15.527339785825461
0.07474638,0.09029394,0.38395047,0.04605182,0.22125056,0.16325863376259805,20.71405218169093
0.003679699,0.009432912,0.06496873,0.0046859104,0.005162203,0.017585890414193273,15.615506164496765
0.19624618,0.20546037,0.4610263,0.09611468,0.104585804,0.21268666833639147,22.4440333917737
0.09056639,0.15209089,0.66819,0.09189921,0.2724383,0.25503695607185367,23.926293462514877
0.0008118667,0.0057941237,0.040087458,0.004175563,0.0007178057,0.010317363357171417,15.361107717501
0.09346998,0.2572887,0.55357987,0.09371546,0.1259054,0.22479187846183776,22.867715746164322
0.006347081,0.012703956,0.09610427,0.0013316162,0.027781902,0.0288537654094398,16.009881789330393
0.0022990294,0.0110739255,0.057390615,0.015495426,0.003561563,0.01796411187388003,15.628743915585801
0.0051878328,0.02601021,0.07606618,0.037560005,0.0067768856,0.030320222768932585,16.06120779691264
0.021623217,0.029182838,0.615343,0.01551923,0.022256127,0.140784877166152,19.92747070081532
0.15819323,0.3056316,0.7299601,0.10354589,0.21860446,0.30318705439567567,25.611546903848648
0.005579547,0.029852344,0.08830405,0.019753028,0.0048165107,0.02966109588742256,16.03813835605979
0.04997111,0.04959191,0.5978804,0.038553614,0.07889544,0.16297850012779236,20.704247504472733
0.0043425653,0.017123565,0.06604756,0.0042925733,0.08032634,0.034426520299166444,16.204928210470825
0.0018476484,0.006678085,0.041502077,0.0015472024,0.039601054,0.018235213356092576,15.63823246746324
0.08767238,0.09518147,0.49973705,0.023212947,0.27503848,0.1961684674024582,21.865896359086037
0.0070089204,0.027222369,0.10343009,0.020382283,0.0101645235,0.03364163767546415,16.177457318641245
0.0072734673,0.014965372,0.0944052,0.002009313,0.009515643,0.025633798446506262,15.89718294562772
0.0030441221,0.0070732934,0.071745284,0.0035753609,0.002904747,0.017668561451137064,15.618399650789797
0.0015403574,0.0048085977,0.04576639,0.00089421344,0.029554991,0.01651291009038687,15.57795185316354
0.022267766,0.039004434,0.19056447,0.016948208,0.07443985,0.06864494606852532,17.402573112398386
0.0008870038,0.001974836,0.031778313,0.0007931893,0.007255094,0.008537687279749661,15.298819054791238
0.0018956286,0.005740283,0.051676314,0.002562819,0.0022027863,0.012815566267818213,15.448544819373637
0.09914547,0.13601458,0.49381626,0.07543671,0.32976577,0.2268357574939728,22.939251512289047
0.0020947093,0.0066501126,0.10040242,0.0024270504,0.028160557,0.027946970332413917,15.978143961634487
0.056645453,0.07290731,0.18852319,0.08816252,0.10206278,0.10166025012731553,18.558108754456043
0.15859938,0.28718105,0.63124526,0.103346385,0.26092136,0.2882586851716042,25.089053981006145
0.016824797,0.13763244,0.30994087,0.060117643,0.022791162,0.1094613842666149,18.831148449331522
0.04302988,0.025992656,0.67102164,0.0054017785,0.074538685,0.16399692771956326,20.739892470184714
0.064758256,0.13027471,0.36961606,0.014004205,0.1646955,0.14866974744945766,20.203441160731018
0.040804293,0.075470306,0.2952216,0.026855987,0.23789293,0.13524902164936067,19.733715757727623
0.014312429,0.04480767,0.11173843,0.025662294,0.08723191,0.05675054639577866,16.986269123852253
0.015718551,0.044412434,0.1831577,0.017254464,0.0742396,0.06695654876530172,17.34347920678556
0.029578062,0.0420145,0.24333274,0.008603794,0.11286132,0.08727808352559804,18.05473292339593
0.04421651,0.08946162,0.57669896,0.049817704,0.30124754,0.21228846535086635,22.43009628728032
0.10117441,0.09310635,0.51986456,0.024094215,0.051191967,0.15788629986345767,20.52602049522102
0.09095022,0.06490474,0.305794,0.02604674,0.08680481,0.1149001020938158,19.021503573283553
0.0012055828,0.009114253,0.04953178,0.010423034,0.0017775309,0.014410436316393316,15.504365271073766
0.010829477,0.024292156,0.10545002,0.020081175,0.011263949,0.03438335526734591,16.203417434357107
0.039603993,0.05060439,0.22518669,0.044917364,0.03786695,0.07963587790727616,17.787255726754665
0.13150851,0.107901335,0.4396738,0.07459199,0.12578712,0.17589255422353742,21.15623939782381
0.006511839,0.016800055,0.06305207,0.0067090024,0.008660514,0.02034669676795602,15.71213438687846
0.013142616,0.032159626,0.14762591,0.015119597,0.00723784,0.043057117518037556,16.506999113131315
0.023588117,0.031965666,0.31837592,0.0058828336,0.010413777,0.0780452617444098,17.731584161054343
0.29838783,0.33349374,0.6229383,0.27444318,0.3555,0.37695260643959044,28.193341225385666
0.1652705,0.36722255,0.5925057,0.123418935,0.43848953,0.3373814418911934,26.80835046619177
0.0035203728,0.013621572,0.049786847,0.0051450585,0.05790261,0.025995292514562608,15.909835238009691
0.01755501,0.02669054,0.08210267,0.012039666,0.04519638,0.03671685364097357,16.285089877434075
0.0068380106,0.021012012,0.10701383,0.024399815,0.0052872617,0.032910185679793355,16.151856498792768
0.01767757,0.043609083,0.13737297,0.01038681,0.04130079,0.05006944425404072,16.752430548891425
0.003951395,0.023904942,0.092101455,0.016787244,0.004810102,0.028311027493327857,15.990885962266475
0.0023994013,0.010551216,0.056795623,0.013678846,0.002807091,0.01724643548950553,15.603625242132694
0.010349078,0.048376665,0.18378006,0.036424913,0.008897909,0.057565724663436416,17.014800363220274
0.08423294,0.17286444,0.78221804,0.054583035,0.33283255,0.28534619957208635,24.98711698502302
0.00010249788,0.0003647486,0.018403055,0.000116698575,0.0004423348,0.0038858669970068148,15.136005344895239
0.032780297,0.052113913,0.1312221,0.032706086,0.08938938,0.0676423542201519,17.367482397705317
0.12310261,0.28056347,0.6705792,0.05737572,0.3800101,0.30232622027397155,25.581417709589005
0.0007262795,0.004011819,0.04759205,0.0027566168,0.0009210978,0.011201572918798775,15.392055052157957
0.011302255,0.0348312,0.08076873,0.05466381,0.046808906,0.04567497968673706,16.598624289035797
0.000577281,0.005636128,0.037934612,0.0050095352,0.0007312977,0.009977770911064,15.34922198188724
0.022343725,0.059256434,0.19082847,0.04361978,0.012760768,0.06576183624565601,17.30166426859796
0.0018985576,0.010390006,0.055519175,0.0080556525,0.0016547099,0.01550362017005682,15.542626705951989
0.0024480028,0.005037287,0.037609998,0.0017962313,0.010698218,0.011517947376705707,15.4031281581847
0.12360802,0.19315548,0.6477901,0.10241875,0.17657669,0.24870980381965635,23.704843133687973
0.02913763,0.038210303,0.24693462,0.009543561,0.030011363,0.07076749596744776,17.47686235886067
0.070727885,0.12421121,0.28684586,0.021187695,0.26503706,0.15360194183886053,20.376067964360118
0.010160317,0.034097616,0.16013867,0.0033249601,0.034707192,0.048485750285908576,16.6970012600068
0.005213316,0.017701939,0.11162011,0.009329133,0.007126552,0.030198210570961236,16.056937369983643
0.1562129,0.18239175,0.5228178,0.10265652,0.2469698,0.24220975190401078,23.477341316640377
0.14541893,0.070960686,0.6630882,0.029792253,0.07285977,0.19642396792769434,21.8748388774693
0.045321204,0.104114614,0.23583098,0.017354354,0.28581637,0.13768750429153442,19.819062650203705
0.004588287,0.01707439,0.09392908,0.009997799,0.0035106358,0.025820038653910162,15.903701352886856
0.00555538,0.014274612,0.095561355,0.010523554,0.0038572978,0.025954439863562585,15.90840539522469
0.012900329,0.024239467,0.20571145,0.032392215,0.10159384,0.07536746058613063,17.63786112051457
0.037839938,0.09471259,0.21095628,0.05614067,0.02008856,0.08394760712981224,17.93816624954343
0.008886705,0.021601165,0.19143859,0.03246114,0.0047188797,0.05182129507884384,16.813745327759534
0.0059046843,0.010081384,0.09538075,0.0024745092,0.0081121065,0.024390687514096503,15.853674062993377
0.0015393684,0.0133302575,0.05538546,0.009391787,0.0015834597,0.016246066452004018,15.56861232582014
0.031380016,0.04972591,0.13325861,0.058564138,0.050633468,0.0647124283015728,17.264934990555048
0.052918587,0.10237679,0.16225384,0.028147632,0.272966,0.12373256944119931,19.330639930441976
0.0009337132,0.00461439,0.038238265,0.0038749955,0.0015238698,0.00983704662648961,15.344296631927136
0.1561929,0.21332851,0.51569486,0.056897063,0.120763294,0.21257532462477685,22.44013636186719
0.006843962,0.013110791,0.109294906,0.011157899,0.0053970055,0.029160912800580266,16.02063194802031
0.042495478,0.080206975,0.1840134,0.011154722,0.1135672,0.08628755509853364,18.020064428448677
0.060762245,0.12387714,0.17981541,0.031959135,0.24474639,0.12823206335306167,19.48812221735716
0.012121905,0.042840816,0.7849872,0.011665649,0.13508524,0.19734016414731742,21.90690574515611
0.0037484288,0.02080093,0.075361565,0.01765803,0.0036029953,0.024234389793127777,15.848203642759472
0.0890381,0.17109221,0.452155,0.07582959,0.0653242,0.17068781852722167,20.97407364845276
0.011469435,0.034163855,0.10984947,0.008551519,0.06198644,0.045204143226146694,16.582145012915134
0.018419739,0.060168102,0.15581591,0.046186745,0.011699353,0.05845797080546618,17.046028978191316
0.02542189,0.04699799,0.24653588,0.121989645,0.016007561,0.09139059372246265,18.198670780286193
0.0010472508,0.006052282,0.053603537,0.0032426128,0.0013087215,0.0130508809350431,15.456780832726508
0.0005918175,0.0030211806,0.053036552,0.0026719854,0.002095863,0.012283479690086098,15.429921789153013
0.0021849838,0.010271433,0.060416434,0.009204103,0.0025682272,0.016929036099463703,15.59251626348123
0.0024919738,0.009058666,0.051630896,0.006504402,0.0033330522,0.014603797998279332,15.511132929939777
0.024701888,0.023756435,0.3553586,0.008174469,0.007742023,0.0839466830715537,17.93813390750438
0.008716307,0.01730912,0.12026824,0.01846839,0.005337438,0.03401989890262485,16.19069646159187
0.026085623,0.021650387,0.26400578,0.008740215,0.01020001,0.06613640282303096,17.314774098806083
0.0022018368,0.0040554376,0.07414741,0.0010319612,0.0018339901,0.016654127277433876,15.582894454710186
0.2261409,0.19120996,0.4025715,0.0975821,0.2906014,0.24162117242813114,23.45674103498459
0.001132548,0.0058115204,0.04249212,0.0068837646,0.0014671226,0.011557415407150985,15.404509539250284
0.0020000688,0.0061627184,0.07494095,0.0050809793,0.006720659,0.018981075007468463,15.664337625261396
0.009154199,0.018101132,0.23212902,0.041559346,0.06359711,0.07290816232562065,17.551785681396723
0.023298126,0.031725917,0.23195289,0.035771154,0.013667341,0.06728308573365212,17.354908000677824
0.00956715,0.033346068,0.13168196,0.016671823,0.0067423224,0.03960186550393701,16.386065292637795
0.11201483,0.26086035,0.51491207,0.04052812,0.21605237,0.228873547911644,23.01057417690754
0.0014754632,0.0072210566,0.04974806,0.0037210174,0.0016966413,0.012772447569295764,15.447035664925352
0.014624525,0.025985807,0.07494505,0.0075326078,0.039826136,0.03258282467722893,16.140398863703012
0.19537444,0.20386033,0.613933,0.17627226,0.18755044,0.2753980994224548,24.63893347978592
0.005904427,0.015367442,0.16115297,0.008115227,0.0042735757,0.038962729088962075,16.363695518113673
0.0021654263,0.0134402495,0.054878265,0.016748637,0.002504977,0.017947510862722994,15.628162880195305
0.008683211,0.026453521,0.096834145,0.0077878395,0.04487849,0.0369274415075779,16.292460452765226
0.06629737,0.06444109,0.3164309,0.03492267,0.12843144,0.12210469320416452,19.273664262145758
0.0025042314,0.0053347577,0.051984534,0.0010160848,0.003511183,0.012870158115401866,15.450455534039065
0.0163589,0.024396513,0.48288307,0.03226995,0.1454082,0.14026332572102548,19.90921640023589
0.0029512541,0.0062378263,0.07077933,0.0028492822,0.0026844367,0.017100426089018583,15.59851491311565
0.18783197,0.24952838,0.62781584,0.069687024,0.33607915,0.2941884726285935,25.29659654200077
0.0011103997,0.004033432,0.039866775,0.002948671,0.0019661982,0.009985095239244401,15.349478333373554
0.0034384339,0.013358685,0.076541856,0.0071223495,0.0032963115,0.020751527184620498,15.726303451461717
0.0016622712,0.0049911514,0.04490735,0.0027074881,0.0086217,0.012577992188744247,15.440229726606049
0.23177752,0.28454372,0.41301858,0.06010013,0.29477513,0.2568430170416832,23.989505596458912
0.18718284,0.16375464,0.70736474,0.054556504,0.19092701,0.2607571482658386,24.126500189304352
0.0059269634,0.016548961,0.06292357,0.0054638614,0.011043985,0.020381468906998636,15.713351411744952
0.0018799852,0.0038286152,0.051202264,0.0005246231,0.009565718,0.013400240940973161,15.46900843293406
0.0013500615,0.00634959,0.044400316,0.009109758,0.0013961863,0.012521182303316891,15.438241380616091
0.00064409734,0.0027015784,0.041505553,0.0013344976,0.0011154409,0.009460233408026398,15.331108169280924
0.028445065,0.05382735,0.1434866,0.017305998,0.22766887,0.09414677657186986,18.295137180015445
0.018607268,0.051037647,0.34755686,0.020712635,0.025208587,0.09262459911406042,18.241860968992114
0.1365315,0.17348665,0.6344407,0.057145026,0.1060298,0.2215267397463322,22.753435891121626
0.0009187957,0.0040252437,0.045208912,0.002393059,0.0011211557,0.010733433277346193,15.375670164707117
0.006008848,0.01406276,0.06822693,0.0054042186,0.0091116605,0.020562884211540223,15.719700947403908
0.0064025135,0.01669786,0.12795377,0.00747245,0.0044232765,0.03258997341617942,16.14064906956628
0.008586098,0.026069105,0.27259782,0.023636708,0.0032098119,0.06681990851648152,17.338696798076853
0.0009206491,0.006519265,0.043769218,0.0073222658,0.0013510371,0.01197648699162528,15.419177044706885
0.0065597203,0.00494758,0.29334092,0.0037392762,0.001541924,0.06202588435262442,17.170905952341855
0.004144122,0.023743687,0.10544291,0.012703334,0.0051284954,0.03023250997066498,16.058137848973274
0.050524794,0.09246676,0.41080558,0.027530719,0.32264048,0.18079366609454156,21.327778313308954
0.06624555,0.11388947,0.25098315,0.04247026,0.22498676,0.1397150382399559,19.890026338398457
0.0069896756,0.01100336,0.10660024,0.005450836,0.007551822,0.027519186679273847,15.963171533774585
0.017443212,0.051039703,0.1711774,0.03673434,0.011858131,0.057650557346642026,17.01776950713247
0.0035397913,0.008373248,0.057440672,0.0025565482,0.0042710686,0.015236265724524857,15.53326930035837
0.003515881,0.019670634,0.06995209,0.029490257,0.0035559407,0.02523696101270616,15.883293635444716
0.012964582,0.1284439,0.26663622,0.10820793,0.022302093,0.10771094560623169,18.76988309621811
0.00074759364,0.0028943948,0.03362329,0.0031527847,0.0010986186,0.008303336205426604,15.290616767189931
0.0029200907,0.018681198,0.06016761,0.018691551,0.0031598797,0.020724066067487,15.725342312362045
0.0018556251,0.0052687163,0.048459064,0.0015964844,0.0022840719,0.011892792372964324,15.416247733053751
0.11989094,0.19526199,0.6591684,0.12292218,0.10580329,0.2406093642115593,23.421327747404575
0.017807717,0.021261152,0.10433803,0.004731148,0.0316625,0.03596010906621814,16.258603817317635
0.01884602,0.04447714,0.1447326,0.013010548,0.12543009,0.06929927878081799,17.42547475732863
0.25436568,0.3423669,0.56294674,0.08520733,0.32397848,0.3137730270624161,25.982055947184563
0.0114754485,0.027951479,0.09764986,0.002781508,0.04209222,0.036390102375298744,16.273653583135456
0.016399432,0.024803298,0.10482904,0.02878964,0.022609515,0.039486185461282734,16.382016491144896
0.01263002,0.02635777,0.078839876,0.01173399,0.026014347,0.03111520055681467,16.089032019488513
0.0020758198,0.012676307,0.05113289,0.020238701,0.0020091198,0.017626567836850883,15.61692987428978
0.0012288223,0.0029591308,0.036712494,0.0009677293,0.002253086,0.008824252441991122,15.30884883546969
0.0056962525,0.016973587,0.07477712,0.011673909,0.008691124,0.02356239808723331,15.824683933053166
0.007987651,0.014699601,0.08922066,0.0018178576,0.009111273,0.02456740806810558,15.859859282383695
0.111130685,0.19733997,0.54703486,0.11192064,0.121403374,0.2177659049630165,22.621806673705578
0.0009216984,0.007906177,0.06154807,0.007101379,0.0014328832,0.015782041335478426,15.552371446741745
0.012610698,0.032502286,0.09356246,0.0096628945,0.08503035,0.046673737466335304,16.633580811321735
0.08030257,0.061309777,0.673966,0.024086013,0.051698986,0.17827266678214077,21.239543337374926
0.002475073,0.016502602,0.063448,0.018967984,0.0031023535,0.020899201976135377,15.731472069164738
0.00039329354,0.00094332354,0.025172604,0.00039452428,0.0018330058,0.005747350282035768,15.201157259871252
0.013632603,0.02234056,0.15154728,0.032746814,0.0073124943,0.04551595095545054,16.59305828344077
0.016591482,0.033476345,0.10107656,0.053976495,0.05694438,0.052413052320480345,16.834456831216812
0.0009805056,0.006868603,0.044999782,0.005156303,0.00080358726,0.011761756171472371,15.411661466001533
0.005713086,0.024010131,0.113657735,0.05133539,0.005109345,0.03996513765305281,16.39877981785685
0.0017249582,0.010729821,0.054266565,0.009740022,0.0019004253,0.01567235828842968,15.548532540095039
0.0040605753,0.011333009,0.05627659,0.010180295,0.011373927,0.018644879292696714,15.652570775244385
0.021449113,0.035453297,0.1235373,0.054158278,0.029458698,0.05281133763492108,16.848396817222238
0.0021838997,0.008584719,0.06475433,0.0024509833,0.0031695627,0.016228698892518878,15.56800446123816
0.0017087244,0.0040403088,0.03902554,0.0019822451,0.0063265385,0.01061667164321989,15.371583507512696
0.0006062693,0.0015528388,0.026802141,0.00031051337,0.0017069927,0.006195751088671386,15.216851288103499
0.0068154056,0.014703179,0.20985034,0.008220428,0.0024717506,0.048412220738828185,16.694427725858986
0.12495254,0.12748861,0.70836437,0.034371655,0.25060448,0.24915633127093317,23.72047159448266
0.19739239,0.2802847,0.5704239,0.05242034,0.21840596,0.2637854591012001,24.232491068542004
0.0042025754,0.020008827,0.0748641,0.02152918,0.004294125,0.024979760963469745,15.874291633721441
0.24635006,0.34426287,0.6645496,0.19764775,0.35853636,0.362269327044487,27.679426446557045
0.023881769,0.044565447,0.24329488,0.0069873324,0.032419004,0.07022968623787165,17.458039018325508
0.034702096,0.06852746,0.5524562,0.038130157,0.1566375,0.17009068354964257,20.95317392423749
0.0008790352,0.0032638344,0.038679518,0.0017159496,0.0012343745,0.0091545423027128,15.320408980594948
0.047360957,0.09106982,0.2578223,0.027421225,0.09436311,0.10360748246312143,18.62626188620925
0.10528867,0.17410396,0.38030434,0.029758623,0.20183924,0.17825896553695203,21.23906379379332
0.07363192,0.054835502,0.8154444,0.0070380024,0.14517733,0.21922543374821543,22.67289018118754
0.09132428,0.10695766,0.71884686,0.013361703,0.20554711,0.22720752116292717,22.95226324070245
0.0056900843,0.014736095,0.099376775,0.010358092,0.0038191662,0.02679604273289442,15.937861495651305
0.00084129407,0.00548242,0.043026816,0.0077998266,0.0016163491,0.011753341136500239,15.411366939777508
0.016687207,0.047126245,0.30547586,0.016085718,0.1967408,0.11642316728830338,19.074810855090618
0.06652527,0.17334713,0.44988853,0.018493287,0.2049702,0.18264488279819488,21.39257089793682
0.040875804,0.04658826,0.22698852,0.030502304,0.028386863,0.07466835118830205,17.61339229159057
0.059680913,0.087914474,0.27829066,0.035458483,0.26469058,0.1452070213854313,20.082245748490095
0.026012613,0.043369915,0.45113704,0.014121405,0.027049197,0.11233803313225507,18.931831159628928
0.0023173885,0.0057743005,0.043550745,0.0080018025,0.005532559,0.013035359047353269,15.456237566657364
0.23429354,0.30714113,0.6392337,0.20315701,0.2681311,0.33039129674434664,26.56369538605213
0.03723766,0.08467917,0.49833253,0.06077584,0.017283395,0.1396617189049721,19.888160161674023
0.18726318,0.3465055,0.7082659,0.14880386,0.3991789,0.35800346434116365,27.530121251940727
0.0021551177,0.004050187,0.06088767,0.00085879746,0.0032566555,0.014241685159504414,15.498458980582654
0.040572457,0.22166404,0.46178403,0.088297926,0.06255025,0.17497374117374417,21.124080941081047
0.16350834,0.36273566,0.68129116,0.068960555,0.32328302,0.3199557468295097,26.19845113903284
0.0002622156,0.0020445571,0.032928705,0.0018604154,0.00052821374,0.00752482142415829,15.26336874984554
0.079297714,0.05990458,0.5367102,0.01494955,0.10399141,0.15897069144994022,20.563974200747907
0.0006070562,0.0017294489,0.029725075,0.0005647256,0.0014603232,0.006817325740121306,15.238606400904246
0.0013716507,0.0031471923,0.040232025,0.0009552035,0.0022200518,0.009585224685724824,15.335482864000369
0.0021306968,0.008836473,0.05861281,0.010015079,0.0023222344,0.016383458394557238,15.573421043809503
0.003141943,0.012082432,0.056412734,0.0022751745,0.043451943,0.023472845274955037,15.821549584623426
0.13723886,0.13669246,0.6567577,0.07168139,0.2762496,0.25572400242090226,23.95034008473158
0.007766637,0.019743556,0.09507513,0.006390582,0.017000325,0.02919524610042572,16.0218336135149
0.22924961,0.2513482,0.38480687,0.17945588,0.28624818,0.26622174680233,24.31776113808155
0.06698738,0.06815507,0.67889965,0.009250227,0.11931206,0.18852087780833243,21.598230723291636
0.0016094047,0.0036276681,0.03690426,0.0023070376,0.012851588,0.011459991871379317,15.401099715498276
0.08935747,0.17101365,0.61596656,0.08239319,0.34468848,0.26068387031555174,24.12393546104431
0.0041488,0.011540361,0.072609775,0.006299363,0.005735734,0.020066806487739085,15.702338227070868
0.00400814,0.008448834,0.060287826,0.0024884806,0.0043883906,0.015924334106966854,15.55735169374384
0.054581154,0.092106044,0.17610905,0.031948067,0.23123576,0.11719601377844811,19.101860482245684
0.14563148,0.376465,0.5374873,0.08819846,0.47533944,0.32462434023618697,26.361851908266544
0.13038063,0.24777275,0.5949058,0.070440404,0.4017623,0.289052377641201,25.116833217442036
0.0013454157,0.0059393602,0.044060275,0.004783358,0.0031031056,0.011846302892081441,15.41462060122285
0.00063157955,0.0037687726,0.053897735,0.004722301,0.0012641365,0.012856904859654607,15.449991670087911
0.016241195,0.09338357,0.1631196,0.016000615,0.026407197,0.06303043588995934,17.206065256148577
0.029013928,0.040485177,0.20534292,0.024910916,0.17681757,0.09531410112977028,18.33599353954196
0.0032972204,0.010889306,0.06819029,0.009806343,0.0029497521,0.019026582641527057,15.665930392453447
0.13017273,0.23030955,0.6319193,0.07628873,0.13358808,0.24045568108558657,23.41594883799553
0.052678972,0.08008492,0.23467512,0.015301202,0.107155986,0.09797924105077982,18.429273436777294
0.007933516,0.01793804,0.35341763,0.0058835195,0.09738552,0.09651164580136538,18.377907603047788
0.0028949042,0.0079668965,0.056887526,0.0021945846,0.0035649508,0.01470177243463695,15.514562035212293
0.004168629,0.02844413,0.07905384,0.027928686,0.0042012604,0.0287593093700707,16.006575827952474
0.0009013605,0.0032655834,0.03333293,0.0028785958,0.002034879,0.008482669561635703,15.29689343465725
0.02254226,0.05509455,0.17316023,0.03438808,0.010254683,0.05908796004951,17.06807860173285
0.0073514096,0.019999227,0.1429101,0.033059645,0.09113367,0.05889080874621868,17.061178306117654
0.037408978,0.048876364,0.5622656,0.023242395,0.22144353,0.17864736914634707,21.252657920122147
0.112199895,0.19838844,0.61306214,0.044207968,0.21742189,0.23705606758594513,23.29696236550808
0.049081795,0.04835034,0.29534358,0.05194862,0.098435804,0.1086320273578167,18.802120957523584
0.006715953,0.019114535,0.11149172,0.012386882,0.0035770598,0.030657229432836178,16.073003030149266
0.23067355,0.30062854,0.6453581,0.09714365,0.3333298,0.3214267253875733,26.249935388565063
0.041946493,0.08850795,0.30477253,0.00617836,0.08460573,0.10520221209153534,18.682077423203737
0.0025260516,0.0168897,0.07118922,0.017331325,0.004034572,0.022394173173233868,15.783796061063185
0.0043979078,0.022124752,0.11463315,0.009143937,0.0044060117,0.030941151920706036,16.08294031722471
0.12147901,0.21700487,0.79597884,0.041087452,0.2815115,0.2914123319089413,25.199431616812944
0.019454146,0.05269169,0.22755383,0.036445115,0.056114413,0.07845183871686459,17.74581435509026
0.13104945,0.14306638,0.31296015,0.04088518,0.12939519,0.1514712691307068,20.301494419574738
0.15120232,0.2700311,0.5777082,0.08764296,0.403457,0.2980083093047142,25.430290825664997
0.040258322,0.06082844,0.2184485,0.05227609,0.055322673,0.08542680591344833,17.98993820697069
0.31203556,0.3484945,0.62924725,0.24475507,0.36619174,0.3801448255777359,28.305068895220757
0.002157774,0.008649177,0.06840341,0.004932087,0.030237356,0.022875960404053333,15.800658614141867
0.004932272,0.0069464953,0.09327124,0.0016790832,0.00383098,0.02213201418053359,15.774620496318676
0.11823147,0.2198308,0.8525184,0.0629918,0.32663697,0.31604188233613967,26.06146588176489
0.002810017,0.013314274,0.060724255,0.019559799,0.004184479,0.020118564693257214,15.704149764264002
0.0028088198,0.006062008,0.05697991,0.0021725418,0.0064403294,0.014892721688374877,15.52124525909312
0.05661355,0.12173202,0.5651173,0.053338923,0.32844564,0.2250494867563248,22.876732036471367
0.002081028,0.004800365,0.06689289,0.0008734051,0.00336184,0.015601906005758793,15.546066710201558
0.009096274,0.011384103,0.1292321,0.0029927946,0.0053178496,0.03160462309606374,16.10616180836223
0.0065768175,0.005012141,0.26712012,0.0016099197,0.0031138924,0.05668657871428877,16.984030255000107
0.024894811,0.023839727,0.46018544,0.010272809,0.009864614,0.10581148006021977,18.70340180210769
0.006142236,0.022791933,0.0726724,0.0032972705,0.037198666,0.028420500596985223,15.994717520894483
0.0039881393,0.017194089,0.10739805,0.008545498,0.002952008,0.02801555646583438,15.980544476304203
0.00089016435,0.0044011823,0.047011722,0.0027743303,0.0011482965,0.011245139071252198,15.393579867493827
0.0012346667,0.0025408221,0.04036964,0.0007887495,0.0044232598,0.009871427819598468,15.345499973685946
0.0009229374,0.0040631657,0.046113133,0.0014800768,0.0009711494,0.010710092564113437,15.37485323974397
0.0034233793,0.02168856,0.085084885,0.011937571,0.003219643,0.02507080766372383,15.877478268230334
0.13515987,0.2674644,0.54629946,0.17339723,0.1886263,0.2621894508600235,24.176630780100822
0.009537402,0.03826163,0.1286328,0.012878148,0.01200997,0.040263989567756654,16.409239634871483
0.0006254242,0.0013622585,0.029607844,0.0003568194,0.0015511528,0.006700699689099566,15.234524489118485
0.07728834,0.057810795,0.30380365,0.026804218,0.12396098,0.11793359629809856,19.12767587043345
0.009959323,0.026006151,0.21516591,0.025917392,0.029503033,0.06131036244332791,17.145862685516477
0.024533704,0.09492019,0.14259464,0.026626993,0.06460502,0.07065610811114312,17.47296378389001
0.07930231,0.14447756,0.8010507,0.025154099,0.1540399,0.24080491960048675,23.428172186017036
0.009805765,0.022832124,0.1051333,0.00884333,0.020041583,0.03333122078329325,16.166592727415264
0.0046489565,0.0111427,0.07245673,0.002159436,0.005990924,0.019279749738052493,15.674791240831837
0.006459823,0.01945808,0.09044477,0.007777345,0.0044417814,0.0257163604721427,15.900072616524994
0.018645123,0.055318665,0.15616852,0.013797064,0.038396597,0.05646519381552935,16.976281783543527
0.15864016,0.20180483,0.60550934,0.0371986,0.27972758,0.25657610222697264,23.98016357794404
0.018418666,0.029124338,0.14079362,0.037647642,0.012845867,0.04776602704077959,16.671810946427286
0.023861825,0.044108763,0.18077146,0.016508508,0.023131965,0.05767650343477727,17.018677620217204
0.020458298,0.11471124,0.3147386,0.08324398,0.019970547,0.11062453351914883,18.87185867317021
0.05926582,0.070690624,0.29321024,0.02777766,0.022532245,0.09469531737267972,18.31433610804379
0.010120523,0.025357291,0.09750661,0.003953666,0.09168127,0.04572387291118503,16.600335551891476
0.01729494,0.034555,0.117761694,0.005940458,0.088661365,0.05284269116818906,16.849494190886617
0.016055943,0.09279813,0.15504342,0.06726484,0.015647203,0.06936190761625767,17.42766676656902
0.012085261,0.06461431,0.18370438,0.082559235,0.021943873,0.07298141121864318,17.55434939265251
0.0023558773,0.0063171596,0.07884355,0.002194898,0.0018684836,0.018315993482247,15.641059771878645
0.11363275,0.26396316,0.43808904,0.07933737,0.4411894,0.26724234819412235,24.35348218679428
0.10134117,0.14287408,0.7200802,0.0743542,0.2750085,0.26273162961006163,24.195607036352158
0.066776276,0.09743707,0.54461586,0.03301848,0.30396393,0.2091623239219189,22.32068133726716
0.20581208,0.17479646,0.713567,0.042870075,0.18957324,0.26532377600669865,24.28633216023445
0.0034068062,0.014019008,0.07112119,0.015936343,0.004032863,0.021703242650255562,15.759613492758945
0.07759828,0.14937375,0.5676772,0.058427315,0.23207654,0.217030618339777,22.596071641892195
0.009804015,0.019115672,0.061525073,0.006337405,0.030726025,0.025501637905836105,15.892557326704264
0.008748638,0.018839844,0.12990886,0.02331134,0.0054302956,0.03724779533222318,16.30367283662781
0.005686638,0.012231224,0.06193309,0.0031172778,0.009954617,0.01858456926420331,15.650459924247116
0.012196132,0.027766053,0.15854214,0.015940135,0.0050409157,0.043897075392305855,16.536397638730705
0.16720194,0.1737566,0.461907,0.04537605,0.2486624,0.21938079670071603,22.67832788452506
0.11833242,0.14552878,0.39872482,0.1015422,0.15406111,0.1836378663778305,21.427325323224068
0.25211826,0.2814573,0.70093167,0.12843435,0.32106265,0.3368008464574814,26.78802962601185
0.0008455298,0.0042490494,0.03456157,0.0025855345,0.0014676425,0.008741865365300328,15.305965287785511
0.24600023,0.23592314,0.6137258,0.19016731,0.30318427,0.3178001463413238,26.123005121946335
0.009826116,0.025107132,0.10614294,0.0061711613,0.012972932,0.032044056057929995,16.12154196202755
0.0012609324,0.0035979506,0.03995669,0.0010522777,0.0018960761,0.009552785148844124,15.334347480209544
0.007387231,0.022695478,0.14481811,0.008095614,0.0034200994,0.03728330689482391,16.304915741318837
0.08834769,0.18545872,0.34235,0.023303507,0.08507863,0.1449077095836401,20.071769835427403
0.0029220546,0.006461962,0.04131738,0.0011657437,0.02048645,0.014470718242228032,15.506475138477981
0.034883574,0.04658962,0.254784,0.07166865,0.1524262,0.11207040548324584,18.922464191913605
0.0590957,0.07077255,0.25216344,0.009429077,0.10760044,0.09981224201619626,18.49342847056687
0.04605624,0.08593956,0.61908233,0.038719963,0.29588932,0.2171374820172787,22.599811870604753
0.0007375361,0.0020039903,0.033758275,0.0015840568,0.0026470681,0.008146185311488807,15.285116485902108
0.009501492,0.018118564,0.15491386,0.017992983,0.005426588,0.04119069678708911,16.44167438754812
0.05734281,0.09797247,0.16863836,0.11587192,0.10494356,0.10895382389426231,18.81338383629918
0.059136808,0.06209545,0.26811147,0.05996183,0.06176855,0.10221482068300247,18.577518723905087
0.09600415,0.1586571,0.29461533,0.03185858,0.35025954,0.1862789407372475,21.51976292580366
0.068196744,0.06383388,0.7026276,0.017122256,0.19763578,0.20988325215876102,22.345913825556636
0.121285304,0.26052815,0.7194543,0.06278762,0.27290103,0.28739127814769744,25.05869473516941
0.26430297,0.26271006,0.54390913,0.1575853,0.3453669,0.31477487087249756,26.017120480537415
0.10843479,0.061941884,0.6705847,0.010098139,0.062057976,0.18262349329888825,21.391822265461087
0.0009587279,0.002400993,0.031393453,0.00051935064,0.0021313173,0.0074807684402912866,15.261826895410195
0.0018019249,0.014043382,0.0643963,0.015638188,0.0020476757,0.019585493975318967,15.685492289136164
0.0024583172,0.016214248,0.06979562,0.009985008,0.0027285991,0.020236359164118766,15.708272570744157
0.050629094,0.08690763,0.49619246,0.038299136,0.23866943,0.18213954865932466,21.374884203076363
0.0006765063,0.0033564046,0.0449818,0.0014024989,0.0009183843,0.010267118830233813,15.359349159058183
0.0024581158,0.008837417,0.0627421,0.01262395,0.0047004153,0.018272399390116337,15.639533978654072
0.030985849,0.05850327,0.17398693,0.021513563,0.017070983,0.06041211821138859,17.1144241373986
0.19696362,0.30987033,0.65259117,0.20604843,0.33103532,0.3393017739057541,26.875562086701393
0.0049906424,0.014182069,0.04833051,0.0024121867,0.018920984,0.017767278151586654,15.621854735305533
0.05184099,0.106470816,0.30240682,0.021126239,0.24313453,0.144995878264308,20.07485573925078
0.05355362,0.077097,0.23781852,0.023139691,0.12810154,0.10394207499921322,18.637972624972463
0.0016338994,0.0044595795,0.04408852,0.00091589865,0.008454368,0.01191045321756974,15.41686586261494
0.10385768,0.17186923,0.60263324,0.054595586,0.26311207,0.2392135612666607,23.372474644333124
0.07068145,0.10242018,0.22270529,0.046060015,0.2612963,0.14063264802098274,19.922142680734396
0.035639666,0.032928083,0.44930452,0.019145958,0.0137086315,0.11014537196606398,18.85508801881224
0.040198077,0.030682772,0.35767615,0.016471883,0.011727776,0.09135133139789105,18.197296598926187
0.016195804,0.027314395,0.21201493,0.022388825,0.006240035,0.05683079743757844,16.989077910315245
0.039736394,0.07604553,0.23856059,0.01871837,0.030240022,0.08066018000245095,17.823106300085783
0.04841684,0.09570931,0.7542932,0.037417937,0.2803469,0.24323683828115467,23.513289339840412
0.0055776136,0.024163457,0.10213256,0.010756224,0.005642112,0.0296543930657208,16.037903757300228
0.025592983,0.041685417,0.18587849,0.03673723,0.02027847,0.06203451715409756,17.171208100393414
0.02508653,0.056435086,0.14163591,0.051403884,0.042642925,0.06344086676836014,17.220430336892605
0.0024111406,0.007125418,0.05239699,0.00716879,0.003844771,0.014589422009885313,15.510629770345986
0.0029211473,0.011362143,0.06583225,0.005432024,0.0030387857,0.017717269947752357,15.620104448171332
0.032400936,0.05903228,0.4046078,0.0110884365,0.20690306,0.14280650205910206,19.998227572068572
0.0017493289,0.00290676,0.034390084,0.0006633675,0.0067335847,0.009288625104818494,15.325101878668647
0.019252937,0.05297614,0.14226805,0.011674041,0.02379825,0.0499938827008009,16.74978589452803
0.0037449866,0.01702933,0.14668898,0.0097364625,0.065147035,0.04846935938112438,16.696427578339353
0.07968092,0.14326459,0.32190776,0.08073524,0.3839795,0.20191360116004944,22.06697604060173
0.09295383,0.29547662,0.4756188,0.046599183,0.47991186,0.27811206057667737,24.733922120183706
0.030580204,0.064140014,0.3991924,0.025405947,0.09357399,0.12257850915193558,19.290247820317745
0.031809688,0.0418829,0.2453883,0.059607655,0.0150732165,0.07875235136598349,17.756332297809422
0.021509808,0.046024572,0.25971857,0.070926584,0.027415741,0.08511905446648597,17.97916690632701
0.002114403,0.0038910303,0.072995946,0.0007374437,0.010195933,0.017986951232887804,15.629543293151073
0.0026444911,0.013560663,0.06293438,0.0063575227,0.002380991,0.017575608799234033,15.615146307973191
0.08785701,0.12662403,0.32087195,0.034359306,0.21416765,0.15677599012851715,20.4871596544981
0.03934683,0.17388538,0.5006408,0.06851725,0.052215163,0.1669210858643055,20.842238005250692
0.014696438,0.057063945,0.14493595,0.033205997,0.01792008,0.05356448218226433,16.87475687637925
0.008206075,0.0220434,0.10038801,0.03322475,0.014112711,0.03559498973190785,16.245824640616775
0.015182638,0.025197867,0.23797394,0.016003093,0.0045125033,0.05977400885894895,17.092090310063213
0.009015771,0.010885896,0.1416111,0.0014307745,0.017364612,0.03606163046788424,16.26215706637595
0.02170738,0.06025675,0.844946,0.011956523,0.20319378,0.22841209266334775,22.99442324321717
0.022382027,0.07241377,0.28758797,0.05619129,0.06084828,0.09988466836512089,18.49596339277923
0.0024704153,0.009291502,0.056588776,0.01473748,0.006295069,0.017876648576930165,15.625682700192556
0.00082093984,0.005690141,0.039209392,0.0065193917,0.001117147,0.010671402316074817,15.373499081062619
0.012807129,0.08089098,0.23281163,0.05161286,0.027877789,0.0812000785022974,17.84200274758041
0.1293603,0.38436067,0.6392718,0.08043106,0.27499557,0.30168387889862064,25.55893576145172
0.039095763,0.05131682,0.36088246,0.029681344,0.21398571,0.13899241983890534,19.864734694361687
0.0963183,0.24941036,0.5368173,0.045641918,0.43394855,0.272427286952734,24.53495504334569
0.0023797713,0.0048067956,0.05696237,0.0012915031,0.008942526,0.014876593346707524,15.520680767134763
0.24613981,0.27918097,0.6340247,0.16323552,0.35484177,0.33548454940319067,26.74195922911167
0.113172814,0.23983349,0.7034129,0.046659783,0.20561732,0.26173925995826725,24.160874098539352
0.08725284,0.20528285,0.39227882,0.043127455,0.43454528,0.23249744921922685,23.13741072267294
0.021455323,0.08626206,0.22704814,0.02178522,0.038963545,0.07910285890102386,17.768600061535835
0.070418954,0.039671797,0.74241394,0.0044205226,0.024076499,0.17620034217834474,21.167011976242065
0.22863315,0.29315308,0.64801455,0.15867531,0.24831091,0.3153573989868165,26.037508964538574
0.016419241,0.033352584,0.09328949,0.04338106,0.03619992,0.04452845863997937,16.558496052399278
0.04316998,0.11893586,0.35439605,0.013592106,0.13599785,0.1332183675840497,19.66264286544174
0.0151352985,0.032640528,0.13837104,0.033518307,0.009196531,0.04577233996242285,16.6020318986848
0.0046306215,0.02302491,0.19868258,0.019463185,0.008201591,0.05080057661980392,16.778020181693137
0.0010809659,0.002293217,0.03200999,0.0006482268,0.0031309386,0.007832667464390397,15.274143361253664
0.036578413,0.1554448,0.352638,0.07266485,0.037878286,0.13104087114334106,19.586430490016937
0.010240716,0.014843497,0.17906912,0.01298908,0.00582908,0.04459429793059826,16.56080042757094
0.0012143187,0.0030268577,0.035211388,0.0005322843,0.0028188974,0.008560749224852771,15.299626222869847
0.025059393,0.035100818,0.23952924,0.027857384,0.041945208,0.0738984078168869,17.58644427359104
0.055670317,0.11373461,0.2115379,0.030692432,0.34227628,0.15078230649232865,20.277380727231503
0.011129892,0.030461656,0.29714876,0.016956989,0.004533637,0.07204618761315941,17.52161656646058
0.20848463,0.35513484,0.7372736,0.11897279,0.3598443,0.35594202876091,27.45797100663185
0.25874606,0.22693814,0.43871918,0.07697417,0.24089518,0.2484545469284058,23.6959091424942
0.24188928,0.33260477,0.5380583,0.23432246,0.3825256,0.345880076289177,27.105802670121193
0.004315032,0.011879141,0.06950306,0.0048827264,0.0046697925,0.019049950782209637,15.666748277377337
0.0027131888,0.0072500478,0.080375746,0.0030167645,0.0021932276,0.01910979491658509,15.668842822080478
0.16013439,0.2520876,0.6976707,0.14567527,0.2125368,0.29362094998359684,25.276733249425888
0.015454431,0.016558945,0.18559168,0.0028450813,0.01361365,0.04681275798939168,16.63844652962871
0.09593713,0.1416267,0.24488777,0.149307,0.19840844,0.16603340804576874,20.811169281601906
0.0011416951,0.0041853767,0.04306503,0.0031334353,0.0016517438,0.010635456186719239,15.372240966535173
0.0066302246,0.019596143,0.13074309,0.009593419,0.0036856108,0.034049696661531924,16.191739383153617
0.027131882,0.07097084,0.16850431,0.017910969,0.16984591,0.09087278246879578,18.180547386407852
0.046049897,0.06592701,0.34637478,0.027636688,0.19114888,0.13542744964361192,19.739960737526417
0.014119055,0.018961944,0.15370221,0.022901282,0.0119465,0.04432619903236627,16.55141696613282
0.005696406,0.020219695,0.07865923,0.021300804,0.004763116,0.026127849984914065,15.914474749471992
0.027987763,0.041935228,0.16566877,0.022211121,0.02471746,0.0565040685236454,16.97764239832759
0.003085097,0.012527673,0.07334236,0.007120488,0.002626691,0.019740461884066463,15.690916165942326
0.044982087,0.04413179,0.333509,0.0749152,0.020257792,0.10355917327105998,18.6245710644871
0.02270957,0.024830695,0.18426628,0.007345322,0.032310337,0.05429244181141257,16.90023546339944
0.0041627223,0.011201695,0.12753956,0.006030492,0.0036990512,0.0305267040617764,16.068434642162174
0.015860366,0.02750205,0.40144357,0.0072540063,0.014177917,0.09324758201837541,18.26366537064314
0.021392075,0.11625666,0.27232286,0.048280697,0.029447133,0.09753988608717919,18.41389601305127
0.0023420448,0.009264384,0.061452642,0.00709535,0.002898959,0.01661067605018616,15.581373661756516
0.04074561,0.07818321,0.61351,0.07447365,0.12368743,0.1861199826002121,21.514199391007423
0.15011112,0.17278264,0.6388176,0.04960378,0.31220463,0.2647039569914341,24.264638494700193
0.13257518,0.12201643,0.39149144,0.08048692,0.24240735,0.19379546642303466,21.782841324806213
0.003925196,0.026096432,0.0808374,0.023629194,0.004073199,0.02771228384226561,15.969929934479296
0.11394345,0.23470452,0.43212423,0.052485652,0.27430794,0.22151315808296207,22.75296053290367
0.004081845,0.012324202,0.0839125,0.0035183227,0.004413303,0.021650034328922634,15.757751201512292
0.0022433728,0.010017727,0.052252468,0.006592279,0.0032547477,0.01487211873754859,15.5205241558142
0.09539857,0.18899775,0.47054902,0.0446617,0.32414496,0.22475039809942246,22.866263933479786
0.10616114,0.18745513,0.72619617,0.088515684,0.33709353,0.28908433169126513,25.11795160919428
0.14602168,0.24837238,0.6460842,0.055953458,0.3332201,0.28593035936355593,25.007562577724457
0.0011107551,0.0023337058,0.031011116,0.0004938005,0.0027777015,0.007545415731146931,15.264089550590143
0.004598065,0.01533505,0.2296174,0.02093128,0.11501438,0.07709923563525081,17.69847324723378
0.0009310801,0.0020030807,0.04686064,0.0015005213,0.002867408,0.01083254583645612,15.379139104275964
0.001746826,0.00714352,0.0473356,0.0044813356,0.0025126045,0.012643976905383169,15.442539191688411
0.0043022283,0.009858952,0.060205482,0.0031307435,0.0062213866,0.0167437584605068,15.586031546117738
0.0011154483,0.0047674333,0.05162968,0.002528772,0.001694425,0.012347151944413782,15.432150318054482
0.00089695596,0.0052223573,0.04263964,0.0043570874,0.0012136151,0.01086593100335449,15.380307585117407
0.00056591374,0.004575443,0.035117246,0.0047304006,0.0009325094,0.009184302599169315,15.321450590970926
0.0012156669,0.007380053,0.047375444,0.0069947015,0.0016060959,0.012914392305538059,15.452003730693832
0.0003078842,0.0027469073,0.026477141,0.004835239,0.0008054786,0.00703453011228703,15.246208553930046
0.013227414,0.044275958,0.11469264,0.005713387,0.016781697,0.038938219938427214,16.362837697844952
0.03901707,0.08838961,0.40274802,0.12922084,0.11118267,0.15411164239048958,20.393907483667135
0.017756555,0.03945771,0.14966063,0.013772865,0.057369508,0.05560345370322466,16.946120879612863
0.023458881,0.030597655,0.1511049,0.035011094,0.019954845,0.052025474607944495,16.820891611278057
0.0116244005,0.019645657,0.16729283,0.051841155,0.008403957,0.05176160056144,16.8116560196504
0.022181842,0.04361833,0.22160338,0.015521292,0.24286279,0.10915752649307252,18.820513427257538
0.0013081415,0.005232166,0.03641021,0.0020870196,0.0027923814,0.009565983479842544,15.334809421794489
0.088818885,0.098477274,0.27782363,0.02754267,0.042437453,0.10701998174190522,18.745699360966682
0.026387313,0.022506325,0.30584994,0.0057121245,0.011568739,0.07440488822758198,17.60417108796537
0.124400645,0.28903288,0.43788818,0.055143893,0.45515206,0.2723235309123993,24.531323581933975
0.023006361,0.019555027,0.55169755,0.0052955816,0.020516703,0.12401424488052727,19.340498570818454
0.013876131,0.03075334,0.13949315,0.03521892,0.014028938,0.04667409639805555,16.633593373931944
0.011196467,0.03538508,0.09700587,0.045100667,0.014033516,0.040544319152832034,16.41905117034912
0.0074577383,0.021888275,0.15534344,0.019504072,0.16360259,0.07355922376737,17.57457283185795
0.11951751,0.27657762,0.74789804,0.082200274,0.35567695,0.3163740798830986,26.07309279590845
0.0013210387,0.004353783,0.039126586,0.0017393874,0.0025496837,0.009818095806986095,15.343633353244513
0.0021429812,0.0137607185,0.059228465,0.012074665,0.00252468,0.017946301959455013,15.628120568580925
0.1505975,0.32137173,0.5884521,0.15086661,0.20317173,0.2828919351100922,24.901217728853226
0.033599675,0.08191329,0.22073813,0.024240889,0.106722586,0.09344291388988495,18.270501986145973
0.0025168913,0.014208933,0.062280305,0.008021865,0.0026425763,0.01793411416001618,15.627693995600566
0.03169149,0.06948423,0.33843172,0.03661696,0.01772386,0.09878965057432652,18.457637770101428
0.18283093,0.24273542,0.49828333,0.03994211,0.1504097,0.2228402964770794,22.79941037669778
0.09291078,0.21817116,0.67791295,0.065296285,0.37284175,0.2854265853762627,24.989930488169193
0.02018387,0.018120011,0.39288214,0.009415782,0.026744336,0.09346922766417266,18.271422968246043
0.002334444,0.01247779,0.060353823,0.013996465,0.0031234452,0.0184571934863925,15.646001772023737
0.017125115,0.03772663,0.1348239,0.012820201,0.056596387,0.05181844718754292,16.813645651564002
0.07877085,0.16894023,0.31509617,0.020633059,0.23116635,0.1629213321954012,20.70224662683904
0.10367803,0.20533527,0.49665463,0.06512901,0.09978262,0.19411591440439224,21.79405700415373
0.04753789,0.07975436,0.44017932,0.05217703,0.24330807,0.172591333091259,21.040696658194065
0.11938499,0.26550522,0.47873273,0.046015784,0.11376746,0.20468123853206635,22.163843348622322
0.111842096,0.12955293,0.53409415,0.04425925,0.0783609,0.17962186634540558,21.286765322089195
0.012476245,0.028639538,0.07290802,0.010023687,0.01900463,0.02861042432487011,16.001364851370454
0.15736276,0.23965523,0.56237197,0.12719312,0.3194809,0.2812127947807312,24.842447817325592
0.0042331005,0.00940209,0.13326246,0.003645412,0.0045545916,0.031019529839977626,16.085683544399217
0.012410611,0.14777012,0.37649456,0.10657692,0.04417079,0.13748459964990617,19.811960987746716
0.0011873094,0.0063209925,0.048375864,0.007862459,0.0033450013,0.013418325129896403,15.469641379546374
0.01176167,0.030318027,0.12354562,0.015095957,0.0139191495,0.038928084075450904,16.36248294264078
0.0019129143,0.0072189886,0.054209057,0.0032799307,0.0022350843,0.013771195034496485,15.481991826207377
0.024256937,0.042610265,0.26846454,0.008495246,0.13882467,0.09653033111244441,18.378561588935554
0.0059375474,0.044598915,0.12640819,0.034740932,0.009089262,0.04415496923029423,16.545423923060298
0.06433492,0.08360554,0.3277029,0.029756308,0.20734145,0.14254822582006457,19.98918790370226
0.011584535,0.016458578,0.31463012,0.049241856,0.10162404,0.09870782643556594,18.454773925244808
0.09753061,0.16109633,0.4660228,0.0342197,0.344088,0.22059148475527765,22.720701966434717
0.005396906,0.024771195,0.10957413,0.0077456757,0.0054496056,0.030587502755224705,16.070562596432865
0.015359024,0.037186615,0.24881926,0.046675783,0.18014236,0.10563660822808743,18.69728128798306
0.039049294,0.08279715,0.7578491,0.016897446,0.20706561,0.22073171921074392,22.725610172376037
0.099283054,0.25534472,0.6558034,0.07221542,0.40432894,0.2973951041698456,25.408828645944595
0.14866847,0.23219949,0.31201923,0.2052591,0.17056914,0.21374308466911315,22.48100796341896
0.026421612,0.068249665,0.15814494,0.012287816,0.16224946,0.08547069802880287,17.9914744310081
0.004053291,0.018169746,0.0727966,0.019939398,0.005130576,0.0240179218351841,15.840627264231443
0.124905705,0.24179167,0.39582577,0.03529887,0.39797363,0.23915912806987763,23.370569482445717
0.006211875,0.016827762,0.15741189,0.016324278,0.003357116,0.04002658384852111,16.40093043469824
0.00027649407,0.0009061197,0.019801816,0.00047545918,0.0015276261,0.004597502999240533,15.160912604973419
0.012153036,0.03249982,0.15468585,0.005954012,0.04286173,0.04963089050725102,16.737081167753786
0.13054352,0.0931223,0.4123281,0.08740946,0.11069926,0.1668205261230469,20.83871841430664
0.013619767,0.017010558,0.13021007,0.023899168,0.018997364,0.04074738565832377,16.42615849804133
0.002924431,0.016211288,0.058089186,0.022177698,0.0027861055,0.020437741652131084,15.715320957824588
0.002174125,0.013580533,0.055763382,0.012436411,0.0021279147,0.017216473259031775,15.602576564066112
0.011350146,0.037699495,0.1344684,0.015427629,0.041503664,0.048089868016541006,16.683145380578935
0.03323158,0.07141379,0.13311696,0.109122135,0.081392,0.08565529286861422,17.997935250401497
0.034421656,0.08893041,0.18111473,0.014479411,0.16088614,0.09596647042781116,18.35882646497339
0.0050742514,0.023965988,0.08523225,0.0340269,0.011322361,0.031924350000917916,16.117352250032127
0.020780506,0.023340274,0.3190803,0.014856696,0.010954998,0.07780255340039731,17.723089369013906
0.0020349554,0.013114192,0.05068477,0.019259593,0.001990456,0.017416792828589676,15.609587749000639
0.036297496,0.1236818,0.23605892,0.0295068,0.08671113,0.10245122946798801,18.58579303137958
0.004184882,0.018331518,0.0811335,0.010739265,0.079710715,0.03881997596472502,16.358699158765376
0.0018012064,0.005337278,0.048009653,0.0027411373,0.0026323586,0.012104326556436716,15.423651429475285
0.0034297751,0.016783625,0.06426677,0.025819363,0.004803815,0.0230206698179245,15.805723443627357
0.001423906,0.006982861,0.072094835,0.002921966,0.0011815621,0.016921026073396205,15.592235912568867
0.14616814,0.33356416,0.4559484,0.074562475,0.45193237,0.29243511259555816,25.235228940844536
0.0012985497,0.003862747,0.042209018,0.0029563238,0.0023725405,0.010539835807867347,15.368894253275357
0.027278084,0.037024688,0.5084557,0.022601848,0.033398952,0.1257518533617258,19.401314867660403
0.0044226972,0.0069733807,0.13000193,0.0039368244,0.0028072563,0.029628418199718,16.03699463699013
0.0020912804,0.0051891813,0.045104932,0.0010742449,0.0036394226,0.01141981224063784,15.399693428422324
0.06711918,0.10017808,0.35200474,0.028776463,0.27321061,0.1642578147351742,20.749023515731096
0.011693506,0.01327786,0.10644137,0.0028282984,0.016231438,0.030094494717195632,16.053307315101847
0.08031813,0.057061225,0.50753456,0.024158083,0.033037268,0.1404218539595604,19.914764888584614
0.03880705,0.05749951,0.27051535,0.023365363,0.21921515,0.12188048586249352,19.265817005187273
0.0076325964,0.0157121,0.079859816,0.0032072573,0.05937435,0.03315722388215363,16.160502835875377
0.102433294,0.33166662,0.51130176,0.055924296,0.48401123,0.2970674395561218,25.397360384464264
0.02081565,0.07170501,0.1892896,0.042411625,0.012298603,0.06730409823358059,17.35564343817532
0.1367324,0.31243277,0.5707977,0.08251683,0.23558214,0.26761236339807515,24.36643271893263
0.0053092935,0.013807754,0.05414919,0.0065010996,0.018714072,0.019696282222867012,15.689369877800345
0.005550551,0.013561288,0.22377226,0.0063898405,0.078844845,0.06562375649809837,17.296831477433443
0.042211294,0.07189317,0.14344764,0.08349529,0.12056478,0.09232243448495865,18.231285206973553
0.05178199,0.07871059,0.27902645,0.04277047,0.10545568,0.11154903694987298,18.904216293245554
0.0063426443,0.036333825,0.093708515,0.048374895,0.008101033,0.03857218259945512,16.35002639098093
0.00056507287,0.006094959,0.035704736,0.0050854604,0.0006129331,0.009612632216885688,15.336442127590999
0.0021122834,0.013367765,0.079624064,0.008871024,0.003048912,0.021404809551313523,15.749168334295973
0.0014411439,0.0056364085,0.05473724,0.0038849988,0.0019893772,0.013537833699956538,15.473824179498479
0.15741582,0.23910315,0.47483775,0.026447223,0.32517204,0.24459519721567632,23.56083190254867
0.0042936536,0.010982731,0.057789147,0.009198756,0.009107835,0.01827442450448871,15.639604857657105
0.03088055,0.10814535,0.23748066,0.062442504,0.034851395,0.09476009048521519,18.31660316698253
0.13429411,0.22424893,0.8349831,0.05240551,0.3204655,0.31327943280339243,25.964780148118734
0.0037288847,0.010268917,0.06975,0.011189363,0.005154241,0.020018281880766153,15.700639865826815
0.033923417,0.12808548,0.3678017,0.0746324,0.025057651,0.12590012848377227,19.40650449693203
0.0065806974,0.017041491,0.06869979,0.0089119645,0.0069767535,0.02164213974028826,15.757474890910089
0.029164877,0.034807395,0.27559003,0.045025352,0.1646626,0.10985005125403405,18.84475179389119
0.0012965971,0.0030771669,0.035564926,0.0011435361,0.004091832,0.009034811472520232,15.316218401538208
0.067080244,0.15737076,0.65631086,0.07925364,0.34001797,0.260006694495678,24.100234307348728
0.0007736757,0.0018910825,0.031808395,0.0006512524,0.0031637796,0.007657637028023601,15.268017295980826
0.0029444683,0.007010876,0.05581348,0.0011779217,0.004537307,0.01429681070148945,15.50038837455213
0.082460165,0.2317294,0.7376165,0.061505325,0.34251934,0.2911661431193352,25.19081500917673
0.009618528,0.013497362,0.10437159,0.009925861,0.008693495,0.02922136764973402,16.02274786774069
0.04044774,0.059847195,0.15910853,0.1141634,0.096817836,0.0940769411623478,18.292692940682173
0.007756718,0.010789381,0.08298578,0.0020011093,0.013375427,0.023381683276966214,15.818358914693817
0.012517182,0.03144883,0.09944248,0.02321736,0.034435153,0.040212201327085494,16.407427046447992
0.041976012,0.13982992,0.26617077,0.020966565,0.053420085,0.10447267033159732,18.656543461605906
0.004010598,0.013809475,0.078836754,0.005710884,0.0034987954,0.021173301339149478,15.741065546870232
0.004330336,0.011974901,0.09949042,0.0036109178,0.002998511,0.02448101700283587,15.856835595099255
0.016593823,0.028389022,0.2712593,0.03399361,0.010595523,0.07216625697910786,17.525818994268775
0.0044799955,0.013025081,0.06476483,0.03187205,0.005545676,0.023937525786459447,15.83781340252608
0.09299125,0.23151536,0.77913105,0.044504277,0.26820964,0.2832703158259392,24.91446105390787
0.0027092488,0.015339896,0.0588947,0.024492143,0.0035527756,0.020997752901166677,15.734921351540834
0.0036547869,0.017794102,0.06309076,0.027723245,0.002939655,0.023040509223937994,15.80641782283783
0.0008815654,0.0046061166,0.041145656,0.0024362586,0.001218888,0.010057696956209838,15.352019393467344
0.020034907,0.038431805,0.22686438,0.017562026,0.16259865,0.09309835508465766,18.25844242796302
0.026973197,0.04244103,0.3460084,0.017734297,0.014168576,0.08946509789675475,18.131278426386416
0.005227002,0.016621314,0.086931154,0.018468035,0.00788854,0.027027209009975194,15.945952315349132
0.030211011,0.0923549,0.3103273,0.13468161,0.034461387,0.12040724046528341,19.21425341628492
0.000505014,0.003329014,0.036612332,0.002437442,0.00069364475,0.00871548932045698,15.305042126215994
0.121656686,0.1489814,0.6561556,0.033703078,0.2632924,0.24475783184170727,23.566524114459753
0.08393245,0.09235902,0.5126084,0.027004495,0.2700418,0.19718923419713974,21.90162319689989
0.01642498,0.019335223,0.16382065,0.031224972,0.01113508,0.048388181813061246,16.693586363457143
0.017667754,0.056483187,0.1276791,0.068116896,0.022358166,0.05846101939678192,17.046135678887367
0.010863236,0.028260866,0.13567223,0.021122731,0.006623652,0.04050854239612818,16.417798983864486
0.17155339,0.22896674,0.37518045,0.22804807,0.16941215,0.2346321612596512,23.21212564408779
0.00074807,0.0026638298,0.036369454,0.0008986343,0.0010950743,0.008355012524407358,15.292425438354257
0.00026386048,0.0015350358,0.026407741,0.0010236547,0.00033956923,0.005913972243433818,15.206989028520184
0.030016668,0.11152679,0.27873063,0.0269538,0.07738801,0.10492317937314512,18.67231127806008
0.06620562,0.14248028,0.33822027,0.03134777,0.14301802,0.14425439313054086,20.04890375956893
0.020896344,0.018498046,0.35141453,0.011989866,0.0052170833,0.08160317419096828,17.85611109668389
0.11954933,0.32675076,0.6327154,0.048203025,0.39087328,0.30361835882067684,25.626642558723688
0.00028107842,0.0014269887,0.024873415,0.0012467294,0.00064962363,0.005695567041402683,15.199344846449094
0.053260207,0.20793742,0.4607762,0.14721954,0.0664891,0.1871364951133728,21.549777328968048
0.0036116692,0.015513781,0.08145692,0.010747176,0.0051023643,0.02328638252802193,15.815023388480768
0.0040932447,0.013594721,0.07384597,0.015651956,0.008322218,0.023101621679961683,15.808556758798659
0.009061184,0.0153978085,0.07745216,0.008530434,0.021788498,0.02644601706415415,15.925610597245395
0.07928228,0.10108041,0.46508726,0.1499549,0.1298244,0.185045850276947,21.476604759693146
0.111984886,0.24726145,0.46053976,0.046003632,0.44932336,0.2630226165056229,24.2057915776968
0.00494144,0.0068840184,0.20858753,0.0019257345,0.0023538084,0.04493850574363024,16.572847701027058
0.04271426,0.28529438,0.61049056,0.13400538,0.0677548,0.22805187702178956,22.981815695762634
0.1594387,0.305765,0.6345513,0.095955305,0.1753437,0.2742108002305031,24.597378008067608
0.0051760506,0.013366941,0.083110586,0.0017696543,0.03771943,0.028228532127104702,15.987998624448664
0.08808766,0.10759226,0.3058521,0.033360574,0.051321846,0.11724288612604142,19.10350101441145
0.001472343,0.009509124,0.058914788,0.0056231897,0.0016795483,0.01543979858979583,15.540392950642854
0.0020645573,0.013531843,0.06164754,0.010959448,0.0027212633,0.0181849307846278,15.636472577461973
0.007675548,0.03255626,0.101340234,0.038328327,0.005431792,0.03706643190234899,16.297325116582215
0.039373774,0.05730734,0.28180525,0.014772501,0.023962542,0.08344428092241288,17.92054983228445
0.07858705,0.09323592,0.27285212,0.06443769,0.074568726,0.1167363002896309,19.08577051013708
0.0060010953,0.01914398,0.13186045,0.0025486944,0.066000625,0.04511096901260317,16.57888391544111
0.12180106,0.1488783,0.23885229,0.11486585,0.3396609,0.19281168431043624,21.74840895086527
0.0012986388,0.0044321027,0.0455624,0.0012939748,0.001550007,0.010827424935996532,15.378959872759879
0.07519558,0.16490489,0.39370292,0.028128648,0.41371965,0.21513033993542197,22.529561897739768
0.124145634,0.15465488,0.58432144,0.04636234,0.24993654,0.23188416510820392,23.115945778787136
0.0011652131,0.004187981,0.051018897,0.0018191888,0.0011167694,0.011861609970219433,15.41515634895768
0.0068860142,0.01928219,0.1300958,0.011431383,0.0036304044,0.0342651573009789,16.19928050553426
0.006472609,0.020023951,0.09029889,0.0019990543,0.036052782,0.03096945756115019,16.083931014640257
0.0024178089,0.006086427,0.054111082,0.001304726,0.0040211203,0.013588232803158464,15.475588148110546
0.004183307,0.0266036,0.07605184,0.031979553,0.0038405915,0.028531778091564777,15.998612233204767
0.13870066,0.19787395,0.8458841,0.049798068,0.1805213,0.2825556121766567,24.889446426182985
0.14322016,0.16972753,0.49317223,0.12515074,0.3271693,0.25168799161911015,23.809079706668854
0.07507818,0.12233082,0.48307317,0.079077065,0.06291786,0.16449542045593263,20.75733971595764
0.06122737,0.08237578,0.26244822,0.025039386,0.04977883,0.09617391750216485,18.36608711257577
0.0036390007,0.014150111,0.0794893,0.007674872,0.0050133253,0.021993321413174272,15.7697662494611
0.007836375,0.01622993,0.1773632,0.0056499634,0.0072467565,0.04286524532362819,16.500283586326987
0.067581765,0.123391815,0.28877562,0.09065593,0.04319223,0.12271947264671325,19.295181542634964
0.04012592,0.123498924,0.25387913,0.09393595,0.03127018,0.10854202136397362,18.798970747739077
0.006107537,0.0138720665,0.07722136,0.0058757993,0.056491457,0.03191364323720336,16.116977513302118
0.020303627,0.029145883,0.2562963,0.0059638186,0.080332294,0.07840838609263301,17.744293513242155
0.02868461,0.02438989,0.42694935,0.016423702,0.051009882,0.1094914872199297,18.83220205269754
0.18872756,0.3848184,0.69100416,0.16421454,0.39206278,0.3641654878854752,27.74579207599163
0.0312737,0.04305106,0.3907259,0.09026523,0.18133833,0.1473308451473713,20.156579580157995
0.0013619958,0.0108850645,0.050227717,0.011878335,0.0017631751,0.015223257383331657,15.532814008416608
0.0014685652,0.0115062175,0.049898256,0.017081602,0.0018578485,0.016362497676163913,15.572687418665737
0.16877507,0.3428094,0.54597795,0.08547836,0.44424212,0.31745658069849014,26.110980324447155
0.15650904,0.313999,0.6381958,0.069498934,0.38244316,0.31212918907403947,25.92452161759138
0.03242567,0.02221438,0.38453317,0.0061764014,0.05117711,0.09930534595623612,18.475687108468264
0.0046675634,0.020394636,0.07343545,0.018984124,0.007389194,0.024974193144589665,15.874096760060638
0.00054493867,0.0013576515,0.026663376,0.00067003595,0.0021344167,0.006274083780590445,15.219592932320666
0.059850093,0.07546733,0.5644277,0.012088689,0.23424548,0.18921585362404583,21.622554876841605
0.06827966,0.30423057,0.572709,0.111008994,0.10108981,0.2314636126160622,23.101226441562176
0.059126757,0.049706023,0.364843,0.015219386,0.04838842,0.1074567196890712,18.76098518911749
0.0060391985,0.0138156265,0.05463269,0.0054557184,0.021422558,0.02027315814048052,15.709560534916818
0.006910386,0.016691988,0.15242794,0.011716839,0.003920585,0.03833354795351625,16.34167417837307
0.0019119013,0.010035713,0.11318972,0.005324477,0.0060317754,0.027298717270605264,15.955455104471184
0.14243719,0.19010152,0.4454573,0.14236584,0.08398979,0.20087033063173296,22.030461572110653
0.0023473194,0.009741167,0.05807934,0.013791505,0.0024997795,0.017291822051629425,15.60521377180703
0.014435655,0.057800844,0.12094514,0.066066615,0.013712347,0.05459212046116591,16.910724216140807
0.0014668879,0.007776569,0.05103521,0.008519778,0.0018904821,0.01413778553251177,15.494822493637912
0.09377971,0.14223495,0.4743265,0.032583334,0.34865212,0.2183153226971626,22.641036294400692
0.0048471596,0.0143949,0.12264974,0.004214103,0.0030141529,0.029824010375887156,16.04384036315605
0.0053242925,0.01132076,0.11779392,0.0026089326,0.005225831,0.028454746678471567,15.995916133746505
0.001959135,0.0043243803,0.0363289,0.0012688477,0.018273167,0.01243088620249182,15.435081017087214
0.056705177,0.04995195,0.48844868,0.016458293,0.082816646,0.13887614868581294,19.860665204003453
0.003972617,0.01598758,0.07085658,0.019186342,0.0045578917,0.022912202030420305,15.80192707106471
0.11319283,0.07195534,0.6718846,0.018747184,0.1859469,0.21234536841511725,22.432087894529104
0.1737323,0.2448735,0.65858597,0.16423702,0.18108968,0.28450369238853457,24.95762923359871
0.07073303,0.16810559,0.50823075,0.028275039,0.14560136,0.18418915346264841,21.446620371192694
0.031211127,0.072364844,0.15736352,0.026575554,0.20901164,0.09930533766746522,18.475686818361282
0.0026682254,0.009855122,0.07362959,0.003988251,0.004335205,0.018895278358832,15.66133474255912
0.1564448,0.2342488,0.7492221,0.09086935,0.32688096,0.3115332037210465,25.903662130236626
0.0027070208,0.0099791745,0.05013856,0.004489026,0.0069234194,0.014847439993172885,15.519660399761051
0.13309549,0.16398649,0.36198616,0.030296495,0.2007601,0.1780249457806349,21.23087310232222
0.12991789,0.2776343,0.5661737,0.060106933,0.3878621,0.2843389749526978,24.95186412334442
0.01208648,0.024034603,0.11171536,0.023687454,0.033548586,0.04101449679583311,16.43550738785416
0.0935713,0.20809084,0.63472736,0.05278947,0.16785717,0.23140722736716274,23.099252957850695
0.027264934,0.04740761,0.19850145,0.019514292,0.17726676,0.09399100989103318,18.28968534618616
0.0010888744,0.010319618,0.0938338,0.010481641,0.0043450757,0.024013801012188196,15.840483035426587
0.014246687,0.031096125,0.085868165,0.01128511,0.024614265,0.03342207055538893,16.169772469438612
0.008371008,0.010592924,0.32697985,0.0024530164,0.0025881268,0.07019698419608177,17.45689444686286
0.0008412099,0.0052661803,0.04235607,0.006167852,0.0015584929,0.011237961007282138,15.393328635254875
0.0076605733,0.042140696,0.096516825,0.043899782,0.0073010703,0.03950378941372037,16.382632629480213
0.0033034661,0.012310616,0.0620593,0.010200886,0.004105234,0.018395900027826432,15.643856500973925
0.010600388,0.02116883,0.12562698,0.0042143892,0.02939418,0.038200953602790834,16.33703337609768
0.18701434,0.2035266,0.5902719,0.067791924,0.25682172,0.2610852956771851,24.137985348701477
0.0048065903,0.009018008,0.15428321,0.002116523,0.0027708036,0.03459902703762054,16.21096594631672
0.0011167661,0.0069362265,0.044729143,0.009660298,0.0017551958,0.012839525961317122,15.4493834086461
0.08791994,0.17115976,0.37569085,0.03751251,0.42121276,0.2186991646885872,22.65447076410055
0.12165646,0.35461038,0.61642593,0.050356064,0.32051983,0.2927137352526188,25.244980733841658
0.050781287,0.10928904,0.33337498,0.020215977,0.19888717,0.1425096906721592,19.987839173525572
0.054946065,0.30554587,0.56448084,0.12602691,0.08678095,0.22755612730979918,22.964464455842972
0.0026114748,0.0042142454,0.090790674,0.00065288093,0.0049972795,0.02065331094199792,15.722865882969927
0.0027480833,0.010775349,0.057799935,0.020504236,0.004715041,0.01930852895602584,15.675798513460904
0.008563648,0.02017935,0.08062188,0.0037978909,0.009605636,0.024553681584075098,15.859378855442628
0.020339863,0.07468628,0.1919261,0.018533094,0.023169992,0.0657310675829649,17.30058736540377
0.061458807,0.09900764,0.49156108,0.022972532,0.17230138,0.1694602884352207,20.931110095232725
0.047500614,0.057766728,0.22147073,0.02825195,0.14110261,0.0992185264825821,18.472648426890373
0.13558522,0.19523254,0.561849,0.037911598,0.13826127,0.21376792564988137,22.481877397745848
0.026898015,0.09414065,0.21486601,0.03869201,0.027426133,0.08040456362068653,17.81415972672403
0.005111442,0.016652245,0.14162277,0.024103668,0.050619066,0.04762183744460345,16.66676431056112
0.00046297789,0.0022624012,0.032179113,0.0025163481,0.00057948823,0.007600065780570732,15.266002302319976
0.007294345,0.021231312,0.09013686,0.03411341,0.009036918,0.03236256996169686,16.13268994865939
0.17375438,0.35939834,0.6725601,0.16586477,0.39833215,0.35398194491863255,27.389368072152138
0.017758302,0.018428195,0.26393726,0.014440074,0.0070036263,0.0643134924583137,17.25097223604098
0.13144809,0.27101988,0.5875235,0.053382713,0.3959574,0.2878663219511509,25.07532126829028
0.0355431,0.21884543,0.41321972,0.10565661,0.038690705,0.16239111199975015,20.683688919991255
0.0060551306,0.016620448,0.0631278,0.015512698,0.019664414,0.024196098372340206,15.846863443031907
0.10092426,0.2354752,0.5332786,0.05577891,0.40894923,0.2668812356889248,24.340843249112368
0.0021122058,0.006679927,0.047379397,0.0038167615,0.0031971997,0.012637098180130125,15.442298436304554
0.12690453,0.19307913,0.5497349,0.101155415,0.35391095,0.26495698392391204,24.27349443733692
0.04487142,0.10895831,0.5879433,0.036951013,0.057019893,0.1671487905085087,20.850207667797804
0.012659531,0.031758606,0.30048874,0.08268022,0.15727033,0.11697148457169533,19.094001960009336
0.009681905,0.026776232,0.07342957,0.013952764,0.117004424,0.04816897884011269,16.685914259403944
0.0028432517,0.020471226,0.063814126,0.03096401,0.0044511026,0.02450874322094023,15.857806012732908
0.011081755,0.02918945,0.14126833,0.029627182,0.0058868565,0.04341071434319019,16.519375002011657
0.0018525012,0.0054992954,0.060531653,0.001987466,0.0018710499,0.014348393166437746,15.502193760825321
0.0861377,0.09293937,0.40539163,0.072079554,0.22185615,0.1756808802485466,21.14883080869913
0.09988907,0.12354522,0.45545477,0.16057967,0.056325965,0.17915893793106083,21.270562827587128
0.0066836546,0.0135099,0.05809259,0.0059028566,0.021866295,0.021211059484630822,15.742387081962079
0.005996702,0.02649834,0.14130622,0.01833982,0.0049220948,0.03941263565793633,16.37944224802777
0.0008418165,0.0026798397,0.038718082,0.00071907503,0.0009991936,0.008791601378470659,15.307706048246473
0.124791645,0.19381939,0.5514256,0.10422672,0.36659193,0.2681710526347161,24.38598684221506
0.105200596,0.21592902,0.35457495,0.051278487,0.42546406,0.2304894223809242,23.067129783332348
0.00071571005,0.0033035509,0.04504194,0.0015054116,0.0009091864,0.010295159998349847,15.360330599942245
0.20003961,0.2052338,0.6750783,0.100907385,0.26262942,0.2887776970863342,25.107219398021698
0.017201303,0.05266888,0.13055627,0.019531216,0.015104042,0.04701234251260757,16.645431987941265
0.058253285,0.07040492,0.33832482,0.041017,0.119743064,0.1255486160516739,19.394201561808586
0.0023368485,0.0041860705,0.056937367,0.0010491282,0.0028871996,0.013479322730563582,15.471776295569725
0.012302166,0.016534548,0.12066189,0.002173611,0.012384118,0.03281126692891121,16.148394342511892
0.18680733,0.29962587,0.66138315,0.16277722,0.2648895,0.3150966167449951,26.02838158607483
0.0017364408,0.00415081,0.047320206,0.0014844955,0.0021599415,0.011370378732681275,15.397963255643845
0.00074462406,0.0059003443,0.037950825,0.007045778,0.0011239926,0.010553112789057196,15.369358947617002
0.007551807,0.018438349,0.10464211,0.013946861,0.006984719,0.030312768742442132,16.060946905985475
0.0006065935,0.0046872473,0.03404673,0.004872203,0.00078196794,0.008998947963118554,15.31496317870915
0.11512017,0.100766316,0.6330356,0.02939635,0.09495138,0.1946539629250765,21.812888702377677
0.0012785273,0.0024866278,0.03488955,0.0007460673,0.0078032305,0.009440800396259875,15.330428013869096
0.0031471143,0.017868744,0.06773618,0.016557166,0.0027009102,0.021602022740989924,15.756070795934647
0.04635573,0.03508863,0.52453214,0.011388375,0.09775922,0.14302481841295958,20.005868644453585
0.0008981101,0.003927792,0.038950063,0.0023225094,0.0014094944,0.009501593839377164,15.3325557843782
0.0011061144,0.0024732407,0.038346384,0.0004626188,0.001657829,0.008809237327659501,15.308323306468083
0.002578097,0.009961401,0.062551886,0.0076220827,0.0019672052,0.01693613436073065,15.592764702625573
0.035523593,0.040729985,0.35281453,0.0055147503,0.058894992,0.09869556911289692,18.454344918951392
0.013911776,0.011105578,0.6244239,0.0019573066,0.0065459437,0.13158890521153807,19.605611682403833
0.05875958,0.16513006,0.4588696,0.08651824,0.040949315,0.16204536184668542,20.67158766463399
0.0033425158,0.009431169,0.054119147,0.0060064537,0.00603533,0.015786923188716172,15.552542311605066
0.0017632857,0.005015512,0.048126753,0.0013723642,0.0021639585,0.011688374774530531,15.409093117108569
0.077556655,0.14036983,0.58367586,0.068219796,0.044683576,0.18290114402771,21.40154004096985
0.00731967,0.009159711,0.1428026,0.0033296484,0.0044086603,0.03340405724011362,16.169142003403977
0.014228511,0.030378537,0.20801216,0.020475931,0.008600857,0.056339200027287005,16.971872000955045
0.015932485,0.035866603,0.120592564,0.019644354,0.04659397,0.047725995630025865,16.670409847050905
0.0021897585,0.0048259944,0.11147509,0.0036555002,0.0058374363,0.02559675541706383,15.895886439597234
0.010443218,0.021534054,0.15361956,0.010991342,0.06524665,0.05236696414649487,16.83284374512732
0.10520863,0.23397635,0.7520529,0.06581929,0.23803131,0.2790176972746849,24.76561940461397
0.008673448,0.024681756,0.15966864,0.030383736,0.036185298,0.05191857554018498,16.817150143906474
0.017117426,0.05214259,0.22143285,0.043256342,0.010448276,0.06887949686497451,17.410782390274107
0.011333207,0.028918372,0.11037855,0.0025461717,0.02590559,0.035816377960145473,16.25357322860509
0.009120098,0.009594302,0.5312408,0.0028776377,0.005995756,0.11176572293043137,18.911800302565098
0.07273086,0.14597373,0.31266916,0.03705252,0.33189595,0.18006444275379183,21.302255496382713
0.08258147,0.15058547,0.7187273,0.05888718,0.24717222,0.25159072652459147,23.8056754283607
0.0008090163,0.0028838029,0.038076043,0.0021090524,0.001638318,0.009103246522136033,15.318613628274761
0.034138106,0.1323648,0.36553618,0.072015636,0.044521723,0.12971528843045235,19.540035095065832
0.072596535,0.07827921,0.5017459,0.046718568,0.096757166,0.15921947211027146,20.5726815238595
0.0022853524,0.009954744,0.060778275,0.009922426,0.0024590632,0.017079972196370363,15.597799026872963
0.00062972953,0.0052252635,0.035763524,0.008498902,0.0009644126,0.010216366511303933,15.357572827895638
0.0028918006,0.003580304,0.16952147,0.00062030705,0.0036826655,0.03605930863413959,16.262075802194886
0.003636232,0.019593768,0.06686561,0.027117733,0.0033204055,0.024106749286875128,15.84373622504063
0.0023146514,0.0063739265,0.04104646,0.0038005852,0.007771251,0.012261374620720744,15.429148111725226
0.001979098,0.010754083,0.05337086,0.0152344005,0.0032021515,0.01690811854787171,15.59178414917551
0.0037781908,0.025943996,0.12684506,0.014561311,0.0043622185,0.03509815577417612,16.228435452096164
0.07631883,0.046012037,0.763176,0.010483907,0.10654963,0.20050808507949117,22.01778297778219
0.015099027,0.03566879,0.15435193,0.022223352,0.0066141332,0.046791447419673206,16.637700659688562
0.058804087,0.08603075,0.21668145,0.01125468,0.058760043,0.08630620259791613,18.020717090927064
0.055280797,0.09022434,0.21365504,0.03582993,0.26927754,0.1328535303473473,19.649873562157154
0.031309236,0.039868414,0.3143149,0.03833831,0.10481578,0.10572932884097098,18.700526509433985
0.11481025,0.17178397,0.6140267,0.054964703,0.284715,0.24806012883782388,23.682104509323835
0.08764298,0.12149707,0.5633227,0.017873373,0.22521742,0.2031107135117054,22.10887497290969
0.09542447,0.25917298,0.52901286,0.037970982,0.39556038,0.2634283348917961,24.219991721212864
0.1376666,0.18895721,0.4780308,0.035348427,0.29645464,0.22729153558611873,22.955203745514154
0.16085553,0.34331167,0.6246141,0.051027834,0.332077,0.30237722992897037,25.583203047513962
0.0031719394,0.008235128,0.08310583,0.0033488858,0.0022398715,0.020020331349223854,15.700711597222835
0.074718535,0.14686017,0.46158168,0.02152443,0.14390956,0.16971887350082399,20.94016057252884
0.04065841,0.0743165,0.16637607,0.009547258,0.042408507,0.06666134931147098,17.333147225901484
0.009378191,0.040647846,0.14362817,0.014599163,0.026390424,0.046928757801651955,16.64250652305782
0.12760699,0.22548014,0.36871362,0.02918277,0.19417945,0.18903259187936783,21.616140715777874
0.11262831,0.06959605,0.6930794,0.034673758,0.12744136,0.20748377889394762,22.261932261288166
0.00755963,0.025018238,0.107492864,0.015444444,0.0060993684,0.032322908751666546,16.13130180630833
0.0018188554,0.009891612,0.057002738,0.012647324,0.003481541,0.016968414257280528,15.593894499004818
0.012037136,0.02972097,0.113395974,0.0071545704,0.008608704,0.034183470811694865,16.19642147840932
0.0016893494,0.013664108,0.059795607,0.009772846,0.0017169872,0.017327779368497432,15.60647227789741
0.17288527,0.33228713,0.7173183,0.13430963,0.38138634,0.34763733446598055,27.16730670630932
0.019466748,0.04535286,0.19632941,0.018874865,0.16441926,0.08888863064348698,18.111102072522044
0.0020505865,0.009257437,0.055639908,0.006821644,0.0019899434,0.015151903685182334,15.530316628981382
0.096614465,0.30327928,0.55929726,0.057955083,0.2806618,0.2595615766942501,24.084655184298754
0.08592807,0.30293465,0.6919291,0.075019,0.33097225,0.2973566144704819,25.407481506466866
0.01948245,0.056351252,0.17847395,0.03007563,0.009428324,0.05876232124865056,17.05668124370277
0.017507343,0.016977381,0.4134188,0.0072235144,0.004776104,0.09198062829673291,18.21932199038565
0.000722992,0.0074849227,0.042238172,0.006727031,0.0009991018,0.011634443909861148,15.40720553684514
0.0013621489,0.0029878672,0.041691866,0.0008304687,0.002042098,0.009782889718189837,15.342401140136644
0.008559698,0.030899871,0.09785296,0.013137935,0.006618188,0.031413730513304476,16.099480567965657
0.16239843,0.28537038,0.6284621,0.12356582,0.17280412,0.2745201647281647,24.608205765485764
0.0073685315,0.021932015,0.081889994,0.006054032,0.012476967,0.025944308005273344,15.908050780184567
0.0004173116,0.0017325528,0.037100065,0.0015286047,0.00083113764,0.008321934432024135,15.291267705120845
0.06970257,0.21254839,0.42289084,0.037501235,0.4643849,0.24140559062361722,23.4491956718266
0.02360293,0.065019645,0.15785182,0.011166405,0.030802349,0.05768862888216973,17.01910201087594
0.0010085256,0.0031625635,0.036748607,0.0011051312,0.001767855,0.008758536423556507,15.306548774824478
0.02113471,0.04034984,0.17554498,0.028869148,0.123268515,0.07783343829214573,17.7241703402251
0.0028593645,0.020899191,0.06796064,0.03275452,0.0058155716,0.026057858346030117,15.912025042111054
0.012901301,0.036568057,0.08418724,0.013567789,0.10419621,0.05028411988168955,16.759944195859134
0.010227066,0.022977825,0.15694065,0.014499778,0.0055016116,0.042029387038201096,16.47102854633704
0.016635941,0.0222717,0.1645921,0.047835212,0.014596569,0.053186305053532126,16.861520676873624
0.0017263364,0.008077049,0.041698504,0.005711131,0.0054869633,0.012539996695704759,15.438899884349667
0.060841247,0.08674045,0.62755764,0.018616457,0.2317016,0.20509147718548773,22.17820170149207
0.14348601,0.22252858,0.6799678,0.08651585,0.3294018,0.29238000959157945,25.23330033570528
0.12909882,0.30096263,0.4442921,0.057755664,0.45761627,0.27794509530067446,24.728078335523605
0.002689342,0.0053863707,0.043036386,0.0017061804,0.005685926,0.011700841085985304,15.409529438009486
0.073374175,0.22543763,0.5165823,0.042550787,0.16490427,0.20456983298063278,22.159944154322147
0.002759254,0.006407831,0.05719789,0.0024797171,0.0060548848,0.014979915600270033,15.524297046009451
0.005744312,0.012999164,0.064914204,0.011796211,0.018987477,0.02288827355951071,15.801089574582875
0.015865726,0.06069043,0.15461141,0.062288105,0.03015043,0.06472121998667717,17.2652426995337
0.0058853244,0.022073053,0.078172185,0.0176566,0.011512088,0.027059849910438062,15.947094746865332
0.02715476,0.07431166,0.36248687,0.06849633,0.051087253,0.11670737452805043,19.084758108481765
0.064923786,0.03917695,0.5774292,0.03712097,0.059950035,0.1557201832532883,20.45020641386509
0.1066724,0.2316674,0.55402553,0.06608586,0.15853627,0.22339749187231067,22.818912215530872
0.049212776,0.15019317,0.8154117,0.024539478,0.08636004,0.2251434296369553,22.880020037293434
0.19197394,0.36824062,0.7258083,0.11400988,0.36414072,0.35283469706773757,27.349214397370815
0.0016298566,0.0082653025,0.085803024,0.010114277,0.0074429456,0.02265108120627701,15.792787842219695
0.0031017605,0.0064602327,0.12050653,0.0015309966,0.0035835498,0.027036614413373173,15.946281504468061
0.07939041,0.19582802,0.76028216,0.057442736,0.3567584,0.28994034156203274,25.147911954671144
0.0016500964,0.0029712766,0.03698519,0.0008910868,0.0076129204,0.01002211378654465,15.350773982529063
0.10655528,0.24742721,0.65217745,0.05167312,0.40167257,0.29190112799406054,25.216539479792118
0.06252909,0.08733178,0.737182,0.013284072,0.05213034,0.19049146026372912,21.66720110923052
0.02165218,0.0759655,0.16442558,0.020966977,0.04473107,0.06554826200008393,17.294189170002937
0.046433393,0.10999825,0.42859247,0.012725464,0.19170767,0.1578914498910308,20.526200746186078
0.021924295,0.023862876,0.20513113,0.0034987337,0.035616163,0.058006639173254375,17.030232371063903
0.006095115,0.014017164,0.06764847,0.005356046,0.007353174,0.02009399384260178,15.703289784491062
0.035827767,0.06596604,0.5481007,0.02250757,0.27377427,0.18923527076840402,21.62323447689414
0.0016561402,0.008202153,0.048457216,0.01370321,0.0019793992,0.01479962388984859,15.5179868361447
0.0135704065,0.033736862,0.083957985,0.07913171,0.043343935,0.05074817929416896,16.776186275295913
0.14139117,0.2783438,0.3352237,0.05957519,0.39365682,0.24163813665509226,23.45733478292823
0.102151886,0.06495132,0.5237126,0.035668887,0.08676701,0.1626503363251686,20.6927617713809
0.21095502,0.13621196,0.5006709,0.13456179,0.12708682,0.22189730107784275,22.766405537724495
0.0019359032,0.01246999,0.05971929,0.011962433,0.0021705786,0.017651639180257916,15.617807371309027
0.0020557882,0.0038923947,0.047408327,0.0018734391,0.0042562196,0.011897233803756535,15.416403183131479
0.19132654,0.27380437,0.8198618,0.063763455,0.32502013,0.33475526571273806,26.71643429994583
0.12065832,0.30249363,0.55551535,0.052233852,0.44671595,0.2955234214663506,25.34331975132227
0.004129114,0.01343389,0.08302667,0.010665962,0.003272634,0.022905653994530442,15.801697889808565
0.0041828696,0.0055805896,0.21869285,0.0021142412,0.0040597036,0.04692605161108077,16.642411806387827
0.011006853,0.023925338,0.117127374,0.0030088339,0.074977025,0.04600908472202718,16.61031796527095
0.0045938613,0.004175293,0.24866956,0.0016768704,0.0018090345,0.05218492473941297,16.826472365879454
0.10346375,0.1562295,0.47975937,0.039147433,0.06577143,0.16887429431080817,20.910600300878286
0.10459809,0.10881671,0.3283789,0.1221423,0.12548107,0.1578834116458893,20.525919407606125
0.0048104054,0.0145475585,0.105645806,0.001543969,0.026045332,0.03051861405838281,16.0681514920434
0.004152819,0.013383546,0.048897225,0.009051076,0.050745353,0.025246003922075034,15.883610137272626
0.0033003087,0.011232051,0.16543543,0.0049154223,0.0016666783,0.037309978762641555,16.305849256692454
0.0215829,0.036693197,0.20656069,0.036174614,0.06951919,0.07410611771047115,17.59371411986649
0.008036768,0.055204794,0.1429393,0.012829274,0.01671963,0.04714595302939416,16.650108356028795
0.0503272,0.16211864,0.46206617,0.092963494,0.055604868,0.16461607590317728,20.761562656611204
0.0040103523,0.0076791947,0.08092838,0.0033686322,0.0033142997,0.019860171340405942,15.695105996914208
0.024468066,0.04670836,0.09619158,0.044495694,0.053506352,0.05307401008903981,16.857590353116393
0.03861393,0.16978604,0.43518654,0.0689252,0.18410629,0.17932359874248507,21.276325955986977
0.0009817933,0.004900785,0.049950205,0.0020100991,0.0012770753,0.011823991523124277,15.41383970330935
0.004424169,0.010132378,0.09263819,0.0031770684,0.0033440492,0.022743170382454995,15.796010963385925
0.10703008,0.20175005,0.60110223,0.059203103,0.3670082,0.26721873581409455,24.35265575349331
0.005630495,0.017215665,0.078749985,0.0030685924,0.06026738,0.03298642374575138,16.1545248311013
0.0018259004,0.0039602285,0.037341002,0.0029459065,0.014880779,0.012190763396210969,15.426676718867384
0.0010770895,0.006360562,0.041813143,0.009078424,0.001636148,0.011993073299527169,15.419757565483451
0.0009537402,0.0033904163,0.050957374,0.0034796703,0.0025766396,0.012271568132564427,15.429504884639755
0.2545276,0.26535538,0.5465594,0.15777387,0.23721886,0.29228701889514924,25.230045661330223
0.03886348,0.022789927,0.44973025,0.009277209,0.014013914,0.10693495552986862,18.7427234435454
0.101601094,0.21884821,0.36951613,0.083644286,0.09118716,0.17295937687158586,21.053578190505505
0.04286577,0.049325056,0.27520534,0.018858165,0.040297564,0.08531038016080857,17.9858633056283
0.12707283,0.2261119,0.29751983,0.042006552,0.41770744,0.22208371162414553,22.772929906845093
0.0017741667,0.010907178,0.051785808,0.015160879,0.0035851744,0.016642641229555014,15.582492443034425
0.0006015415,0.004147285,0.046457894,0.0038980038,0.0010170533,0.011224355571903289,15.392852445016615
0.024654936,0.06592903,0.7286661,0.024353744,0.19970182,0.20866113118827345,22.30313959158957
0.0032064875,0.011562972,0.06241595,0.0031355629,0.05586613,0.027237420482560993,15.953309716889635
0.102872,0.33037183,0.4819909,0.048537187,0.48724622,0.2902036264538765,25.157126925885677
0.028303638,0.05798637,0.13660233,0.031956904,0.07835395,0.06664063781499863,17.332422323524952
0.10282824,0.2743468,0.54014516,0.044894017,0.27631176,0.24770519435405733,23.669681802392006
0.01271429,0.02378794,0.11322987,0.020340433,0.010063198,0.03602714650332928,16.260950127616525
0.0066485344,0.01787477,0.15190268,0.011637753,0.005229424,0.03865863140672445,16.353052099235356
0.13235362,0.2465855,0.73206013,0.08229378,0.2789617,0.29445094466209415,25.305783063173294
0.0038932632,0.020401638,0.122580566,0.013190613,0.0031498321,0.03264318238943815,16.142511383630335
0.08417239,0.050180532,0.47982195,0.03353977,0.048912928,0.13932551369071006,19.876392979174852
0.0013602315,0.0064787017,0.04626115,0.010392693,0.002545289,0.013407613104209305,15.469266458647326
0.014956518,0.028285082,0.2807394,0.0052928417,0.083162785,0.08248732471838593,17.887056365143508
0.034893513,0.022636974,0.22679943,0.006080942,0.019830301,0.062048231810331346,17.171688113361597
0.12637182,0.20515506,0.59915656,0.054642636,0.29305884,0.25567698255181315,23.94869438931346
0.033448897,0.12663504,0.26751134,0.0643184,0.031338774,0.10465049147605897,18.662767201662064
0.0036206602,0.015667744,0.06626897,0.017392533,0.0049765715,0.02158529632724822,15.755485371453688
0.03597382,0.09072395,0.29758832,0.018711915,0.1982682,0.12825324125587942,19.48886344395578
0.004792653,0.016808335,0.21256652,0.009078806,0.0022501198,0.049099287716671824,16.718475070083514
0.017466003,0.063983425,0.37171388,0.04750207,0.010937255,0.10232052616775036,18.581218415871263
0.038977053,0.048044644,0.20899254,0.023846975,0.05267947,0.07450813688337804,17.60778479091823
0.026315156,0.05401102,0.24936166,0.015927358,0.08065444,0.08525392822921277,17.983887488022447
0.12744987,0.15211084,0.25014004,0.121997885,0.27463943,0.18526761382818221,21.484366483986378
0.009606644,0.017146138,0.27039686,0.011091113,0.0064891735,0.06294598542153836,17.203109489753842
0.19859196,0.27366394,0.57838905,0.0721377,0.35298172,0.295152872800827,25.330350548028946
0.008176259,0.018782238,0.08530061,0.001839314,0.023468914,0.02751346665900201,15.96297133306507
0.00728519,0.01809294,0.12701051,0.0501795,0.031243408,0.04676230940967798,16.63668082933873
0.007499482,0.02198083,0.080003,0.0078694625,0.0069366735,0.02485788967460394,15.870026138611138
0.0028328004,0.008549406,0.07946001,0.0014227023,0.0037913728,0.01921125832013786,15.672394041204825
0.004703562,0.014170721,0.08287728,0.0057645054,0.013441476,0.02419150853529573,15.84670279873535
0.0035236261,0.011740882,0.055447724,0.002511171,0.04014208,0.022673096880316736,15.793558390811086
0.0019178349,0.004676446,0.07120039,0.0017057939,0.0016165168,0.01622339691966772,15.56781889218837
0.004701709,0.018635057,0.074480325,0.027858153,0.0039306474,0.02592117823660374,15.90724123828113
0.0069844676,0.0072286944,0.4074617,0.0016991841,0.005357949,0.08574639959260821,18.001123985741287
0.026696252,0.0569425,0.45761728,0.02674555,0.09567325,0.13273496665060522,19.645723832771182
0.0015563738,0.007412572,0.048062008,0.010523956,0.0026364706,0.014038276090286673,15.491339663160034
0.00105388,0.0027307214,0.034872077,0.00087209034,0.015120231,0.010929799941368402,15.382542997947894
0.019447312,0.06685201,0.14442612,0.0783039,0.043634765,0.07053282260894776,17.46864879131317
0.017392337,0.034697898,0.16757186,0.0047976593,0.019440997,0.04878014987334609,16.707305245567113
0.00961435,0.058754597,0.15959556,0.044875894,0.009118345,0.05639174990355968,16.97371124662459
0.020222483,0.08645209,0.23489796,0.04071294,0.014205676,0.07929822914302348,17.775438020005822
0.011732934,0.014759903,0.12950724,0.0052902214,0.006916099,0.03364128023386002,16.1774448081851
0.0011499976,0.0040896875,0.03803648,0.0046751457,0.003408994,0.010272061079740526,15.359522137790918
0.0074608447,0.010595699,0.29462186,0.0075887423,0.0077977274,0.06561297364532948,17.29645407758653
0.060445633,0.03685499,0.5157687,0.020725923,0.014656857,0.1296904217451811,19.539164761081338
0.08107771,0.061743427,0.36981434,0.022671545,0.036717292,0.1144048620015383,19.00417017005384
0.0016160927,0.005271803,0.051459726,0.005558867,0.0036541112,0.013512120000086725,15.472924200003035
0.17486772,0.29851466,0.67213565,0.14053443,0.3825664,0.333723771572113,26.680332005023956
0.012022322,0.054473035,0.1746212,0.024506634,0.013937127,0.055912062525749213,16.956922188401222
0.0026125356,0.0047043185,0.1253486,0.0005250836,0.007611544,0.028160415869206194,15.985614555422217
0.29030746,0.28412744,0.46389198,0.18211761,0.29085258,0.3022594153881073,25.579079538583755
0.03657354,0.08434631,0.4232713,0.041161932,0.28728187,0.17452699020504953,21.108444657176733
0.030896433,0.042886768,0.35439435,0.02889868,0.20493117,0.13240147940814495,19.634051779285073
0.14824814,0.21161866,0.57742745,0.08864511,0.3305994,0.27130775004625324,24.495771251618862
0.07608817,0.2569528,0.48138052,0.050558534,0.08970978,0.19093795940279965,21.682828579097986
0.2508651,0.29517606,0.6876705,0.10720445,0.31333062,0.330849352478981,26.579727336764336
0.0023764872,0.017305633,0.057006687,0.026584106,0.003961711,0.02144692479632795,15.750642367871478
0.0065059955,0.022194268,0.084893785,0.017009132,0.0077732657,0.027675289288163187,15.968635125085711
0.19815105,0.3141877,0.6503669,0.18468744,0.23985554,0.3174497276544571,26.110740467906
0.0009154942,0.0062291566,0.04510173,0.0039849677,0.000992806,0.011444830580148847,15.40056907030521
0.0075257276,0.010401294,0.3877124,0.0021760685,0.007872035,0.08313750275410713,17.90981259639375
0.012627636,0.019934708,0.100441575,0.004679417,0.04239531,0.036015728954225786,16.260550513397902
0.0046380605,0.008295603,0.10452842,0.0028706533,0.0034267907,0.02475190544500947,15.866316690575331
0.17418176,0.2861325,0.4285592,0.08946301,0.45361865,0.2863910287618637,25.02368600666523
0.014427145,0.048288133,0.13473871,0.023831034,0.02944472,0.05014594923704863,16.755108223296702
0.06800804,0.11626612,0.7923362,0.045510147,0.2485332,0.2541307471692562,23.894576150923967
0.003726988,0.018650964,0.12913305,0.009461524,0.002830323,0.03276056894101203,16.14661991293542
0.06342074,0.090835586,0.31074455,0.045718435,0.16406345,0.13495655432343484,19.72347940132022
0.026071249,0.043948505,0.3710283,0.031791806,0.021824123,0.09893279746174813,18.462647911161184
0.0022584982,0.013216341,0.057094492,0.014028304,0.0028070174,0.017880930565297604,15.625832569785416
0.09466395,0.12161757,0.7488528,0.027153928,0.19300586,0.23705881908535958,23.297058667987585
0.00088737486,0.0031313389,0.040087,0.00065260805,0.001711683,0.009294000861700624,15.325290030159522
0.0025052272,0.0056817923,0.07150325,0.0010997887,0.0026261727,0.01668324654456228,15.58391362905968
0.08728547,0.14329767,0.54346293,0.05964098,0.24280815,0.21529904007911682,22.53546640276909
0.0069220886,0.01678992,0.10098478,0.019099737,0.0056796614,0.02989523783326149,16.046333324164152
0.01174827,0.023808932,0.07242138,0.009983104,0.034989297,0.030590196512639525,16.070656877942383
0.11233075,0.15276234,0.7125991,0.06782538,0.29017663,0.26713883876800537,24.349859356880188
0.0013280691,0.0069574937,0.051262368,0.004753465,0.0014498988,0.013150258804671468,15.460259058163501
0.0049505783,0.017172804,0.0802648,0.0027709338,0.06443639,0.03391910130158067,16.187168545555323
0.004697534,0.016863039,0.056127872,0.01063598,0.055714075,0.028807699959725142,16.00826949859038
0.012631876,0.051689588,0.18582979,0.022515323,0.009743315,0.05648197811096907,16.976869233883917
0.004362378,0.014657944,0.077908605,0.027501391,0.0050074277,0.02588754929602146,15.906064225360751
0.0025803826,0.013541204,0.06830294,0.008153364,0.001970527,0.018909682892262938,15.661838901229203
0.004019818,0.007466094,0.06113861,0.0026258642,0.0064556035,0.016341198189184072,15.571941936621442
0.088960014,0.07136443,0.3983113,0.01806322,0.04972449,0.1252846885472536,19.384964099153876
0.013708851,0.032399036,0.21235307,0.056495104,0.010762969,0.06514380518347025,17.28003318142146
0.14250046,0.21612646,0.57265,0.07925771,0.38069025,0.2782449781894684,24.738574236631393
0.1787258,0.3052593,0.77939165,0.105648994,0.3561196,0.34502906501293185,27.076017275452614
0.008003244,0.03041823,0.15657334,0.01563002,0.111035,0.06433196626603604,17.25161881931126
0.15119237,0.38049835,0.65344596,0.07781014,0.34030953,0.32065126895904544,26.22279441356659
0.11520932,0.13757433,0.43452176,0.050899833,0.31296977,0.21023500412702562,22.358225144445896
0.0021890202,0.0056062844,0.054002725,0.00096429256,0.0033056554,0.013213595421984792,15.462475839769468
0.00228516,0.014528087,0.06625225,0.012579505,0.0028306607,0.019695131946355103,15.689329618122429
0.003435863,0.013231267,0.07032328,0.007676641,0.0046174554,0.019856901513412597,15.69499155296944
0.0815492,0.070733584,0.65356416,0.015132541,0.034795348,0.17115496508777142,20.990423778072
0.1629377,0.25140184,0.80212736,0.04427871,0.26025224,0.30419957041740414,25.646984964609146
0.04487985,0.07346688,0.19037138,0.01640812,0.040947903,0.07321482673287392,17.562518935650587
0.0015153801,0.0076423576,0.047849853,0.009261882,0.0014452216,0.013542938767932356,15.474002856877632
0.0970909,0.169975,0.485903,0.04353899,0.23513675,0.2063289262354374,22.22151241824031
0.008303208,0.018392442,0.092561886,0.020236356,0.008007258,0.02950023002922535,16.032508051022887
0.017120982,0.048929367,0.13107274,0.012743191,0.14357238,0.07068773191422224,17.47407061699778
0.050298132,0.07888835,0.2084255,0.011154059,0.048773907,0.07950799092650414,17.782779682427645
0.020885373,0.020170381,0.4167208,0.011878061,0.005742708,0.09507946614176035,18.327781314961612
0.09031463,0.14869131,0.2727931,0.05028006,0.059984796,0.12441278174519539,19.35444736108184
0.0036005876,0.012297114,0.10336827,0.002943014,0.0035284646,0.025147489598020913,15.880162135930732
0.0105888415,0.050063234,0.18214129,0.02281159,0.022260753,0.057573141530156136,17.015059953555465
0.0066262973,0.020946218,0.10829302,0.016363913,0.0060133357,0.03164855660870672,16.107699481304735
0.09883173,0.2698969,0.52665544,0.048544466,0.19738568,0.2282628417015076,22.989199459552765
0.0875828,0.2057892,0.34775424,0.051397175,0.43435484,0.22537564933300017,22.888147726655006
0.087272316,0.120660536,0.19799577,0.028631225,0.11987648,0.1108872652053833,18.881054282188416
0.032121833,0.04303565,0.23851947,0.018740974,0.011556853,0.06879495680332184,17.407823488116264
0.057554316,0.061070196,0.19063996,0.025102591,0.067736074,0.08042062707245351,17.814721947535872
0.010703493,0.010240697,0.30302736,0.0030884366,0.0031663945,0.066045276587829,17.311584680574015
0.07816953,0.29170674,0.56570405,0.115800954,0.102099285,0.23069611191749573,23.07436391711235
0.017075367,0.048775967,0.19427253,0.0328056,0.24142663,0.10687121972441674,18.740492690354586
0.034256145,0.038675264,0.28186026,0.0127062835,0.12322993,0.09814557656645774,18.43509517982602
0.008782952,0.014188812,0.072385624,0.00850465,0.01916656,0.02460571974515915,15.86120019108057
0.0013708984,0.005978182,0.039932515,0.003764872,0.0021626716,0.010641827899962663,15.372463976498693
0.0015548993,0.005026811,0.041758493,0.007807984,0.00286535,0.01180270735640079,15.413094757474028
0.092523895,0.2582632,0.36426747,0.03470757,0.4902383,0.24800008833408357,23.680003091692924
0.11471022,0.15509178,0.23430662,0.102694325,0.36046284,0.1934531569480896,21.770860493183136
0.056459405,0.084710926,0.19342935,0.035225946,0.16284518,0.10653416141867639,18.728695649653673
0.00069721864,0.004984081,0.039726626,0.0033968543,0.0009108281,0.009943121590185912,15.348009255656507
0.004826883,0.014249379,0.07774835,0.0018625337,0.052655477,0.030268524657003585,16.059398362995125
0.05789374,0.11160142,0.24477302,0.020716252,0.2025631,0.12750950641930103,19.462832724675536
0.0052253706,0.015059149,0.1320513,0.00475557,0.036393862,0.03869705116376281,16.3543967907317
0.008004709,0.0121336,0.17008168,0.006154319,0.0047033164,0.04021552391350269,16.407543336972594
0.009297161,0.025343133,0.12394414,0.024113832,0.005721462,0.03768394589424134,16.318938106298447
0.003939252,0.007034005,0.08264595,0.0014185436,0.013746529,0.021756856446154417,15.761489975615405
0.004140349,0.012205528,0.07088005,0.014652842,0.0049100793,0.02135776923969388,15.747521923389286
0.12482896,0.14452103,0.523573,0.022851227,0.2114571,0.20544625930488108,22.19061907567084
0.005064218,0.011260009,0.051831182,0.0055994354,0.031103374,0.02097164383158088,15.73400753410533
0.0049567744,0.04377757,0.15141337,0.029182075,0.005720979,0.04701015288010239,16.645355350803584
0.0020632206,0.005356925,0.06361981,0.0023889372,0.0015556893,0.01499691589269787,15.524892056244425
0.012952311,0.043768976,0.13965024,0.03479811,0.00920709,0.04807534590363503,16.682637106627226
0.02061192,0.103983454,0.22335619,0.04215726,0.039685424,0.08595884889364243,18.008559711277485
0.029507326,0.17806937,0.38272095,0.07622307,0.0411101,0.14152616150677205,19.95341565273702
0.15401727,0.18535462,0.63020784,0.08663303,0.16370873,0.24398429691791537,23.539450392127037
0.1111185,0.22994818,0.567318,0.0450591,0.34979635,0.26064803153276445,24.122681103646755
0.00043773357,0.0022118874,0.036858443,0.00090132176,0.00059003325,0.008199883828638123,15.286995934002334
0.018566065,0.07522966,0.20828222,0.07925381,0.020652253,0.08039680048823357,17.813888017088175
0.0047551594,0.009164097,0.079982504,0.010277707,0.009362606,0.022708414774388074,15.794794517103583
0.0015998413,0.003508778,0.06313835,0.0014387866,0.0067207124,0.015281293843872844,15.53484528453555
0.15486796,0.26627544,0.62361574,0.091615394,0.3802365,0.30332220792770387,25.616277277469635
0.0009692712,0.002943298,0.037825514,0.0009792132,0.0014588297,0.008835225156508388,15.309232880477794
0.1729334,0.22668512,0.6685782,0.06628432,0.20947774,0.2687917575240135,24.407711513340473
0.031222297,0.08079276,0.1329816,0.09433787,0.06723971,0.08131484799087048,17.846019679680467
0.006130673,0.013458503,0.08832482,0.009882604,0.0050420878,0.024567738082259895,15.859870832879096
0.009183098,0.017522097,0.1998889,0.0035493912,0.075514525,0.06113160210661591,17.139606073731557
0.09364301,0.15086529,0.38903272,0.06674384,0.25299683,0.1906563386321068,21.672971852123737
0.010582061,0.03152521,0.119328335,0.01073771,0.006665988,0.03576786052435637,16.251875118352473
0.0056896447,0.011812319,0.17108077,0.0033928906,0.006457084,0.0396865412592888,16.389028944075108
0.0073750913,0.016854653,0.06205062,0.0041794707,0.056562435,0.029404453653842214,16.029155877884477
0.023680018,0.03095803,0.12740143,0.019847175,0.04181253,0.04873983636498451,16.705894272774458
0.02069334,0.058085833,0.5613146,0.023035327,0.25153977,0.18293376974761488,21.40268194116652
0.08581656,0.21539429,0.590188,0.031198928,0.2981172,0.24414299912750725,23.545004969462752
0.005799573,0.012227694,0.12905349,0.0068326895,0.016240554,0.03403079966083169,16.19107798812911
0.059681837,0.18134946,0.3101085,0.032026764,0.058791902,0.12839169427752495,19.493709299713373
0.02500687,0.10192548,0.24983269,0.06867014,0.034728646,0.09603276439011098,18.361146753653884
0.00050493557,0.003983536,0.038201142,0.003930965,0.0007801162,0.009480138926301153,15.33180486242054
0.0024801677,0.0072492105,0.07215846,0.002048129,0.0026472204,0.017316638166084888,15.606082335812971
0.22310963,0.2661591,0.5472952,0.25218883,0.1649016,0.2907308727502823,25.17558054625988
0.090814516,0.0831898,0.48949733,0.11564292,0.14447783,0.18472447991371155,21.465356796979904
0.009546307,0.017090084,0.071068555,0.0029348722,0.015657099,0.0232593834400177,15.81407842040062
0.12251803,0.25110623,0.5480066,0.060769908,0.16613518,0.22970718890428543,23.03975161164999
0.0009768258,0.004118053,0.04634668,0.0016723154,0.001199305,0.010862635681405665,15.380192248849198
0.023327488,0.061857052,0.1703982,0.07867803,0.01940919,0.07073399275541306,17.475689746439457
0.0027217309,0.018992335,0.059866,0.020938424,0.0028929175,0.021082281460985543,15.737879851134494
0.1413077,0.18031241,0.49368384,0.063311234,0.34282312,0.24428766071796418,23.550068125128746
0.14397302,0.15831801,0.63727534,0.04008614,0.14103277,0.22413705661892894,22.844796981662512
0.0037527725,0.005073546,0.09433514,0.0009842274,0.0030440977,0.02143795646261424,15.750328476191498
0.13086805,0.14843982,0.53733027,0.06301902,0.3046632,0.23686407506465915,23.29024262726307
0.0820156,0.26571882,0.6089959,0.042819876,0.2665199,0.25321402177214625,23.862490762025118
0.020711813,0.041548796,0.5090003,0.019683585,0.13571194,0.14533128663897515,20.08659503236413
0.12417341,0.27680802,0.6537616,0.115261085,0.39850456,0.31370173990726474,25.979560896754265
0.10418609,0.19742127,0.5380776,0.052475587,0.37568006,0.2535681188106537,23.87488415837288
0.11423447,0.17147669,0.41890535,0.04294884,0.37647048,0.22480716481804852,22.868250768631697
0.0012016178,0.0031606667,0.040207736,0.000978647,0.0024418149,0.009598096506670118,15.335933377733454
0.042805713,0.048836213,0.30547637,0.011897883,0.07758414,0.09732006322592497,18.406202212907374
0.073264584,0.16087359,0.5668329,0.017753363,0.26906288,0.21755746304988863,22.6145112067461
0.0064044194,0.016060501,0.080946594,0.0043180794,0.045564424,0.030658803787082436,16.073058132547885
0.0068075024,0.016878508,0.08178266,0.004966433,0.011266886,0.024340398237109182,15.851913938298821
0.0024777788,0.0056046257,0.13904192,0.0007092671,0.010859036,0.03173852460458875,16.110848361160606
0.003099299,0.013302454,0.06316899,0.02549536,0.006725788,0.022358377650380137,15.782543217763305
0.04039876,0.051745456,0.5940769,0.03640408,0.19520344,0.18356572166085244,21.424800258129835
0.008253764,0.017544799,0.10600935,0.010691059,0.005428454,0.029585484974086286,16.03549197409302
0.000953336,0.007260561,0.037993807,0.010032728,0.0014829307,0.011544672679156065,15.404063543770462
0.19168982,0.13982294,0.6908526,0.03847216,0.09010783,0.23018906712532045,23.056617349386215
0.006960614,0.011053077,0.07887846,0.0059600146,0.010932424,0.022756918426603077,15.796492144931108
0.013675874,0.06283906,0.15038411,0.072933346,0.010837821,0.06213404312729836,17.174691509455442
0.10725989,0.18202403,0.7992174,0.03376326,0.29588506,0.28362992852926255,24.92704749852419
0.15693378,0.31100512,0.72856617,0.10387333,0.3626921,0.33261409699916844,26.641493394970894
0.0007602996,0.004061308,0.05096546,0.0017591043,0.0005843079,0.011626095639076085,15.406913347367663
0.016110476,0.059599806,0.201531,0.03689733,0.009352033,0.06469812784343958,17.264434474520385
0.0065983394,0.014113229,0.3379205,0.007308871,0.05794191,0.08477656720206142,17.96717985207215
0.012023959,0.030109186,0.42100585,0.024293305,0.10760179,0.11900681741535664,19.165238609537482
0.0014444318,0.008222707,0.04700277,0.016697727,0.0014575203,0.014965031179599464,15.523776091285981
0.0061772824,0.01955509,0.067750946,0.030977339,0.012932824,0.027478696126490836,15.961754364427179
0.05546964,0.098898835,0.20923373,0.017228521,0.211745,0.11851514428853989,19.148030050098896
0.009183878,0.017219102,0.25488642,0.017691495,0.0044039916,0.06067697703838349,17.123694196343422
0.026319465,0.035139076,0.13692288,0.014975216,0.056351475,0.05394162274897099,16.887956796213984
0.0014896953,0.0040198714,0.062009674,0.00085781235,0.0014878148,0.0139729734743014,15.489054071600549
0.004031503,0.014218976,0.061365694,0.0035788706,0.039471038,0.02453321618959308,15.858662566635758
0.03400584,0.0943066,0.61401355,0.061246723,0.25112635,0.21093981340527537,22.382893469184637
0.0070081013,0.018562494,0.07372293,0.006292666,0.0064291987,0.02240307768806815,15.784107719082385
0.0013031444,0.00838263,0.048459455,0.006813182,0.0015370315,0.01329908857587725,15.465468100155704
0.16979137,0.2390232,0.6650433,0.07244544,0.15793167,0.26084699332714084,24.12964476644993
0.0043019075,0.019814124,0.0803142,0.018280461,0.0056400206,0.025670142099261283,15.898454973474145
0.016282493,0.090955205,0.23678404,0.06345673,0.012427554,0.08398120440542697,17.939342154189944
0.011006883,0.03561668,0.14564006,0.01985169,0.014496091,0.04532228112220764,16.586279839277267
0.012078784,0.02188995,0.44025388,0.017638778,0.09679234,0.11773074716329575,19.12057615071535
0.00787873,0.030289827,0.22806591,0.012295574,0.0044465153,0.05659531084820628,16.98083587968722
0.019198908,0.046946567,0.16164185,0.026280573,0.060362846,0.06288614869117737,17.201015204191208
0.0844135,0.12097743,0.21829627,0.032117784,0.08469506,0.1081000104546547,18.783500365912914
0.08236436,0.114763156,0.48383018,0.05271274,0.31513727,0.20976154059171678,22.341653920710087
0.0048385835,0.021515166,0.088710584,0.031937968,0.010117395,0.03142393929883838,16.099837875459343
0.01988035,0.0469201,0.1714925,0.0353136,0.13714808,0.08215092644095422,17.875282425433397
0.15449294,0.27794668,0.3509277,0.068191774,0.306581,0.23162802010774614,23.106980703771114
0.004932585,0.0131480405,0.08164547,0.006761151,0.0059486185,0.02248717229813338,15.787051030434668
0.14417447,0.1618813,0.7194785,0.048695985,0.12584259,0.24001456573605537,23.400509800761938
0.0012848097,0.0030143159,0.046925906,0.0020160768,0.0018144059,0.011011102865450083,15.385388600290753
0.0011463768,0.002525177,0.03474189,0.000729875,0.0036203747,0.008552738663274795,15.299345853214618
0.081163704,0.124209985,0.42170513,0.059968714,0.17193013,0.17179553285241125,21.012843649834394
0.00027600996,0.0026537245,0.02592769,0.003812391,0.00053307565,0.006640578398946673,15.232420243963134
0.013095819,0.018958144,0.1065935,0.0151128955,0.013856798,0.03352343086153269,16.173320080153644
0.0041724113,0.006557865,0.05012091,0.0016413594,0.012844252,0.015067359386011957,15.527357578510419
0.0031017459,0.021168848,0.06045182,0.031316858,0.0040870137,0.02402525725774467,15.840884004021063
0.00042287455,0.0011675401,0.024207082,0.00042006513,0.0013135199,0.005506216263165698,15.1927175692108
0.010563574,0.012012663,0.1884781,0.0019902096,0.008180072,0.04424492311663926,16.548572309082374
0.0025244579,0.01777626,0.07118171,0.017277978,0.0034989202,0.02245186474174261,15.785815265960991
0.06821696,0.0967162,0.24761213,0.041313667,0.20879982,0.1325317569077015,19.638611491769552
0.0017451653,0.0077886465,0.12033695,0.005207594,0.05111085,0.0372378408908844,16.303324431180954
0.0033025683,0.0041166916,0.08502978,0.0005840693,0.003221077,0.01925083741080016,15.673779309378006
0.09426241,0.113422535,0.2229603,0.030013483,0.17085274,0.12630229219794276,19.420580226927996
0.0021729213,0.011452779,0.0524142,0.012213251,0.0023782991,0.01612629028968513,15.56442016013898
0.09042381,0.2857899,0.7831942,0.090129375,0.42317337,0.33454212844371795,26.70897449553013
0.023520669,0.047833536,0.10262659,0.011268921,0.1347183,0.06399360336363316,17.23977611772716
0.0055549587,0.014368782,0.097869195,0.0039951005,0.0047652256,0.02531065233051777,15.885872831568122
0.041642547,0.073492415,0.39867756,0.036139704,0.28062072,0.16611458957195283,20.81401063501835
0.029196661,0.04594415,0.14022647,0.016783962,0.09642259,0.06571476645767689,17.30001682601869
0.056056023,0.067351796,0.26678494,0.029040039,0.17378181,0.11860292106866836,19.151102237403393
0.091413304,0.20683408,0.5482596,0.103982724,0.06192915,0.20248377472162246,22.086932115256786
0.0983855,0.12392687,0.5816739,0.04731438,0.31013134,0.2322864018380642,23.130024064332247
0.025832765,0.043850835,0.2746641,0.012225948,0.06893051,0.08510083183646203,17.97852911427617
0.0021148953,0.009128635,0.08009736,0.004933835,0.0021634663,0.019687638757750394,15.689067356521264
0.02959572,0.031779252,0.22700907,0.017260013,0.011132144,0.06335524041205645,17.217433414421976
0.00033224266,0.0011252756,0.027720027,0.0007259854,0.0011362843,0.006207962933694944,15.217278702679323
0.014586979,0.025998127,0.11526788,0.0034919276,0.01476604,0.034822190692648296,16.21877667424269
0.0037282794,0.007002466,0.050969448,0.001762029,0.013974976,0.015487439604476095,15.542060386156663
0.075483054,0.11721006,0.4569786,0.028871795,0.33998644,0.20370598845183852,22.129709595814347
0.02216294,0.061904278,0.15747502,0.021902729,0.10434315,0.07355762496590615,17.574516873806715
0.004645802,0.01299657,0.111683235,0.012872997,0.0029200378,0.029023728286847475,16.01583049003966
0.0050616045,0.0067351605,0.0766387,0.0024269903,0.0055600954,0.01928450986742973,15.67495784536004
0.002026171,0.017280374,0.09982007,0.012008793,0.0037569038,0.02697846223600209,15.944246178260073
0.1925298,0.33823964,0.56312406,0.10587536,0.43491802,0.3269373744726181,26.442808106541634
0.022592602,0.05604481,0.17860489,0.012569741,0.19915582,0.09379357229918242,18.282775030471385
0.017040102,0.037725635,0.0833908,0.018075919,0.11608914,0.054464320093393324,16.906251203268766
0.0028196536,0.0075543304,0.04926378,0.004581367,0.006108785,0.014065583050251008,15.492295406758785
0.15636325,0.17829385,0.92164844,0.021148633,0.24080092,0.30365101918578147,25.62778567150235
0.19724207,0.29712194,0.6889971,0.17642678,0.22468676,0.3168949276208878,26.09132246673107
0.032583874,0.028205566,0.43201023,0.03076528,0.042188253,0.11315064132213593,18.960272446274757
0.05893753,0.22995885,0.49419278,0.06141413,0.08368349,0.1856373555958271,21.49730744585395
0.0017540691,0.0051300307,0.04420453,0.0010684838,0.0024381785,0.01091905829962343,15.38216704048682
0.14658742,0.287562,0.6052971,0.113645785,0.34817055,0.3002525702118874,25.508839957416058
0.05488561,0.068894684,0.5380568,0.012109755,0.114342496,0.15765786729753017,20.518025355413556
0.0012297186,0.0044585275,0.04823029,0.0018333566,0.0018167357,0.011513725761324168,15.402980401646346
0.06597415,0.18283518,0.51738614,0.040025808,0.17632645,0.19650954604148865,21.877834111452103
0.21263143,0.2724395,0.56096166,0.06015721,0.31363788,0.283965539932251,24.938793897628784
0.021318642,0.04423211,0.20196256,0.005245973,0.09664881,0.07388161988928915,17.58585669612512
0.23198602,0.16716613,0.47289017,0.06396191,0.24245763,0.23569236993789672,23.249232947826385
0.16823183,0.31752303,0.48343986,0.06515143,0.42997724,0.292864678800106,25.25026375800371
0.10297676,0.101239584,0.5816385,0.08892619,0.088234335,0.1926030769944191,21.74110769480467
0.009144036,0.03480515,0.13939115,0.008595415,0.012468046,0.040880759991705415,16.43082659970969
0.089085735,0.096072994,0.5785817,0.08326539,0.14430375,0.19826191216707229,21.93916692584753
0.0003088276,0.0018618194,0.027314173,0.0017028854,0.0010055322,0.006438647536560893,15.225352663779631
0.0055548013,0.014682772,0.25100672,0.006286282,0.0023302143,0.055972158350050455,16.959025542251766
0.14422533,0.20526053,0.5251088,0.044497408,0.36508697,0.25683581084012985,23.989253379404545
0.09825185,0.28935742,0.49564534,0.1143248,0.11571643,0.22265916913747788,22.793070919811726
0.018571991,0.041605826,0.10902034,0.0083125625,0.025948467,0.04069183692336083,16.42421429231763
0.0029375916,0.0051964354,0.049557142,0.0017024422,0.004751016,0.012828925414942207,15.449012389522977
0.002717366,0.015401822,0.06362421,0.013680158,0.0025075853,0.01958622834645212,15.685517992125824
0.12666023,0.18324251,0.5937109,0.054352745,0.35001382,0.2615960419178009,24.15586146712303
0.0077889925,0.0067798067,0.16089383,0.0035309838,0.00461159,0.03672104012221098,16.285236404277384
0.08217962,0.089087084,0.6070474,0.017364597,0.03934737,0.16700520999729634,20.84518234990537
0.00028240564,0.0022735223,0.025501668,0.0027893756,0.00049970456,0.006269335316028446,15.219426736060996
0.03917565,0.06230787,0.31121987,0.03233825,0.25288007,0.13958434090018274,19.885451931506395
0.013893276,0.020117791,0.30461752,0.02566881,0.015530322,0.07596554458141327,17.658794060349464
0.025703285,0.049619548,0.28976935,0.04604855,0.07147142,0.09652243182063104,18.378285113722086
0.0029597636,0.02276648,0.07597123,0.017748922,0.0028431963,0.02445791861973703,15.856027151690796
0.019550849,0.051491138,0.40190327,0.019068798,0.21011867,0.14042654447257522,19.91492905654013
0.05308508,0.15210265,0.71948403,0.057194795,0.17249003,0.23087131753563883,23.08049611374736
0.014728717,0.053788587,0.33568397,0.04693496,0.054318186,0.10109088402241467,18.538180940784514
0.005745123,0.008640383,0.34587577,0.0021185644,0.028663408,0.07820864976383746,17.73730274173431
0.005035702,0.0051953583,0.292734,0.0022469042,0.0023393277,0.06151025788858533,17.152859026100487
0.059990343,0.07199521,0.3352162,0.019450644,0.05018607,0.10736769326031208,18.757869264110923
0.021338899,0.061606955,0.50449574,0.046351902,0.24993123,0.1767449453473091,21.18607308715582
0.1859829,0.31596392,0.66338927,0.17369103,0.3797333,0.3437520831823349,27.03132291138172
0.08751817,0.14270738,0.5065745,0.050499056,0.3375599,0.22497180476784706,22.874013166874647
0.039403435,0.058827713,0.17045091,0.04395212,0.10364683,0.08325620144605637,17.913967050611973
0.22189862,0.18621604,0.48552176,0.13116653,0.28363135,0.26168686151504517,24.15904015302658
0.012640003,0.02617907,0.12164474,0.033159044,0.011192534,0.0409630786627531,16.43370775319636
0.030870717,0.06063299,0.14873269,0.03542227,0.22500496,0.1001327246427536,18.504645362496376
0.0019882596,0.01889161,0.08185522,0.01881971,0.003990773,0.025109115149825813,15.878819030243903
0.025924012,0.061967082,0.24497218,0.07251367,0.028547542,0.08678489811718464,18.037471434101462
0.004045254,0.015221894,0.14671314,0.005750601,0.048301887,0.04400655468925834,16.540229414124042
0.0440365,0.10989995,0.22203605,0.028181503,0.04599521,0.09002984277904033,18.151044497266412
0.0007573413,0.003023711,0.051046245,0.0025253333,0.0028108053,0.012032687151804566,15.42114405031316
0.0030488304,0.008755886,0.050045524,0.0040822844,0.005820663,0.014350637560710313,15.50227231462486
0.014086522,0.038286377,0.11027904,0.07237458,0.018206812,0.05064666643738747,16.77263332530856
0.009428568,0.03240891,0.13586792,0.0025577242,0.045098234,0.04507227232679725,16.577529531437904
0.15921511,0.2782113,0.68870205,0.111779094,0.20098636,0.2877787798643112,25.072257295250893
0.011138514,0.018826945,0.102221146,0.03203298,0.012788117,0.03540154062211514,16.23905392177403
0.19332594,0.35878846,0.6581475,0.2026161,0.4031101,0.36319761872291567,27.711916655302048
0.015569448,0.059355646,0.18314104,0.01414511,0.20672372,0.09578699227422477,18.352544729597867
0.020584129,0.047989126,0.12253344,0.035831645,0.02245294,0.04987825602293015,16.745738960802555
0.10080121,0.18257234,0.55567497,0.110857986,0.09636375,0.20925405025482177,22.323891758918762
0.0011314475,0.0076959534,0.047092073,0.009398466,0.0017034432,0.013404276547953486,15.469149679178372
0.001827422,0.006321106,0.042018257,0.0024687673,0.0052475063,0.011576611758209766,15.405181411537342
0.060916383,0.05665022,0.3670724,0.030223593,0.015436469,0.10605981387197973,18.71209348551929
0.09245732,0.16598171,0.4000305,0.033565335,0.3971612,0.21783920824527744,22.62437228858471
0.022933485,0.060542393,0.47056574,0.035809066,0.24033165,0.16603646613657477,20.811276314780116
0.0031484028,0.014230463,0.07535928,0.0065576574,0.0031160554,0.02048237114213407,15.716882989974692
0.011241762,0.06942689,0.1874051,0.037750024,0.011861373,0.06353702805936337,17.223795982077718
0.02712852,0.09535948,0.5573603,0.06330178,0.08150324,0.16493066288530828,20.77257320098579
0.012065028,0.02647198,0.09519012,0.010160551,0.044664174,0.03771037124097348,16.31986299343407
0.015010962,0.05365144,0.18934032,0.03218711,0.011011467,0.06024026107043028,17.10840913746506
0.20401137,0.3313471,0.6286024,0.13854548,0.37797132,0.33609553277492527,26.763343647122383
0.011646093,0.011609563,0.16726166,0.004679821,0.006411177,0.040321662742644544,16.41125819599256
0.009968402,0.026427444,0.111015685,0.007562822,0.013367991,0.033668468799442054,16.178396407980472
0.16004086,0.100477405,0.61989945,0.02055206,0.16858746,0.21391144655644892,22.486900629475713
0.0005991326,0.0021886711,0.03393314,0.0010303883,0.0009041607,0.007731098623480648,15.270588451821823
0.019198783,0.021969836,0.110205024,0.0050460603,0.03738716,0.03876137249171734,16.356648037210107
0.0021107693,0.010477008,0.05803469,0.0083238315,0.0017014941,0.01612955827731639,15.564534539706074
0.014316143,0.04516179,0.103904806,0.015237922,0.1537355,0.0664712330326438,17.326493156142533
0.0010402818,0.002700697,0.039785083,0.00086021225,0.0020114684,0.009279548563063147,15.32478419970721
0.00065586285,0.0021234006,0.032728873,0.0012046535,0.0012794653,0.007598451082594693,15.265945787890814
0.16256791,0.2200375,0.60000104,0.10453427,0.3353666,0.2845014661550522,24.957551315426826
0.12813285,0.20156017,0.43139952,0.05241785,0.3990479,0.242511660605669,23.487908121198416
0.0036757381,0.006453836,0.061649986,0.0036673292,0.0053739366,0.01616416508331895,15.565745777916163
0.08462906,0.05046532,0.7802182,0.007617597,0.08111095,0.2008082211948931,22.02828774182126
0.08281478,0.26622975,0.5978921,0.04652215,0.13128294,0.2249483458697796,22.873192105442286
0.0071081873,0.009301239,0.17659102,0.002459969,0.0048898747,0.040070058684796094,16.402452053967863
0.009510117,0.0159605,0.24570538,0.007519002,0.003846426,0.056508285086601974,16.97778997803107
0.0007914308,0.0018511246,0.03175431,0.00065443176,0.0021339383,0.007437047315761448,15.26029665605165
0.07635001,0.28063685,0.6020762,0.1279308,0.120260395,0.24145084619522092,23.450779616832733
0.0013640312,0.011215594,0.050384585,0.014541352,0.0021116924,0.015923450863920153,15.557320780237205
0.20411962,0.34394327,0.71342427,0.12506598,0.34598505,0.34650763869285583,27.127767354249954
0.079932205,0.24232423,0.46620068,0.08066855,0.2551174,0.2248486116528511,22.86970140784979
0.093705334,0.07698687,0.59446675,0.01922951,0.025948105,0.1620673134922981,20.672355972230434
0.009997951,0.045020185,0.21354678,0.015723016,0.008588506,0.05857528820633889,17.05013508722186
0.06311403,0.121711984,0.75862634,0.017598338,0.20233837,0.23267781287431719,23.1437234506011
0.0036376747,0.023219878,0.09894869,0.023426598,0.011411688,0.03212890522554517,16.12451168289408
0.15941095,0.16124628,0.31787783,0.14079571,0.256143,0.20709475576877598,22.248316451907158
0.0023781362,0.0049806056,0.078564316,0.000991753,0.0021659394,0.017816150025464595,15.62356525089126
0.0010119125,0.0020983936,0.031774014,0.00050984515,0.002788568,0.0076365466811694205,15.26727913384093
0.03920601,0.063660726,0.21974757,0.012055704,0.16061732,0.09905746690928936,18.467011341825128
0.020490455,0.057121318,0.28179833,0.033973828,0.075115755,0.09369993768632412,18.279497819021344
0.0020215798,0.0043417965,0.04309889,0.0010608389,0.0038885083,0.010882322560064496,15.380881289602257
0.097413495,0.19089873,0.4495316,0.030315341,0.23112778,0.19985739327967167,21.99500876478851
0.063558094,0.09423332,0.55595046,0.041648343,0.24072844,0.19922373145818711,21.97283060103655
0.00567377,0.027135191,0.102805704,0.031635188,0.007144257,0.034878821950405835,16.220758768264204
0.0048326906,0.016844748,0.06358289,0.010994728,0.009380512,0.021127113513648512,15.739448972977698
0.032005373,0.0694952,0.25750566,0.022969563,0.03266074,0.08292730674147607,17.902455735951662
0.0012219866,0.003539638,0.03091055,0.001444416,0.005777118,0.008578741597011686,15.300255955895409
0.0039066933,0.0062667364,0.08344478,0.0005272575,0.009849368,0.02079896730137989,15.727963855548296
0.008583574,0.016119352,0.10860642,0.02285141,0.0072720936,0.032686569727957256,16.144029940478504
0.09122441,0.2142283,0.47014377,0.041415043,0.16037148,0.1954766005277634,21.841681018471718
0.006782758,0.02076649,0.16399296,0.004973552,0.008426127,0.04098837655037642,16.434593179263175
0.0044053756,0.010236227,0.079306275,0.0015728412,0.005956095,0.020295362710021435,15.71033769485075
0.006651331,0.012137384,0.0799637,0.0089617325,0.006877495,0.02291832836344838,15.802141492720693
0.034639504,0.030974917,0.24126932,0.007652777,0.0167873,0.06626476356759668,17.319266724865884
0.0051772934,0.011102541,0.05476652,0.0039411047,0.010605185,0.017118529137223962,15.599148519802839
0.12832968,0.2059047,0.48943108,0.06372004,0.16171192,0.20981948524713517,22.34368198364973
0.07037382,0.106226146,0.3652282,0.034514282,0.30803582,0.17687565460801125,21.190647911280394
0.15848508,0.21883243,0.5348458,0.06641513,0.35148385,0.26601246595382694,24.31043630838394
0.0335754,0.054472495,0.13933097,0.06997167,0.05668842,0.07080779150128365,17.478272702544928
0.1462216,0.16728424,0.5662924,0.051889375,0.3164042,0.2496183604001999,23.736642614006996
0.0012682388,0.004214089,0.045367606,0.0015506699,0.002074552,0.010895031108520926,15.381326088798232
0.12824252,0.25727394,0.38255358,0.040019844,0.41892067,0.2454021103680134,23.58907386288047
0.0005974723,0.0035175034,0.03397269,0.0020246992,0.0008825294,0.0081989792175591,15.286964272614568
0.02427023,0.044625837,0.11552855,0.030451559,0.088019356,0.060579107329249385,17.12026875652373
0.00957995,0.026038768,0.11965298,0.011445007,0.05733228,0.04480979703366757,16.568342896178365
0.0068094693,0.026003186,0.08946522,0.008596919,0.011625934,0.028500146232545376,15.997505118139088
0.0007896455,0.0021991367,0.03479376,0.00044794416,0.0017032339,0.007986744167283177,15.279536045854911
0.008490653,0.028513327,0.12619187,0.008696265,0.014503308,0.03727908432483674,16.304767951369286
0.005682732,0.02839965,0.11364726,0.01929993,0.004503657,0.03430664576590062,16.20073260180652
0.16276391,0.24744783,0.5182944,0.029671201,0.31303814,0.2542430955916643,23.89850834570825
0.0043852567,0.0059029125,0.1122539,0.001296618,0.0023501979,0.025237776385620237,15.883322173496708
0.0016466822,0.0054319305,0.055322774,0.0021504909,0.0016662697,0.013243629410862923,15.463527029380202
0.0012157827,0.0024291154,0.054371253,0.00040701558,0.0047350656,0.012631646386580542,15.442107623530319
0.016225273,0.025346402,0.57661355,0.006495583,0.09503903,0.14394396711140872,20.038038848899305
0.005893133,0.03157213,0.0890145,0.025583185,0.005959741,0.03160453783348203,16.10615882417187
0.011549818,0.071758896,0.17634264,0.046485066,0.019903015,0.0652078865095973,17.282276027835906
0.20203982,0.29072696,0.5686275,0.14266676,0.35867605,0.3125474125146866,25.93915943801403
0.0029312575,0.013041256,0.08640838,0.00698902,0.0023860263,0.02235118728131056,15.78229155484587
0.009799609,0.012149391,0.35185662,0.0033687954,0.0034246629,0.07611981541849673,17.664193539647385
0.11286659,0.20834444,0.63685197,0.054328095,0.35925308,0.2743288345634937,24.60150920972228
0.033277094,0.05063637,0.20474626,0.020403627,0.017107842,0.06523423902690412,17.283198365941644
0.008105943,0.016944833,0.24780208,0.006096814,0.003410598,0.056472053332254295,16.9765218666289
0.0011860456,0.008127987,0.044547427,0.0056668175,0.0010280885,0.012111273291520775,15.423894565203227
0.026029367,0.03680374,0.14368981,0.024521828,0.026603773,0.05152970403432846,16.803539641201496
0.001846255,0.013362206,0.06273025,0.012994993,0.002647141,0.018716169381514193,15.655065928352997
0.0055331336,0.019165292,0.07466136,0.026164565,0.010980898,0.027301049605011944,15.955536736175418
0.02084001,0.0386876,0.09831885,0.040452886,0.10478562,0.060616994276642806,17.121594799682498
0.017285872,0.030766077,0.11204832,0.06636216,0.0221258,0.04971764534711839,16.740117587149143
0.0019754441,0.005603648,0.039680947,0.0020550212,0.004684374,0.010799886798486112,15.377996037947014
0.00048592663,0.00256318,0.03826993,0.0016114679,0.00080546824,0.008747194462921472,15.306151806202251
0.13621871,0.1965505,0.7116404,0.09760352,0.13239762,0.2548821553587914,23.920875437557697
0.10983772,0.11434223,0.86974007,0.02187721,0.16805354,0.25677015259861946,23.98695534095168
0.010140893,0.031263366,0.10174355,0.03472247,0.009451416,0.037464338913559915,16.311251861974597
0.0891454,0.2724383,0.36434406,0.03538576,0.49721083,0.2517048679292202,23.809670377522707
0.0013925298,0.0043496843,0.031986233,0.0023592354,0.0070715416,0.009431844810023904,15.330114568350837
0.014952725,0.08591609,0.20798823,0.066334166,0.014258706,0.07788998316973447,17.726149410940707
0.0022853382,0.010946771,0.066528745,0.0071570766,0.0027373715,0.017931060492992403,15.627587117254734
0.09620487,0.120724715,0.2767083,0.029963568,0.11772187,0.1282646656036377,19.48926329612732
0.030741382,0.06878895,0.403544,0.04372675,0.03317006,0.11599423065781594,19.059798073023558
0.0007513024,0.0058802324,0.042885028,0.0066715125,0.0012127953,0.01148017408559099,15.401806092995685
0.035240654,0.04502358,0.3500137,0.014405139,0.016692199,0.0922750547528267,18.229626916348934
0.06301253,0.13100325,0.48627493,0.043981653,0.07652181,0.16015883311629298,20.605559159070253
0.22368269,0.187274,0.6647229,0.060454283,0.23543629,0.274314034730196,24.60099121555686
0.2547083,0.3610624,0.59794587,0.27520412,0.3918271,0.37614955902099606,28.165234565734863
0.0030023667,0.0073819957,0.040604487,0.0014531983,0.010326144,0.012553638406097889,15.439377344213426
0.07303841,0.09546755,0.2945643,0.019352429,0.12599596,0.12168373167514802,19.25893060863018
0.010682872,0.02898401,0.18194115,0.03118837,0.12201805,0.07496289014816285,17.6237011551857
0.0013324039,0.0071217357,0.049902212,0.0068716453,0.0017438219,0.013394363736733795,15.468802730785683
0.32258487,0.17729118,0.50192314,0.086929865,0.19771889,0.25728958994150164,24.005135647952557
0.036314495,0.112036206,0.22454318,0.02291694,0.06373277,0.09190871939063072,18.216805178672075
0.0016305527,0.007942448,0.05546197,0.005280442,0.0018406397,0.014431210421025754,15.505092364735901
0.031766254,0.0753191,0.21224712,0.05197784,0.018742574,0.07801057659089566,17.730370180681348
0.04079707,0.027528886,0.58791643,0.0063792625,0.022534158,0.13703116197139023,19.79609066899866
0.0061720447,0.011419857,0.060557228,0.0025174194,0.01642136,0.019417581893503663,15.679615366272628
0.08835179,0.22949083,0.3377614,0.030669656,0.4820914,0.23367301598191265,23.17855555936694
0.11023765,0.26473123,0.5214255,0.060079448,0.42783818,0.27686239778995514,24.69018392264843
0.033051908,0.06416039,0.298729,0.018623557,0.018226663,0.08655830435454846,18.029540652409196
0.12534711,0.30951694,0.62497336,0.05431516,0.35860357,0.29455122575163845,25.309292901307344
0.008977692,0.057993297,0.17951845,0.032754865,0.00886147,0.05762115381658078,17.016740383580327
0.08178183,0.06916622,0.6391715,0.03381323,0.041508738,0.17308829948306084,21.05809048190713
0.08569094,0.123691365,0.18509947,0.026736319,0.16679458,0.11760253459215164,19.116088710725307
0.006310333,0.022011155,0.07445627,0.014072999,0.006904119,0.02475097477436066,15.866284117102623
0.0021682335,0.0058939597,0.050490607,0.002847466,0.0026730723,0.012814667588099838,15.448513365583494
0.0016525561,0.0033918025,0.039157916,0.00074100995,0.0039530764,0.009779272181913257,15.342274526366964
0.22271544,0.37044314,0.4663567,0.17202672,0.28211173,0.3027307450771332,25.59557607769966
0.078476444,0.2576635,0.5486124,0.14012437,0.10003678,0.22498269826173783,22.874394439160824
0.009711585,0.060759358,0.12203242,0.042702653,0.011589412,0.04935908522456885,16.72756798285991
0.0022225312,0.0057084155,0.046655204,0.0013659331,0.0028526955,0.011760955909267068,15.411633456824347
0.017419985,0.012698922,0.43117306,0.0042224415,0.008078477,0.09471857640892269,18.315150174312294
0.0011436767,0.0062331753,0.044346206,0.0048648957,0.001899531,0.01169749691616744,15.40941239206586
0.006899243,0.009210489,0.10194047,0.0019116566,0.01943459,0.02787928928155452,15.975775124854408
0.10125257,0.21721807,0.49911845,0.041711424,0.41215137,0.2542903758585453,23.900163155049086
0.003178985,0.006161472,0.04250508,0.002277141,0.010437037,0.01291194329969585,15.451918015489355
0.04878766,0.15335432,0.41489056,0.082561746,0.039220136,0.14776288345456126,20.171700920909643
0.005698005,0.019133287,0.078768186,0.018141812,0.0059010996,0.025528477877378462,15.893496725708246
0.2317336,0.2947726,0.57369417,0.08922008,0.33970964,0.3058260172605515,25.7039106041193
0.043404754,0.03323331,0.5178816,0.017073423,0.017566083,0.12583182863891124,19.404114002361894
0.07774073,0.12606378,0.35420817,0.019170046,0.16284856,0.14800625741481782,20.180219009518623
0.105521694,0.29092082,0.4228137,0.035358347,0.4784015,0.2666032180190086,24.331112630665302
0.0058058975,0.016194597,0.07385582,0.0264875,0.031449854,0.030758733116090297,16.07655565906316
0.01703483,0.03884463,0.13699389,0.0082028825,0.020998005,0.044414846599102026,16.55451963096857
0.0016878044,0.0038978504,0.04735793,0.00085618487,0.012359629,0.01323188014794141,15.46311580517795
0.1429207,0.22296824,0.7138366,0.060569994,0.28222406,0.2845039203763008,24.95763721317053
0.060412075,0.08221648,0.34118244,0.029413117,0.025202727,0.10768536776304245,18.768987871706486
0.0010579389,0.0026435894,0.037891097,0.00058611255,0.0016378711,0.00876332187326625,15.306716265564319
0.00091213215,0.002392943,0.03425469,0.0007902417,0.0021389553,0.008097792183980346,15.283422726439312
0.010423423,0.012559317,0.2631384,0.011410429,0.0049909316,0.06050450280308724,17.117657598108053
0.13956794,0.13762389,0.293963,0.062445763,0.14789289,0.15629869475960734,20.470454316586256
0.020085739,0.043216772,0.1532356,0.011002778,0.036311723,0.05277052242308856,16.8469682848081
0.010936874,0.015160074,0.08745357,0.007551235,0.0124804,0.02671642992645502,15.935075047425926
0.0014278392,0.0026716907,0.03407861,0.000934544,0.0041010156,0.008642739732749762,15.302495890646242
0.003642929,0.023172287,0.109202586,0.025504304,0.016216444,0.035547710070386526,16.24416985246353
0.051517036,0.13370103,0.2962777,0.04720903,0.072670296,0.12027501761913299,19.209625616669655
0.00026816153,0.0014432432,0.025318395,0.0010694977,0.00043091204,0.005706041964003816,15.199711468740134
0.001558732,0.0051145465,0.036374666,0.0018074963,0.027750313,0.014521150779910386,15.508240277296863
0.0048060725,0.023247637,0.08174331,0.038627405,0.004146171,0.030514118447899818,16.067994145676494
0.008181736,0.019083912,0.07146184,0.0042090737,0.048836168,0.03035454610362649,16.062409113626927
0.0745011,0.14236823,0.23963162,0.029518347,0.33766475,0.16473680958151818,20.765788335353136
0.005420387,0.0105157355,0.0542138,0.005401118,0.016039236,0.018318055104464295,15.64113192865625
0.0012748901,0.0024518229,0.035318553,0.0007899277,0.006221814,0.009211401653010398,15.322399057855364
0.00068893225,0.003479616,0.045065135,0.001336558,0.00086171884,0.010286391980480404,15.360023719316814
0.0005893267,0.005960054,0.036459904,0.0061938413,0.00079705834,0.010000036959536374,15.350001293583773
0.019862354,0.04631873,0.11020477,0.013680936,0.12020307,0.06205397192388774,17.17188901733607
0.02184446,0.035404924,0.15438707,0.04106249,0.018405588,0.05422090664505959,16.897731732577085
0.0010771778,0.003577468,0.03902959,0.001014818,0.0016089765,0.009261606214568018,15.32415621750988
0.00073157554,0.005767411,0.038626786,0.0062279855,0.0012888702,0.010528525733388961,15.368498400668614
0.15236735,0.22830532,0.7084383,0.076031655,0.20075671,0.2731798648834229,24.5612952709198
0.005440539,0.010398614,0.056200914,0.003082927,0.012714421,0.01756748319603503,15.614861911861226
0.0027588094,0.010542437,0.065354384,0.008618619,0.0026845837,0.01799176684580743,15.62971183960326
0.12023743,0.25062275,0.62385464,0.061049197,0.3985491,0.290862625092268,25.18019187822938
0.002369412,0.0056938143,0.080158405,0.00084314914,0.02788343,0.02338964189402759,15.818637466290966
0.005736561,0.031173736,0.07977997,0.032029994,0.0057401415,0.030892079975456,16.08122279914096
0.10554983,0.21668133,0.33718264,0.03498388,0.4304384,0.22496721595525743,22.87385255843401
0.0011986209,0.0022727826,0.034398675,0.0006469631,0.0037549983,0.008454407972749324,15.295904279046226
0.09834035,0.14680941,0.28180596,0.027186736,0.09197988,0.12922446876764299,19.522856406867504
0.019740455,0.034198053,0.18172562,0.012713703,0.008279569,0.05133148040622473,16.796601814217865
0.013670563,0.010480039,0.33226067,0.0060562817,0.011644326,0.07482237555086613,17.618783144280314
0.0016035129,0.008644027,0.057717208,0.0039628875,0.0013539451,0.014656316000036895,15.512971060001291
0.0073107746,0.010534652,0.10529671,0.0029144236,0.0076401164,0.026739334966987372,15.935876723844558
0.006535979,0.033070225,0.115252614,0.02098649,0.007922602,0.03675358202308416,16.286375370807946
0.13033867,0.2690107,0.5967266,0.059189923,0.30162317,0.2713778093457222,24.498223327100277
0.045351867,0.08239988,0.2671616,0.015698845,0.18249732,0.11862190477550032,19.15176666714251
0.07699005,0.12898234,0.4186131,0.029957663,0.3627023,0.20344909355044366,22.120718274265528
0.01229877,0.03408233,0.08974506,0.016943252,0.013379776,0.03328983765095473,16.165144317783415
0.002404726,0.009284109,0.062173914,0.00835809,0.0026819943,0.01698056673631072,15.594319835770875
0.022582121,0.026310185,0.1288293,0.0055751065,0.038729176,0.044405177794396886,16.55418122280389
0.13825843,0.16136712,0.2580627,0.04236662,0.121547,0.14432037100195885,20.05121298506856
0.100200325,0.16355287,0.57698923,0.024666231,0.21224415,0.21553056165575984,22.543569657951593
0.004823716,0.040497646,0.100656256,0.02954326,0.0070088343,0.036505942419171336,16.277707984670997
0.01639368,0.030807829,0.11579824,0.0210177,0.07417022,0.05163753367960453,16.80731367878616
0.0045024455,0.009500846,0.06196361,0.0042551365,0.009884656,0.018021338991820814,15.630746864713728
0.0006415772,0.0025349145,0.030517565,0.002486603,0.0019150185,0.00761913568712771,15.26666974904947
0.053193036,0.08607069,0.25823843,0.024661917,0.11749555,0.1079319253563881,18.777617387473583
0.00388136,0.018852558,0.07209104,0.014903725,0.00469895,0.022885527182370427,15.800993451382965
0.001141028,0.0042926837,0.0316166,0.002117637,0.0030089342,0.008435376267880202,15.295238169375807
0.003566738,0.011548212,0.048710752,0.009349608,0.01989606,0.018614274030551315,15.651499591069296
0.03618689,0.03383279,0.471661,0.015237148,0.01616491,0.11461654733866453,19.01157915685326
0.13321973,0.13865517,0.6536656,0.037811596,0.076971136,0.20806464776396752,22.282262671738863
0.24371707,0.19910146,0.68575436,0.052348237,0.19834706,0.2758536390960217,24.654877368360758
0.001298039,0.0039956775,0.042381365,0.0016114517,0.0020643342,0.01027017345186323,15.359456070815213
0.20860143,0.23263857,0.64382035,0.110784434,0.1857832,0.2763255968689919,24.671395890414715
0.12887013,0.20121965,0.67274666,0.06385388,0.15135057,0.24360817819833758,23.526286236941814
0.14283688,0.2360604,0.8044023,0.037085112,0.24719192,0.29351532086730003,25.2730362303555
0.023446804,0.03942586,0.11202933,0.07575552,0.06455084,0.06304167099297046,17.206458484753966
0.11787506,0.1098286,0.69761103,0.038824733,0.23002404,0.23883269354701045,23.359144274145365
0.064591706,0.11113002,0.18890516,0.07307793,0.24180475,0.13590191453695297,19.756567008793354
0.007155986,0.019563721,0.08487763,0.0017359176,0.043562487,0.03137914889957756,16.098270211485215
0.0029286095,0.0030169424,0.2551118,0.001157939,0.0004863036,0.05254032160155475,16.838911256054416
0.01269873,0.062455624,0.19259173,0.02516856,0.011444091,0.060871746577322486,17.130511130206287
0.038464278,0.030861638,0.46656778,0.008581671,0.06514978,0.12192502971738577,19.267376040108502
0.08555558,0.10959289,0.61426735,0.08774429,0.29483125,0.23839827179908754,23.343939512968063
0.0010816492,0.0023644418,0.032816876,0.000885739,0.0049432176,0.008418384660035373,15.294643463101238
0.017744342,0.03076084,0.31044888,0.034316238,0.122262284,0.10310651771724223,18.60872812010348
0.074452154,0.22243461,0.3868608,0.026081394,0.1910229,0.18017036989331248,21.305962946265936
0.003381277,0.005536446,0.09085098,0.0014715601,0.0028269927,0.020813450939022007,15.72847078286577
0.017761787,0.05083763,0.11898533,0.018362205,0.016812552,0.044551901146769525,16.559316540136933
0.047664165,0.10225906,0.3499888,0.06674075,0.033916425,0.1201138384640217,19.20398434624076
0.06415882,0.11212435,0.21989632,0.031394716,0.2781479,0.14114442244172098,19.940054785460234
0.14047956,0.29428595,0.46407446,0.10641171,0.18261828,0.23757399320602418,23.315089762210846
0.13598278,0.2755657,0.77336377,0.07621762,0.27857518,0.30794101357460024,25.777935475111008
0.1485443,0.34618795,0.4679364,0.06129288,0.46563733,0.2979197695851326,25.42719193547964
0.010780672,0.06513862,0.1443955,0.033518847,0.010927196,0.052952167578041553,16.853325865231454
0.0042972453,0.0074085244,0.075950645,0.0010290056,0.0094137015,0.019619824341498313,15.686693851952441
0.06764326,0.08964054,0.5155315,0.03105987,0.29175398,0.1991258267313242,21.969403935596347
0.010630637,0.02740336,0.12898695,0.02921893,0.00730116,0.0407082086429,16.4247873025015
0.0011335318,0.005565719,0.048227984,0.0033046943,0.0011903998,0.011884465906769037,15.415956306736916
0.15113659,0.15197608,0.5652899,0.10990141,0.14142726,0.22394625246524813,22.838118836283684
0.0029056917,0.0061300513,0.050131317,0.0022449358,0.004180135,0.013118426268920303,15.45914491941221
0.0026259017,0.006361135,0.08277388,0.0018666018,0.013614329,0.021448369207791987,15.75069292227272
0.0015044078,0.004804214,0.057262525,0.004177645,0.0029170061,0.0141331595601514,15.494660584605299
0.030725773,0.13932416,0.2218279,0.09881235,0.054812044,0.10910044386982919,18.81851553544402
0.14004898,0.097297326,0.6589239,0.030128589,0.07991043,0.20126184932887553,22.044164726510644
0.0010938513,0.0032578043,0.041078098,0.0007865289,0.0013983006,0.009522916655987503,15.333302082959563
0.0034162286,0.008058069,0.04410095,0.0027962495,0.021929616,0.01606022296473384,15.562107803765684
0.060040563,0.19691142,0.4186278,0.017472805,0.1938906,0.17738863863050938,21.208602352067828
0.045776095,0.11537025,0.24368069,0.038600303,0.024396751,0.09356481730937959,18.274768605828285
0.101880945,0.07269435,0.4786522,0.04139647,0.09468432,0.1578616574406624,20.525158010423183
0.00923016,0.017566042,0.12719432,0.003444588,0.0079506105,0.03307714317925275,16.157700011273846
0.06055412,0.11980585,0.25333267,0.026305836,0.2212752,0.13625473529100418,19.768915735185146
0.19090512,0.3830599,0.7489382,0.10722026,0.37440598,0.36090589165687564,27.631706207990646
0.008209674,0.029172003,0.10217098,0.022368483,0.0055236802,0.033488964382559064,16.172113753389567
0.0260534,0.04079573,0.104341134,0.012609872,0.03457863,0.04367575291544199,16.52865135204047
0.0032365783,0.017811712,0.06545541,0.020919962,0.0036032351,0.02220537881366909,15.777188258478418
0.035250116,0.039349776,0.4263213,0.010384017,0.11440195,0.12514143157750368,19.37995010521263
0.0036144503,0.01243168,0.059905976,0.01833923,0.0068705645,0.02023238018155098,15.708133306354284
0.012121168,0.042614926,0.117160246,0.02166244,0.0077900845,0.04026977280154825,16.40944204805419
0.0010177715,0.0028026896,0.042220872,0.0005095077,0.0012293521,0.00955603856127709,15.334461349644698
0.012469562,0.035608098,0.13011423,0.03336739,0.010055648,0.04432298541069031,16.55130448937416
0.0014796491,0.0067065405,0.04436115,0.012457242,0.002090375,0.013418991700746119,15.469664709526114
0.030218255,0.083299674,0.27226654,0.030999534,0.018254615,0.08700772300362587,18.045270305126905
0.23441231,0.1997046,0.40660462,0.14026192,0.19039872,0.23427643477916718,23.19967521727085
0.012305196,0.0148380175,0.25160187,0.002845237,0.036126558,0.06354337669909,17.22401818446815
0.0028570462,0.008840053,0.053697094,0.023050753,0.004593975,0.01860778443515301,15.651272455230355
0.016004108,0.024623042,0.53910184,0.008029331,0.009871607,0.11952598541975022,19.183409489691257
0.025308454,0.057871416,0.13320942,0.0106556825,0.023686368,0.05014626868069172,16.75511940382421
0.009197252,0.021365114,0.10401338,0.01608458,0.009620318,0.032056129351258275,16.12196452729404
0.009984098,0.015835958,0.31370124,0.0039417115,0.0049302946,0.06967866085469723,17.438753129914403
0.0010553775,0.008439088,0.053387545,0.0086217,0.0017838827,0.014657518733292818,15.513013155665249
0.083631024,0.12754609,0.49798268,0.03309819,0.32920918,0.21429343223571778,22.500270128250122
0.016893748,0.028089305,0.12127612,0.020269902,0.029236443,0.043153103440999985,16.510358620435
0.027052158,0.07300634,0.1678062,0.0073222616,0.13914397,0.0828661852516234,17.90031648380682
0.1728288,0.3074108,0.68344754,0.14904527,0.25523376,0.3135932356119156,25.975763246417046
0.009503924,0.03049745,0.235824,0.0081464145,0.095946915,0.07598374169319869,17.659430959261954
0.018675718,0.06099832,0.16637932,0.022424903,0.01233717,0.05616308581084013,16.965708003379405
0.005492378,0.018513529,0.080528125,0.008151775,0.008706292,0.024278419837355614,15.849744694307446
0.091899246,0.19227198,0.8200411,0.03719254,0.2126042,0.2708018153905869,24.47806353867054
0.0054766433,0.016239252,0.06099477,0.028742587,0.023775091,0.027045668847858906,15.946598409675062
0.00811975,0.020880332,0.12894583,0.014483467,0.004865094,0.03545889407396317,16.24106129258871
0.17919713,0.31269333,0.41996437,0.0829369,0.4404536,0.28704906404018404,25.04671724140644
0.023805574,0.03652791,0.124994904,0.032399368,0.02206372,0.04795829467475415,16.678540313616395
0.2074322,0.3176924,0.6146871,0.07672894,0.38528666,0.32036545574665076,26.212790951132774
0.0047849426,0.012111705,0.066020325,0.0042647924,0.028417446,0.02311984207481146,15.809194472618401
0.00031377855,0.0019379357,0.024357727,0.00253027,0.0009784232,0.006023626850219444,15.21082693975768
0.0063767782,0.01733472,0.054194454,0.0060613644,0.10530012,0.03785348758101464,16.324872065335512
0.13230495,0.22771305,0.5920961,0.05232109,0.2782315,0.2565333366394043,23.97866678237915
0.05583306,0.07318262,0.54873073,0.03886469,0.27174288,0.19767079651355746,21.91847787797451
0.04719272,0.20407362,0.6376441,0.11453567,0.11251896,0.22319301590323448,22.811755556613207
0.09630909,0.14348204,0.39464578,0.028416324,0.07148644,0.14686793610453605,20.140377763658762
0.0046529165,0.020388758,0.086286604,0.016515555,0.0034116749,0.026251101680099965,15.918788558803499
0.0012039802,0.0033034566,0.03556927,0.0006141148,0.0020026814,0.008538700430653991,15.29885451507289
0.050270077,0.058814224,0.33806252,0.006717667,0.048876163,0.10054813101887704,18.519184585660696
0.0030925602,0.0060702884,0.0696894,0.00069053815,0.007290537,0.017366664845030754,15.607833269576076
0.105747305,0.22584,0.43772173,0.040830296,0.39620984,0.2412698335945606,23.444444175809622
0.0019187762,0.0065296283,0.05686184,0.008526934,0.0033709912,0.015441634040325879,15.540457191411406
0.0010858476,0.0051677185,0.0506802,0.0020483434,0.0013140736,0.012059236923232675,15.422073292313144
0.04306565,0.09690184,0.22606626,0.021333707,0.33629262,0.144732016697526,20.06562058441341
0.0077880607,0.012163964,0.06820957,0.0024151169,0.01152079,0.020419501047581435,15.71468253666535
0.06780274,0.17063709,0.46834725,0.022297358,0.1933044,0.18447776846587657,21.45672189630568
0.030567074,0.055038374,0.18502063,0.012645801,0.19017288,0.09468895103782415,18.314113286323845
0.023100534,0.047474895,0.20172927,0.016122188,0.016172383,0.06091985367238522,17.132194878533483
0.000496179,0.0032229517,0.0337778,0.0028709713,0.00076793873,0.008227168035227807,15.287950881232973
0.011118641,0.03710068,0.18063888,0.031715512,0.03296877,0.05870849676430226,17.05479738675058
0.0056862226,0.015497273,0.13582459,0.021555208,0.006087719,0.03693020259961487,16.29255709098652
0.18864127,0.23279762,0.37149715,0.03645879,0.2628158,0.2184421271085739,22.645474448800087
0.019700333,0.045484487,0.23856257,0.010062471,0.0136220725,0.06548638660460711,17.29202353116125
0.09589078,0.2893318,0.5357099,0.035262577,0.21496844,0.2342327028512955,23.19814459979534
0.008348058,0.014003692,0.10464023,0.0079500275,0.006821221,0.028352645877748727,15.992342605721205
0.12728162,0.22281939,0.68462104,0.07273208,0.34534925,0.29056067615747455,25.169623665511608
0.109246686,0.13990872,0.44051218,0.0317425,0.30767137,0.20581628978252411,22.203570142388344
0.076648936,0.0634145,0.67665243,0.021480983,0.058356676,0.17931070514023306,21.275874679908156
0.0016785733,0.0052219485,0.042406317,0.0026685214,0.0046870853,0.011332489061169328,15.396637117140926
0.06388226,0.03419801,0.55299705,0.011852891,0.030799076,0.13874585796147584,19.856105028651655
0.16689879,0.18095635,0.50893086,0.124235995,0.1390755,0.22401949912309652,22.840682469308376
0.005347518,0.020197432,0.07089935,0.01821678,0.00643373,0.024218962434679272,15.847663685213774
0.0009795065,0.0042381645,0.03374009,0.0023642574,0.001838885,0.008632180350832642,15.302126312279142
0.0018922682,0.0029653555,0.07076164,0.0003719816,0.0033565576,0.015869561245199296,15.555434643581975
0.013593161,0.036927536,0.12837148,0.010597269,0.08227277,0.05435244217514992,16.902335476130247
0.0010550633,0.0024753897,0.03132998,0.00042692677,0.0021607412,0.007489619869738818,15.262136695440859
0.020049114,0.051523354,0.13901253,0.020084806,0.0217088,0.05047572068870068,16.766650224104524
0.0027788535,0.01643193,0.05845274,0.018697552,0.0030513185,0.019882478844374416,15.695886759553105
0.02156739,0.019861838,0.15718561,0.009636884,0.011413841,0.04393311310559512,16.53765895869583
0.07343565,0.1144167,0.3477201,0.03713605,0.09216512,0.1329747222363949,19.65411527827382
0.14044653,0.22738166,0.7303052,0.095587984,0.24468976,0.28768222630023954,25.068877920508385
0.06084941,0.10480446,0.32962185,0.023161702,0.06590133,0.11686775162816049,19.090371306985617
0.0035767714,0.004885473,0.20669216,0.0019009609,0.011296155,0.04567030384205282,16.59846063447185
0.06958135,0.08029443,0.2465281,0.057623737,0.092074156,0.10922035574913026,18.82271245121956
0.08262696,0.16753821,0.47449362,0.044217963,0.40047592,0.23387053534388544,23.18546873703599
0.19574478,0.1581188,0.5004391,0.038737245,0.14052106,0.20671219974756244,22.234926991164684
0.013105263,0.037345286,0.14605777,0.015546224,0.07572137,0.057555182278156286,17.01443137973547
0.033034723,0.063687205,0.17050843,0.020181727,0.21604909,0.10069223493337631,18.52422822266817
0.0048333555,0.019296082,0.06658011,0.032051384,0.011734621,0.02689911033958197,15.941468861885369
0.007902621,0.018342966,0.08083882,0.008618,0.008928646,0.0249262111261487,15.872417389415205
0.0019752185,0.0130037535,0.0563954,0.015776496,0.0027223611,0.01797464597038925,15.629112608963624
0.0038745222,0.010604205,0.049928986,0.0043160054,0.009717843,0.01568831205368042,15.549090921878815
0.06165699,0.1844888,0.5953685,0.09429142,0.05897888,0.19895691946148875,21.963492181152105
0.12605388,0.12361548,0.2682032,0.110614665,0.195421,0.16478164494037628,20.76735757291317
0.0016305161,0.004003361,0.041382372,0.0017112698,0.003664053,0.010478314454667272,15.366741005913354
0.20360829,0.30761456,0.5991312,0.16244695,0.23409481,0.3013791680335999,25.548270881175995
0.021879032,0.0529687,0.22289072,0.038348403,0.010180675,0.06925350595265628,17.42387270834297
0.042123146,0.078602895,0.15298566,0.02084109,0.20832165,0.10057488791644574,18.5201210770756
0.02443916,0.06436525,0.15694448,0.012005089,0.2507865,0.10170809961855412,18.559783486649394
0.0032207677,0.015864572,0.06339832,0.021139884,0.0032855913,0.021381826279684907,15.748363919788972
0.0025134794,0.015796425,0.06298144,0.03314133,0.003039654,0.023494465975090865,15.82230630912818
0.1371096,0.29285768,0.74665093,0.12266175,0.37399164,0.33465431779623034,26.71290112286806
0.0024849088,0.0121637685,0.074632436,0.006845333,0.0031990511,0.01986509952694178,15.695278483442962
0.16303922,0.28044426,0.70087296,0.11557867,0.32882687,0.3177523970603943,26.1213338971138
0.10716409,0.12594905,0.4262236,0.019039987,0.1786866,0.17141266874969005,20.999443406239152
0.0017869899,0.008998639,0.050407983,0.00970289,0.0019612443,0.014571549324318768,15.510004226351157
0.0006805702,0.0044359947,0.042126145,0.0033512881,0.00078623666,0.010276046977378429,15.359661644208245
0.02732977,0.036936745,0.25031027,0.008432013,0.017529938,0.06810774784535169,17.38377117458731
0.021730622,0.09652365,0.18567848,0.029320562,0.029202128,0.07249108888208866,17.537188110873103
0.0016457903,0.006001906,0.05581619,0.0014861999,0.0017614907,0.013342315074987711,15.46698102762457
0.020254266,0.027819065,0.34824288,0.03670043,0.017214406,0.09004620946943759,18.151617331430316
0.014338979,0.010125416,0.38769493,0.00644733,0.004334925,0.08458831505849956,17.960591027047485
0.004360322,0.02365517,0.09593691,0.011817846,0.0042944164,0.028012932930141687,15.980452652554959
0.0012243459,0.0071035814,0.053400785,0.006861068,0.001438788,0.014005713583901526,15.490199975436553
0.13387467,0.08280504,0.75502706,0.021967577,0.14542994,0.22782085575163363,22.973729951307178
0.005893166,0.012536849,0.11785938,0.0035514173,0.026173996,0.03320296132005751,16.162103646202013
0.038837012,0.19773911,0.30761033,0.099528216,0.056607034,0.14006434082984925,19.902251929044724
0.03148173,0.07040376,0.19695386,0.014796233,0.06005063,0.07473724372684956,17.615803530439734
0.11087738,0.21265124,0.4993886,0.047620375,0.24956173,0.22401986494660378,22.840695273131132
0.084159635,0.14128761,0.611693,0.020613886,0.2803244,0.22761571109294892,22.966549888253212
0.007245224,0.01403283,0.14639756,0.0030299302,0.014662993,0.03707370753400027,16.29757976369001
0.05599581,0.06383869,0.35237837,0.022211455,0.22825325,0.14453551396727563,20.058742988854647
0.0013265774,0.0051731714,0.041203186,0.0026065945,0.0018301673,0.010427939286455513,15.364977875025943
0.11872435,0.19274545,0.5828217,0.060043752,0.36976773,0.26482060104608535,24.268721036612988
0.113854125,0.26072258,0.43905893,0.045806296,0.43643078,0.2591745421290398,24.07110897451639
0.004855235,0.010269442,0.068662725,0.0040088994,0.0089066345,0.019340587221086027,15.67692055273801
0.030680168,0.15055235,0.2763622,0.05751049,0.027563086,0.10853366069495678,18.798678124323487
0.013560503,0.017958706,0.31313968,0.0022286654,0.025169943,0.07441149880178273,17.604402458062395
0.030462937,0.039242774,0.12017548,0.03876021,0.037932187,0.053314718231558804,16.866015138104558
0.06777863,0.10063722,0.56738603,0.046689566,0.20006981,0.19651225283741952,21.877928849309683
0.053807896,0.18927486,0.42858857,0.06241839,0.0836826,0.1635544627904892,20.724406197667122
0.0025114778,0.006099661,0.055047277,0.00090142956,0.006047866,0.014121542288921774,15.494253980112262
0.0096657695,0.021647736,0.14849293,0.0037819454,0.026087645,0.04193520583212376,16.46773220412433
0.007459588,0.028242499,0.0975828,0.04426938,0.0062237815,0.03675560988485813,16.286446345970035
0.0099168625,0.023664791,0.16249761,0.005557388,0.0067763496,0.041682600229978564,16.45889100804925
0.0072137616,0.024065852,0.14442047,0.013072894,0.0041537834,0.03858535317704082,16.35048736119643
0.044682287,0.13058852,0.45856783,0.058816496,0.11342095,0.1612152151763439,20.642532531172037
0.010113847,0.025882287,0.074285045,0.010917846,0.022919305,0.028823666088283063,16.008828313089907
0.013163064,0.029626317,0.13394746,0.027425611,0.06281558,0.053395606204867364,16.868846217170358
0.0038305873,0.013407211,0.06555694,0.01158275,0.0036332686,0.019602152006700638,15.686075320234522
0.014820115,0.032343674,0.13758072,0.002044384,0.029394563,0.04323669178411365,16.513284212443978
0.01492946,0.05295954,0.1412683,0.015382384,0.018260388,0.04856001380831003,16.69960048329085
0.001647314,0.0043072277,0.037721038,0.0014154257,0.010154506,0.01104910229332745,15.38671858026646
0.14663951,0.29888538,0.7975976,0.064084865,0.36863545,0.33516855686903,26.73089949041605
0.14666829,0.37411922,0.7592804,0.08191807,0.33886033,0.340169258415699,26.905924044549465
0.00147489,0.002580552,0.04436066,0.0006674554,0.0035962109,0.010535953636281192,15.368758377269842
0.017491529,0.039478127,0.26214126,0.004757685,0.111644536,0.0871026269160211,18.04859194206074
0.008600699,0.021531748,0.090892635,0.027854966,0.00866528,0.03150906562805176,16.10281729698181
0.001774507,0.004173448,0.051078424,0.002002166,0.0045509976,0.012715908442623915,15.445056795491837
0.07500022,0.069867946,0.66861576,0.02299017,0.058033764,0.1789015717804432,21.26155501231551
0.005181868,0.020086665,0.07201444,0.007299688,0.117853016,0.04448713604360819,16.557049761526287
0.009444177,0.038535565,0.11647943,0.035698406,0.015433636,0.04311824217438698,16.509138476103544
0.0019626326,0.009747673,0.05532127,0.00944747,0.002306108,0.015757030481472614,15.551496066851541
0.1006522,0.10495227,0.81587195,0.03355824,0.21776927,0.25456078574061397,23.909627500921488
0.082078114,0.105445005,0.60422707,0.03764751,0.28294817,0.2224691726267338,22.786421041935682
0.002287121,0.010170978,0.052784584,0.020033633,0.0038326853,0.01782180033624172,15.62376301176846
0.093905486,0.104281716,0.27884585,0.16643631,0.08593652,0.14588117599487305,20.105841159820557
0.073349774,0.15134995,0.29775342,0.07367754,0.057200942,0.1306663252413273,19.573321383446455
0.009754958,0.047391362,0.21065316,0.027402034,0.0070614875,0.06045259954407811,17.115840984042734
0.0052736215,0.029248524,0.08052834,0.033759207,0.0043736757,0.030636673886328937,16.072283586021513
0.023742465,0.027690725,0.17634122,0.013228727,0.012227112,0.05064605008810759,16.772611753083766
0.0031614092,0.00717661,0.1079264,0.0022720236,0.030668719,0.030241032037884,16.05843612132594
0.0020096593,0.0138234375,0.053738594,0.013358001,0.0023502829,0.01705599487759173,15.59695982071571
0.12610403,0.24252848,0.5483958,0.06584193,0.40471718,0.27751748561859135,24.713111996650696
0.2060027,0.30039418,0.6281743,0.08642739,0.3420387,0.3126074522733689,25.94126082956791
0.1441403,0.22126733,0.5270974,0.07243977,0.36808553,0.2666060671210289,24.33121234923601
0.00071577687,0.003597848,0.044694934,0.002347582,0.0010273731,0.010476702789310366,15.366684597625863
0.02063062,0.03374037,0.2965843,0.026927425,0.011894919,0.07795552872121335,17.728443505242467
0.012030616,0.021864822,0.16600303,0.00672141,0.006035851,0.04253114657476544,16.48859013011679
0.0111558745,0.034298424,0.17465112,0.008565325,0.008073886,0.04734892509877682,16.65721237845719
0.030972702,0.070380665,0.46267802,0.018777184,0.24312767,0.1651872482150793,20.781553687527776
0.0077623976,0.010627588,0.15534796,0.0041156947,0.0055967197,0.03669007169082761,16.284152509178966
0.1171868,0.30669546,0.79032636,0.106598035,0.4118219,0.34652571082115174,27.12839987874031
0.022737456,0.060756866,0.14740977,0.013821903,0.20831566,0.0906083295121789,18.17129153292626
0.0031743874,0.011080878,0.06957401,0.003972717,0.0030635537,0.01817310987971723,15.636058845790103
0.00295141,0.011571498,0.07294055,0.009030365,0.0027659761,0.019851959962397817,15.694818598683923
0.0028547945,0.019648246,0.07723452,0.01203341,0.0029278756,0.022939769690856336,15.802891939179972
0.014493244,0.014752562,0.5181507,0.0043387925,0.01086386,0.11251982916146518,18.93819402065128
0.19270046,0.3063143,0.53378457,0.0999667,0.3576439,0.29808198362588884,25.43286942690611
0.007956547,0.012992081,0.14203662,0.005222444,0.0038625854,0.034414054825901985,16.20449191890657
0.09451632,0.07648464,0.7798412,0.014587985,0.1370494,0.22049590833485128,22.717356791719794
0.0098385485,0.017063623,0.09479325,0.022073373,0.015132754,0.03178031034767628,16.11231086216867
0.002243804,0.013050703,0.060787436,0.018000415,0.0031654118,0.019449553871527317,15.680734385503456
0.0019519597,0.006549945,0.054772727,0.012995346,0.0034523078,0.0159444572404027,15.558056003414094
0.016719779,0.03560185,0.25872752,0.022975195,0.012617813,0.06932843178510666,17.426495112478733
0.004676364,0.009395368,0.057275366,0.0059119905,0.006865215,0.01682486077770591,15.588870127219707
0.008257606,0.032070253,0.15246867,0.018270764,0.0063207853,0.043477615062147375,16.52171652717516
0.0029274414,0.01519619,0.07239241,0.012559169,0.0031343992,0.021241922257468106,15.743467279011384
0.1471949,0.27316722,0.7092559,0.08610433,0.37255263,0.3176549941301346,26.11792479455471
0.03550246,0.1855044,0.38622394,0.14827697,0.043158103,0.15973317623138428,20.59066116809845
0.037229504,0.13622625,0.44963166,0.0638294,0.03154472,0.14369230717420578,20.029230751097202
0.06631339,0.13509896,0.41393605,0.04708529,0.043173674,0.1411214739084244,19.939251586794853
0.08539594,0.14864598,0.5895417,0.05916125,0.27396792,0.23134255334734918,23.09698936715722
0.0068165166,0.027032325,0.09414634,0.010613499,0.0071258126,0.029146898910403257,16.020141461864114
0.018305307,0.019900026,0.34658715,0.010781109,0.0068551432,0.0804857473820448,17.817001158371568
0.00070850365,0.00270369,0.032931387,0.0014921344,0.0014750817,0.007862159423530102,15.275175579823554
0.05665458,0.09164875,0.1948349,0.024154587,0.30356804,0.13417217098176482,19.696025984361768
0.0044562104,0.0108688325,0.10376226,0.001613016,0.0050776177,0.025155587634071712,15.88044556719251
0.081914045,0.060264837,0.67222357,0.013877919,0.03281247,0.17221856750547887,21.02764986269176
0.0011225679,0.002811138,0.03288466,0.000865983,0.0029867054,0.008134211099240929,15.284697388473433
0.08966919,0.33334854,0.73591316,0.076753244,0.16948321,0.2810334697365761,24.836171440780163
0.025009511,0.04456061,0.20837009,0.01706124,0.1352033,0.08604095056653024,18.011433269828558
0.045599896,0.098360755,0.57928675,0.028301004,0.040155828,0.15834084749221805,20.54192966222763
0.003931439,0.004863333,0.23589146,0.0028660407,0.0008787823,0.04968621126608923,16.739017394313123
0.046972025,0.10176872,0.38325188,0.029354721,0.111046225,0.13447871282696724,19.706754948943853
0.05362029,0.21720985,0.40910918,0.061554167,0.058621217,0.16002293899655345,20.60080286487937
0.0034001765,0.004324267,0.1476707,0.0007501474,0.003735399,0.03197613826487214,16.119164839270525
0.0023695247,0.004738397,0.039650775,0.00079232774,0.005760722,0.01066234934842214,15.373182227194775
0.001958568,0.004757062,0.033783406,0.0014950443,0.01082869,0.010564554040320218,15.369759391411208
0.06671014,0.06583096,0.6208489,0.0265647,0.1420204,0.1843950193375349,21.45382567681372
0.004061997,0.026513455,0.084346786,0.017371017,0.004059424,0.027270536031574012,15.95446876110509
0.013101477,0.03848957,0.23095304,0.03482905,0.048858307,0.07324628829956054,17.56362009048462
0.11635124,0.07263871,0.5374873,0.07956466,0.09737638,0.1806836634874344,21.323928222060204
0.0016138585,0.0037083554,0.051231924,0.0014080937,0.0015026538,0.01189297717064619,15.416254200972617
0.002735668,0.0144862505,0.058049474,0.020707887,0.005555191,0.020306894043460488,15.710741291521117
0.10084475,0.18441987,0.37253693,0.028854081,0.25583664,0.18849845267832283,21.597445843741298
0.0061974265,0.015460235,0.06258716,0.0023249292,0.037593804,0.024832710390910506,15.869144863681868
0.2244287,0.32005122,0.62824994,0.21087039,0.32708538,0.3421371251344681,26.974799379706383
0.042802252,0.08852921,0.5118224,0.07023032,0.07770327,0.15821748971939087,20.53761214017868
0.009779253,0.04945756,0.15374453,0.048542507,0.027647782,0.057834327407181266,17.024201459251344
0.0006073097,0.0054541198,0.036152802,0.004174286,0.000596324,0.009396968374494464,15.328893893107306
0.044264384,0.020922722,0.45120955,0.010429804,0.011487826,0.10766285620629788,18.768199967220426
0.07842549,0.21112774,0.7198697,0.108481534,0.3304276,0.2896664053201676,25.138324186205864
0.0947632,0.17855324,0.49038625,0.041931454,0.08326571,0.17777996882796288,21.2222989089787
0.09426316,0.22164094,0.5518525,0.046704445,0.38292262,0.25947673842310903,24.081685844808817
0.00077425875,0.0069323094,0.051671475,0.0077445325,0.00161248,0.013747011171653866,15.481145391007885
0.0016611037,0.012599339,0.064896815,0.018067636,0.0031385857,0.020072695659473536,15.702544348081574
0.0009984794,0.012046445,0.06723401,0.011274974,0.0022411826,0.018759018112905323,15.656565633951686
0.003578935,0.006557592,0.08950693,0.0017935358,0.0046846056,0.021224320051260293,15.74285120179411
0.0024440505,0.007950286,0.053910863,0.0026659793,0.0035008157,0.01409439891576767,15.493303962051868
0.005171302,0.024332222,0.09143706,0.03670741,0.0070995265,0.032949503045529134,16.15323260659352
0.070156775,0.23192304,0.500184,0.038193345,0.10757665,0.1896067634224892,21.63623671978712
0.003203202,0.009658706,0.07527529,0.008788861,0.0056392155,0.020513054449111227,15.717956905718893
0.020428134,0.034396447,0.24607877,0.037176423,0.013476394,0.07031123451888562,17.460893208160996
0.0015779233,0.0032205964,0.048226014,0.0013959636,0.0020401487,0.01129212914966047,15.395224520238116
0.108167015,0.17949349,0.63974667,0.08126764,0.09339098,0.22041315734386446,22.714460507035255
0.10269722,0.21404696,0.67559147,0.041074734,0.3500167,0.27668541893363,24.68398966267705
0.19319518,0.18044078,0.6095938,0.040245816,0.26301223,0.25729756355285643,24.005414724349976
0.0010962756,0.010746984,0.04570088,0.008308951,0.0011050217,0.013391622714698315,15.468706795014441
0.011196821,0.015992112,0.27569428,0.005251411,0.017238528,0.06507463054731488,17.27761206915602
0.021338893,0.024653874,0.20357843,0.013330334,0.011223343,0.05482497438788415,16.918874103575945
0.0019112827,0.0059016366,0.03925609,0.0038072856,0.0062458217,0.011424422985874117,15.399854804505594
0.0014692575,0.012298482,0.067063436,0.009309771,0.0015498727,0.018338163639418783,15.641835727379657
0.0025767928,0.004800504,0.050571434,0.0014204368,0.0055786953,0.012989572645165025,15.454635042580776
0.050785504,0.094155245,0.47819468,0.078665756,0.036633722,0.14768698215484619,20.169044375419617
0.001439914,0.0064298753,0.048778046,0.006868883,0.0016521007,0.013033763784915211,15.456181732472032
0.0086743375,0.045308873,0.16241512,0.023756552,0.008222932,0.04967556241899729,16.738644684664905
0.09656144,0.1671236,0.32939708,0.08947136,0.2722208,0.19095485508441926,21.683419927954674
0.009171303,0.08614322,0.21041065,0.05284269,0.027883144,0.07729020230472088,17.70515708066523
0.006931,0.018770607,0.08561074,0.002157884,0.05654756,0.03400355814956129,16.190124535234645
0.0014776777,0.0047896,0.04813243,0.005868896,0.0020976767,0.012473256257362666,15.436563969007693
0.12098748,0.14791493,0.70441353,0.028113842,0.17556065,0.23539808839559553,23.238933093845844
0.0014565164,0.01126286,0.053832583,0.009493633,0.0017135261,0.015551823796704412,15.544313832884654
0.18312943,0.30350202,0.7465147,0.11171548,0.37262318,0.3434969574213028,27.022393509745598
0.003562927,0.010719693,0.128707,0.003948802,0.0016281186,0.029713309509679677,16.03996583283879
0.017116208,0.037829626,0.11306082,0.017748747,0.14658956,0.06646899208426475,17.326414722949266
0.20442596,0.13519827,0.6639384,0.046828974,0.11380309,0.2328389383852482,23.149362843483686
0.20174599,0.095484026,0.7320074,0.018511115,0.12636235,0.2348221730440855,23.218776056542993
0.00461351,0.008681893,0.069544256,0.0027368574,0.005958354,0.01830697408877313,15.64074409310706
0.0026304477,0.018485527,0.06787669,0.023774235,0.006142303,0.023781840363517406,15.83236441272311
0.0012163938,0.0030362657,0.0375627,0.0006532933,0.002427004,0.00897913173539564,15.314269610738847
0.009425769,0.049778555,0.12948413,0.025809567,0.007758898,0.04445138415321708,16.555798445362598
0.01994116,0.036603156,0.13010338,0.049414553,0.048166294,0.05684570856392383,16.989599799737334
0.118883684,0.30308458,0.57890946,0.055994328,0.37652764,0.28667993769049643,25.033797819167376
0.022245504,0.041662164,0.19993691,0.082513936,0.14832735,0.0989371731877327,18.462801061570644
0.008934581,0.027146516,0.17576955,0.017741218,0.101272926,0.06617295872420073,17.316053555347025
0.007410811,0.01076236,0.16114022,0.0031257458,0.014305429,0.03934891270473599,16.37721194466576
0.014827998,0.039937615,0.10277171,0.015037289,0.079106644,0.05033625066280365,16.761768773198128
0.0017771756,0.010946426,0.051662143,0.0076629044,0.0022868337,0.014867096533998848,15.52034837868996
0.15033956,0.20858936,0.53282857,0.11036975,0.25756022,0.2519374921917915,23.817812226712704
0.116535455,0.14447664,0.41520888,0.040541474,0.2748315,0.19831878915429116,21.94115762040019
0.1115069,0.07000792,0.6217851,0.047463812,0.06320771,0.18279428929090502,21.397800125181675
0.0073182667,0.021939447,0.09306482,0.0061116866,0.01151389,0.027989622484892607,15.979636786971241
0.0016964298,0.0034813508,0.053227916,0.00056862086,0.005075477,0.012809958984144033,15.448348564445041
0.006656497,0.02451788,0.122834906,0.034780547,0.015240726,0.04080611132085323,16.428213896229863
0.034535468,0.063266784,0.3117007,0.05488301,0.25186095,0.14324938207864762,20.013728372752666
0.0040767323,0.012115906,0.058971208,0.0055085034,0.0050153714,0.0171375441364944,15.599814044777304
0.17416018,0.32226768,0.6570186,0.14204764,0.27879193,0.3148572087287903,26.02000230550766
0.011137541,0.017732793,0.14398408,0.0021740391,0.039858606,0.042977411812171344,16.504209413425997
0.033642072,0.049655776,0.23871121,0.037264314,0.0250627,0.07686721421778203,17.69035249762237
0.04362127,0.07314091,0.42561787,0.023970673,0.13272856,0.1398158583790064,19.893555043265224
0.0008301526,0.0024885412,0.03323544,0.0011432155,0.001639735,0.007867416471708567,15.2753595765098
0.15831997,0.22890773,0.6088911,0.08226192,0.33035287,0.28174672424793246,24.861135348677635
0.0011670269,0.0037702143,0.039948937,0.0015316469,0.0019619088,0.0096759466920048,15.338658134220168
0.0077305543,0.018858515,0.16483773,0.023079377,0.007430486,0.04438733290880919,16.55355665180832
0.07453273,0.08544003,0.4564095,0.094005294,0.069691524,0.15601581931114197,20.46055367588997
0.07563182,0.095121704,0.31348515,0.044462692,0.12713818,0.13116790875792506,19.590876806527376
0.029051045,0.04556765,0.20802103,0.016404187,0.13240206,0.08628919497132302,18.020121823996305
0.110078074,0.08167947,0.60441214,0.03143667,0.053693052,0.17625988125801087,21.16909584403038
0.0025250642,0.011848687,0.06415559,0.014372639,0.0038259882,0.019345594476908447,15.677095806691796
0.0033660044,0.011988766,0.14564312,0.003371967,0.0020177478,0.03327751997858286,16.1647131992504
0.0020555162,0.0077228113,0.05290652,0.0048147766,0.002290186,0.013957962160930037,15.488528675632551
0.020313257,0.019893568,0.20125268,0.00608891,0.040185757,0.057546835299581295,17.014139235485345
0.00041436034,0.003654415,0.031017056,0.0031811,0.0007031719,0.007794020575238392,15.272790720133344
0.0017407824,0.007569507,0.052290548,0.008034305,0.001790605,0.01428514940198511,15.499980229069479
0.084165625,0.112267114,0.50702673,0.031244205,0.3102627,0.20899327732622625,22.314764706417918
0.0015786919,0.007278799,0.056015603,0.0050561614,0.0018274393,0.014351338986307383,15.502296864520758
0.0012007006,0.002572824,0.03503112,0.00063104945,0.0030466414,0.008496467338409275,15.297376356844325
0.003544512,0.007778357,0.041816875,0.0048885313,0.019926786,0.015591012360528112,15.545685432618484
0.0014541799,0.0077312347,0.051076528,0.0049212333,0.0015253796,0.013341711019165816,15.466959885670803
0.0041062348,0.020960154,0.07754042,0.016214125,0.0039473334,0.024553653411567213,15.859377869404852
0.004715336,0.02812918,0.082167864,0.033681966,0.009502013,0.03163927206769586,16.107374522369355
0.0029578027,0.0034123831,0.09475234,0.0005654506,0.0024745185,0.02083249929128215,15.729137475194875
0.11780977,0.29860243,0.7842955,0.082764305,0.39828402,0.33635120540857316,26.77229218930006
0.03863067,0.087873496,0.1719696,0.0181233,0.037375905,0.07079459317028523,17.477810760959983
0.060564768,0.06927968,0.25007415,0.023677278,0.034837365,0.08768664747476579,18.069032661616802
0.0009455591,0.0041192886,0.039034903,0.004570711,0.001497652,0.010033622756600379,15.351176796481013
0.0038545155,0.009897274,0.06593439,0.0011703054,0.030752432,0.02232178326230496,15.781262414180674
0.0010580095,0.0039040146,0.02950607,0.0021600258,0.012919487,0.009909521555528045,15.346833254443482
0.006489994,0.009604589,0.36546543,0.0020712803,0.008604367,0.07844713260419667,17.745649641146883
0.0011969404,0.0058770864,0.06772288,0.0032109073,0.0016599305,0.015933548798784614,15.557674207957461
0.051513277,0.13717575,0.5269543,0.074754655,0.19407816,0.19689522832632067,21.891332991421223
0.06571656,0.12261583,0.6047219,0.08370529,0.16853753,0.20905942171812059,22.31707976013422
0.014505693,0.033199545,0.17624769,0.012003702,0.01751256,0.050693837180733684,16.77428430132568
0.012111946,0.036493205,0.18124658,0.018563753,0.007193447,0.05112178586423397,16.78926250524819
0.08622107,0.11365491,0.65425503,0.04310363,0.144201,0.20828712806105615,22.290049482136965
0.17886698,0.30337033,0.5011577,0.0855495,0.43390045,0.3005689918994904,25.519914716482162
0.002978099,0.008605343,0.07229404,0.0045460835,0.008362079,0.01935712927952409,15.677499524783343
0.0024017503,0.0057690605,0.061672844,0.0017697882,0.002302407,0.01478317000437528,15.517410950153135
0.1338145,0.1212779,0.7241151,0.05599337,0.21530686,0.25010154098272325,23.753553934395313
0.000270301,0.0009944177,0.023538254,0.00034817,0.0005491755,0.005140063678845763,15.179902228759602
0.09095055,0.048568018,0.6262213,0.019051252,0.046579525,0.16627412848174572,20.8195944968611
0.116129346,0.15440814,0.48022857,0.060735323,0.32412484,0.22712524533271788,22.949383586645126
0.1702912,0.321165,0.68761444,0.12883368,0.37206578,0.33599402010440826,26.75979070365429
0.06690379,0.07383697,0.30535528,0.035439383,0.11424197,0.11915547922253608,19.170441772788763
0.07528146,0.26018593,0.6329979,0.096435,0.08401743,0.22978353947401048,23.042423881590366
0.023660148,0.037417542,0.17781936,0.08275301,0.021831106,0.06869623251259327,17.404368137940764
0.0031746302,0.0063419533,0.057522636,0.0009880767,0.0063838703,0.014882233273237943,15.520878164563328
0.0008372898,0.0047003217,0.05960463,0.006056348,0.0022182032,0.014683358476031572,15.513917546661105
0.12323656,0.093444854,0.56626326,0.112014525,0.09605687,0.1982032135128975,21.937112472951412
0.11904291,0.09731428,0.7495497,0.011804997,0.06534854,0.20861208420246843,22.301422947086394
0.004877269,0.012997181,0.0636691,0.0042551286,0.0063292696,0.018425589706748725,15.644895639736205
0.0062600523,0.010882406,0.21981926,0.008379411,0.005598246,0.050187875516712666,16.756575643084943
0.011009992,0.024716068,0.09413298,0.0035444193,0.03024353,0.032729398505762224,16.145528947701678
0.0019001785,0.0059361146,0.052245826,0.0047191554,0.0026636207,0.013492978946305812,15.472254263120703
0.0011479198,0.0030406802,0.027873693,0.00088306225,0.011534155,0.00889590212609619,15.311356574413367
0.061504923,0.10037886,0.5895636,0.0987533,0.26250052,0.22254024446010592,22.788908556103706
0.033362072,0.054633144,0.23880956,0.027651945,0.14183386,0.09925811477005482,18.47403401695192
0.02346035,0.04965625,0.15845786,0.02065583,0.061635382,0.06277313455939293,17.197059709578753
0.00071540964,0.0036537778,0.041126866,0.0025025725,0.0009043075,0.009780586662236601,15.342320533178281
0.0026811068,0.009761754,0.06503211,0.0063880817,0.0022389542,0.01722040134482086,15.60271404706873
0.000323866,0.0011999976,0.027412316,0.0003684047,0.00051845267,0.00596460736123845,15.208761257643346
0.0026566503,0.009813287,0.072304145,0.0053731794,0.0025195696,0.01853336622007191,15.648667817702517
0.005163234,0.020137414,0.095073424,0.010972982,0.014433988,0.02915620869025588,16.020467304158956
0.12192995,0.11494123,0.3034356,0.021870693,0.094871245,0.13140974305570127,19.599341006949544
0.0017539656,0.020196714,0.074924946,0.021469625,0.003827166,0.024434483144432306,15.85520691005513
0.04233825,0.05577689,0.27758586,0.02390563,0.18241519,0.11640436388552189,19.074152735993266
0.014230832,0.01955844,0.08359697,0.0067553124,0.020832352,0.028994781058281665,16.014817337039858
0.004096885,0.009937568,0.046663713,0.004395991,0.016023057,0.016223442647606136,15.567820492666215
0.007600811,0.012594463,0.12501581,0.0019872172,0.005877011,0.030615062499418855,16.07152718747966
0.0013353104,0.008202801,0.048338033,0.008767299,0.0018869854,0.013706085970625281,15.479713008971885
0.031699337,0.11964809,0.19249971,0.04693876,0.058438968,0.08984497338533401,18.14457406848669
0.0002731872,0.0019614235,0.027642189,0.0031041086,0.0007089292,0.006737967435037718,15.23582886022632
0.07423571,0.10996812,0.6225111,0.11508732,0.16089776,0.21653999984264374,22.57889999449253
0.00079202163,0.0070979674,0.037864823,0.0076781125,0.0007943541,0.010845455713570118,15.379590949974954
0.0054863677,0.018883698,0.17633083,0.018625056,0.10094369,0.06405392969027161,17.241887539159507
0.094638124,0.10953358,0.6952945,0.06905085,0.2681066,0.24732473194599153,23.656365618109703
0.0028766147,0.008945891,0.060604364,0.0074659665,0.0040102783,0.016780622769147158,15.58732179692015
0.00269477,0.0104149515,0.060204674,0.009503233,0.004486031,0.01746073183603585,15.611125614261255
0.0052538747,0.045398373,0.17417063,0.048730955,0.007012858,0.05611333772540092,16.963966820389032
0.00081917347,0.0023947798,0.025222406,0.0009006436,0.007815452,0.00743049099110067,15.260067184688523
0.1389485,0.2192344,0.41093683,0.037865188,0.35394534,0.23218605443835258,23.12651190534234
0.076988466,0.13808239,0.33334583,0.030781653,0.24571183,0.16498203352093696,20.774371173232794
0.03838034,0.06212269,0.22572674,0.035380293,0.18517601,0.10935721546411516,18.82750254124403
0.011346989,0.012773617,0.5335019,0.0018305577,0.0026305704,0.11241673154290767,18.934585604001768
0.21403565,0.19859439,0.65689445,0.1077377,0.23599976,0.28265238851308827,24.892833597958088
0.1055821,0.16513601,0.40101197,0.038894486,0.3482952,0.21178395673632622,22.412438485771418
0.0038035996,0.018468138,0.09169165,0.009892878,0.0036562162,0.025502496445551515,15.892587375594303
0.00059341174,0.0037968575,0.033828806,0.003562057,0.0006581471,0.008487855887506156,15.297074956062716
0.028669536,0.040351618,0.30318347,0.030495623,0.020145018,0.08456905223429204,17.95991682820022
0.007897434,0.019712737,0.115251616,0.006087009,0.007398835,0.03126952601596713,16.09443341055885
0.025326049,0.047281288,0.1195157,0.019757044,0.029412074,0.048258431255817406,16.68904509395361
0.10179123,0.2291744,0.55916727,0.0743088,0.33836803,0.2605619460344315,24.1196681112051
0.043879356,0.08325487,0.6671327,0.028810833,0.06774829,0.17816520482301712,21.2357821688056
0.03402693,0.03420922,0.18266775,0.051627986,0.02631989,0.06577035449445248,17.301962407305837
0.023106378,0.037072565,0.092499636,0.0072166584,0.03529956,0.039038959145545955,16.36636357009411
0.012600216,0.03440166,0.24306999,0.03253632,0.17760178,0.10004199426621198,18.50146979931742
0.047419485,0.084966846,0.22066616,0.066249944,0.16843764,0.11754801496863365,19.114180523902178
0.01860308,0.038798265,0.13095121,0.021571802,0.047374394,0.05145975053310395,16.801091268658638
0.06847166,0.110141285,0.28765285,0.02598362,0.2838341,0.1552167035639286,20.4325846247375
0.14256373,0.22758003,0.3051662,0.062438175,0.43591645,0.23473291993141174,23.21565219759941
0.0043937922,0.007183337,0.07440811,0.002658666,0.0038054448,0.01848986935801804,15.647145427530631
0.05032793,0.06518459,0.495002,0.049388062,0.21602374,0.1751852661371231,21.13148431479931
0.00038072,0.0009826608,0.023061212,0.00019390248,0.0010443148,0.005132562053040602,15.179639671856421
0.2492196,0.20734471,0.6324501,0.13518566,0.2714394,0.29912789463996886,25.46947631239891
0.1392444,0.27380234,0.7470319,0.09505021,0.36132583,0.32329094260931013,26.315182991325855
0.09722751,0.22824022,0.60224074,0.06667699,0.4194586,0.2827688112854958,24.89690839499235
0.11644166,0.23797368,0.6845666,0.11221831,0.2035304,0.27094613313674926,24.483114659786224
0.13078181,0.19893,0.49226412,0.029314762,0.20059285,0.2103767078369856,22.363184774294496
0.21875526,0.25558034,0.65807796,0.07228469,0.17800944,0.2765415355563164,24.678953744471073
0.0025917126,0.007320644,0.060267996,0.00242923,0.0025944614,0.015040808776393534,15.526428307173774
0.0038076057,0.0036903329,0.3021565,0.00077523326,0.0018925825,0.06246445246506483,17.18625583627727
0.08116529,0.08398786,0.49035075,0.046458073,0.2660503,0.19360245764255524,21.776086017489433
0.0034695957,0.008730194,0.06837668,0.004353572,0.0033215089,0.0176503106020391,15.617760871071368
0.05291187,0.06674976,0.2831704,0.033983618,0.023473322,0.09205779433250427,18.22202280163765
0.004426217,0.007957962,0.2256505,0.002726682,0.0010811744,0.04836850801948458,16.69289778068196
0.008815095,0.014940306,0.07443821,0.0035001505,0.03622297,0.027583345212042334,15.965417082421482
0.0819732,0.22875987,0.46324033,0.072810344,0.08963383,0.18728351444005967,21.554923005402088
0.059343975,0.093479574,0.23803893,0.02880824,0.22705851,0.12934584617614747,19.52710461616516
0.0414114,0.09343576,0.5888853,0.016953485,0.25393185,0.19892355985939503,21.962324595078826
0.0060082017,0.024271145,0.11649038,0.014567683,0.005295112,0.03332650428637863,16.16642765002325
0.0018638152,0.009339654,0.057584636,0.0064085983,0.0015040246,0.015340145584195853,15.536905095446855
0.0608605,0.053944316,0.25029925,0.039368544,0.03267193,0.08742890655994416,18.060011729598045
0.2821096,0.34302384,0.6232325,0.15674582,0.36288875,0.3536000967025757,27.37600338459015
0.12842338,0.09660402,0.44261077,0.19397463,0.101340085,0.1925905764102936,21.740670174360275
0.008812117,0.012495206,0.14898297,0.0038219758,0.0055353562,0.03592952541075647,16.257533389376476
0.0026690734,0.014878899,0.060005456,0.023247493,0.0052086986,0.021201924094930293,15.74206734332256
0.16448085,0.22749111,0.47327211,0.08908416,0.38741335,0.2683483183383942,24.392191141843796
0.005788915,0.016854448,0.08471794,0.021408588,0.0046659773,0.02668717298656702,15.934051054529846
0.032252777,0.195208,0.35456645,0.12681611,0.048397217,0.15144811123609542,20.30068389326334
0.010313254,0.04118583,0.11339151,0.048138183,0.014074031,0.04542056173086167,16.58971966058016
0.00093746337,0.0031959296,0.040543973,0.0016755179,0.0014035385,0.009551284555345773,15.334294959437102
0.0041744527,0.017363472,0.06778613,0.023943128,0.0032711367,0.023307663341984156,15.815768216969445
0.014178757,0.012989734,0.52710485,0.0025996135,0.018503185,0.11507522887550295,19.027633010642603
0.018270824,0.041929517,0.13001925,0.038699966,0.02375231,0.05053437277674675,16.768703047186136
0.00067444437,0.0043527847,0.035977606,0.0050276695,0.00090135913,0.009386772685684264,15.32853704399895
0.012436071,0.027254015,0.16971907,0.008306213,0.0057828887,0.04469965165480971,16.56448780791834
0.0649881,0.14609492,0.53270733,0.0884846,0.030146582,0.17248430661857128,21.036950731649995
0.018789114,0.054340005,0.40865627,0.02555509,0.13572627,0.1286133501678705,19.50146725587547
0.0072480678,0.029152678,0.07992645,0.03995244,0.011524108,0.033560749236494304,16.1746262232773
0.033880673,0.059900474,0.28515068,0.05470663,0.18330324,0.12338833808898927,19.318591833114624
0.0017221917,0.0121412035,0.0602816,0.0135464715,0.0021301655,0.017964326590299607,15.628751430660486
0.009415502,0.029691,0.1424256,0.0019921684,0.048615433,0.0464279399253428,16.624977897386998
0.0009279131,0.008427091,0.053900883,0.006325834,0.0013809581,0.014192535751499237,15.496738751302473
0.05482605,0.08063801,0.2856737,0.02781829,0.25869182,0.14152957461774351,19.953535111621022
0.0012674225,0.008198337,0.0583468,0.0045871246,0.0017080479,0.01482154643163085,15.51875412510708
0.003580032,0.007441917,0.07714295,0.0017224982,0.0031591451,0.018609307729639115,15.651325770537369
0.08990697,0.13836712,0.51718473,0.043890078,0.34140912,0.22615160271525384,22.915306095033884
0.0030193112,0.006023356,0.12492515,0.0046254373,0.0016183371,0.02804231867194176,15.981481153517962
0.026860476,0.08586306,0.24615462,0.010330307,0.044448532,0.0827313994988799,17.895598982460797
0.13506861,0.20610502,0.28614196,0.036397908,0.23767476,0.18027765229344367,21.30971783027053
0.09561222,0.23652,0.7066493,0.06719458,0.10908933,0.2430130884051323,23.50545809417963
0.01302524,0.097635485,0.27863044,0.083675325,0.010454179,0.09668413288891316,18.38394465111196
0.0014291117,0.010573367,0.046193846,0.014277484,0.0019220775,0.014879177138209344,15.520771199837327
0.0029139207,0.0063825184,0.08814771,0.0016494697,0.0033984983,0.020498422882519664,15.717444800888188
0.030291101,0.051663544,0.11473238,0.017168926,0.08484978,0.0597411461174488,17.09094011411071
0.036410403,0.039987613,0.20312048,0.049643334,0.030050978,0.07184256240725519,17.51448968425393
0.191514,0.26025748,0.74696445,0.09091281,0.30700418,0.31933058649301527,26.176570527255535
0.021609792,0.096827716,0.2036567,0.065392524,0.041940667,0.0858854804188013,18.005991814658046
0.13951424,0.25822532,0.6770812,0.08969216,0.2097833,0.2748592495918274,24.62007373571396
0.11031615,0.28180915,0.5596614,0.05891754,0.43931055,0.29000295624136924,25.150103468447924
0.004534633,0.011035864,0.08113587,0.002482109,0.0048624426,0.02081018355675042,15.728356424486265
0.04357489,0.12676649,0.22086455,0.016278155,0.05378343,0.09225350245833397,18.22887258604169
0.19985206,0.24512194,0.70222616,0.05984262,0.28012672,0.29743390157818794,25.410186555236578
0.008237223,0.012157337,0.104398206,0.0013817548,0.0229836,0.02983162400778383,16.044106840272434
0.009602004,0.06562862,0.15899375,0.037604995,0.011898961,0.05674566570669413,16.986098299734294
0.001180707,0.0034448334,0.0311234,0.0010863825,0.005361437,0.008439351920969784,15.295377317233942
0.0029875375,0.006692293,0.0529401,0.0035232545,0.010994599,0.015427556959912181,15.539964493596926
0.023409538,0.039946117,0.19270334,0.039656803,0.10218117,0.07957939207553864,17.785278722643852
0.017680038,0.037797686,0.09952069,0.06862416,0.026644653,0.050053445622324944,16.751870596781373
0.0014474171,0.008848522,0.043824922,0.013697894,0.0017895178,0.013921654666773977,15.48725791333709
0.0009779857,0.0054897536,0.044044994,0.0060000313,0.0014404256,0.011590637988410892,15.405672329594381
0.023782408,0.02552931,0.23793547,0.056403317,0.030556515,0.07484140358865261,17.61944912560284
0.00036570415,0.0019344515,0.0426667,0.001458793,0.00091230514,0.009467590699205176,15.331365674472181
0.009351666,0.015515159,0.15430912,0.0021318458,0.045440786,0.04534971602261066,16.587240060791373
0.0906742,0.21507786,0.47003302,0.04579747,0.4388706,0.25209063217043876,23.823172125965357
0.0008273902,0.0018683741,0.032081075,0.00078513235,0.0050506517,0.008122524665668608,15.284288363298401
0.0021085537,0.013134287,0.05830034,0.017202117,0.0025399318,0.018657045485451818,15.652996591990814
0.039416973,0.0632218,0.1643835,0.050853487,0.100414336,0.08365801870822907,17.928030654788017
0.08445007,0.0973369,0.32706383,0.014601441,0.0951312,0.12371669001877308,19.330084150657058
0.08818983,0.117959745,0.4967424,0.02955262,0.25433815,0.1973565481603146,21.90747918561101
0.08359874,0.35996398,0.653979,0.093609385,0.16370939,0.2709720999002457,24.4840234965086
0.013980996,0.03620972,0.18576944,0.016499305,0.03348684,0.05718926005065441,17.001624101772904
0.10436803,0.33284697,0.59793794,0.12650886,0.1562048,0.2635733217000961,24.225066259503365
0.007519608,0.016279493,0.099259175,0.023994528,0.007198847,0.030850330088287595,16.079761553090066
0.00081171934,0.002280568,0.032781415,0.0011247816,0.0031019964,0.008020095992833376,15.280703359749168
0.07099363,0.17528996,0.55733144,0.07161309,0.36503997,0.24805361926555633,23.68187667429447
0.012046621,0.012713122,0.35160497,0.008680876,0.02269536,0.0815481897443533,17.854186641052365
0.21754675,0.32060707,0.73451346,0.11330775,0.33366692,0.34392838925123215,27.037493623793125
0.087827966,0.095685475,0.42745644,0.15725003,0.10150883,0.17394574880599975,21.08810120820999
0.0705706,0.13023788,0.2087623,0.020690082,0.14558548,0.11516926847398282,19.0309243965894
0.003797588,0.0050643045,0.1069149,0.0018414696,0.002634503,0.024050553026609123,15.84176935593132
0.017375568,0.048090603,0.21606925,0.014394589,0.009057609,0.060997524112462995,17.134913343936205
0.11729253,0.25355783,0.7737411,0.086326785,0.32983977,0.3121516078710556,25.925306275486946
0.001224055,0.010701847,0.046429384,0.009872344,0.0013134023,0.013908206671476365,15.486787233501673
0.031384494,0.046717662,0.17291827,0.019229569,0.088835925,0.071817184984684,17.51360147446394
0.0075267535,0.019975614,0.17116931,0.0042556557,0.039269473,0.04843936143442989,16.695377650205046
0.13987401,0.14542288,0.62875426,0.09492037,0.14896525,0.231587353348732,23.10555736720562
0.0030744344,0.009959022,0.06777194,0.009855602,0.0027411543,0.018680430715903636,15.653815075056627
0.026190802,0.064412676,0.41840822,0.033357937,0.09119066,0.12671205773949626,19.434922020882368
0.014312564,0.03349573,0.081690565,0.009459835,0.09625605,0.04704294856637717,16.6465031998232
0.0019816123,0.008903082,0.050683826,0.004191554,0.0022730713,0.013606629287824036,15.476232025073841
0.04904178,0.035760064,0.22318698,0.009536569,0.044843256,0.0724737310782075,17.536580587737262
0.038727824,0.06977061,0.21994257,0.10003954,0.021348143,0.0899657379835844,18.148800829425454
0.0036243054,0.022249518,0.08786927,0.02403882,0.010131167,0.029582616360858086,16.035391572630033
0.012390411,0.033075247,0.1288936,0.014884037,0.0069331005,0.03923527896404267,16.373234763741493
0.010500282,0.039185707,0.10410023,0.057335813,0.027418032,0.047708012163639076,16.669780425727367
0.024191739,0.032239277,0.14274433,0.008202514,0.03329661,0.04813489466905593,16.684721313416958
0.023218311,0.09133482,0.3832575,0.078473866,0.07362822,0.1299825444817543,19.5493890568614
0.0010408553,0.008802434,0.04634578,0.0062860586,0.0009594195,0.012686909874901177,15.444041845621541
0.1540058,0.10221108,0.46274275,0.08476845,0.111860685,0.1831177517771721,21.409121312201023
0.00030349058,0.0011618249,0.025716564,0.00044048467,0.00055114407,0.0056347015837673094,15.197214555431856
0.044952612,0.061197966,0.1615454,0.09531574,0.080854,0.08877314254641533,18.107059989124537
0.044834096,0.06358336,0.15813631,0.12077551,0.07567919,0.09260169342160227,18.24105926975608
0.036084637,0.036591128,0.42469794,0.034427196,0.014453877,0.10925095453858377,18.82378340885043
0.054271653,0.08357122,0.31802964,0.057176452,0.16827865,0.13626552298665048,19.769293304532766
0.14391097,0.14119479,0.7125731,0.048113696,0.090881824,0.2273348793387413,22.956720776855946
0.081314236,0.14392844,0.42698747,0.026382685,0.0871913,0.15316082537174228,20.36062888801098
0.20814268,0.12084261,0.63606834,0.059747048,0.121279836,0.2292161047458649,23.02256366610527
0.059802886,0.12351177,0.6239552,0.027098486,0.33191934,0.2332575347274542,23.164013715460896
0.10106659,0.066835165,0.6164673,0.010455318,0.099560544,0.17887698262929919,21.26069439202547
0.024350682,0.1362216,0.25950962,0.068210006,0.024842,0.10262678265571595,18.591937392950058
0.00528304,0.011553461,0.14664902,0.0051507726,0.004282763,0.034583810903131965,16.21043338160962
0.0049570375,0.010777707,0.10131101,0.010567862,0.0040789708,0.02633851803839207,15.921848131343722
0.033483967,0.09189819,0.16071975,0.116798416,0.13046698,0.10667346119880677,18.733571141958237
0.049201384,0.03382673,0.44520748,0.032108583,0.029559905,0.1179808158427477,19.12932855449617
0.0056895907,0.013124661,0.08014651,0.002622628,0.0074669737,0.02181007186882198,15.76335251540877
0.019274035,0.014015226,0.4267495,0.0026825808,0.010378432,0.09461995442397893,18.311698404839262
0.0810765,0.06898629,0.32904723,0.079863675,0.04819501,0.12143374159932137,19.250180955976248
0.009599015,0.014779923,0.3182664,0.0050831544,0.010991042,0.07174390507861972,17.51103667775169
0.025677906,0.057431623,0.15659899,0.02002661,0.022827959,0.05651261657476425,16.97794158011675
0.0014324656,0.010777921,0.056643236,0.01207726,0.0014417636,0.016474529379047455,15.57660852826666
0.07829489,0.07537187,0.48109537,0.021718387,0.24475102,0.1802463077008724,21.308620769530535
0.17249283,0.14636141,0.4740776,0.12602018,0.17469454,0.2187293142080307,22.655525997281075
0.0031966255,0.010481349,0.046419334,0.009857319,0.009849396,0.015960804652422667,15.558628162834793
0.008387676,0.009058007,0.27927154,0.0035054733,0.015556539,0.06315584783442318,17.21045467420481
0.09889907,0.0576263,0.49400988,0.028326849,0.04922807,0.14561803303658963,20.096631156280637
0.026383553,0.023717865,0.44818926,0.010456512,0.0074583986,0.10324111739173532,18.613439108710736
0.0049960725,0.010824272,0.051905494,0.0055060377,0.0136983525,0.01738604586571455,15.60851160530001
0.10849487,0.24528874,0.5124302,0.05013393,0.3184956,0.2469686672091484,23.643903352320194
0.16298094,0.2802802,0.6280981,0.09092779,0.2201584,0.2764890804886818,24.677117817103863
0.03072734,0.17419598,0.32349747,0.13377729,0.022729835,0.13698558285832407,19.794495400041342
0.056582652,0.06328767,0.36194444,0.10314858,0.031442754,0.12328121811151505,19.314842633903027
0.0469699,0.03338797,0.50824684,0.019713013,0.01611604,0.12488675266504289,19.3710363432765
0.0007604199,0.0020718114,0.02825614,0.0011153012,0.0033902812,0.007118790852837264,15.249157679849304
0.042368297,0.20488912,0.43215707,0.16103858,0.065693244,0.18122926130890846,21.343024145811796
0.029493416,0.05188459,0.106493674,0.031702418,0.06724328,0.05736347548663616,17.007721642032266
0.0035030656,0.013607267,0.08760572,0.019565629,0.0031176258,0.025479861954227093,15.891795168397948
0.10929372,0.121775985,0.6171392,0.07008751,0.06595304,0.1968498945236206,21.88974630832672
0.016517732,0.02945932,0.18879028,0.0025863317,0.032319278,0.0539345876313746,16.88771056709811
0.19144246,0.13569763,0.55127656,0.12886399,0.17468865,0.23639385998249055,23.27378509938717
0.018171068,0.03458414,0.19102336,0.0060946215,0.05013593,0.06000182442367077,17.100063854828477
0.05883322,0.21985802,0.48607835,0.10724798,0.079906575,0.19038482904434206,21.66346901655197
0.098844305,0.17879567,0.36172384,0.038862064,0.41403323,0.21845182180404665,22.645813763141632
0.0039209514,0.01412596,0.072709344,0.009502201,0.0026863152,0.02058895444497466,15.720613405574113
0.007129508,0.017469114,0.23566103,0.0053588618,0.018683879,0.05686047840863466,16.990116744302213
0.19351602,0.288787,0.6447436,0.091736816,0.31034577,0.30582584589719775,25.70390460640192
0.012549576,0.06459401,0.19828053,0.024555372,0.012586875,0.06251327190548182,17.187964516691864
0.04932719,0.04992125,0.18291469,0.04738046,0.03995261,0.07389924004673958,17.586473401635885
0.023739234,0.043580532,0.1910391,0.02389216,0.087718524,0.07399391010403633,17.58978685364127
0.0046660462,0.018893322,0.10828467,0.008333631,0.0044387835,0.028923289943486453,16.012315148022026
0.011164363,0.036677618,0.12407345,0.010206549,0.0090364395,0.03823168445378542,16.33810895588249
0.0137862,0.056798544,0.1618991,0.021590853,0.011937447,0.05320242978632451,16.862085042521358
0.0040355357,0.0082514305,0.08499061,0.0026280868,0.004129895,0.020807112241163852,15.728248928440735
0.07980255,0.107737646,0.33229807,0.022429574,0.1415546,0.13676448687911036,19.78675704076886
0.009703146,0.020309912,0.07624879,0.00801481,0.08824459,0.040504248626530175,16.417648701928556
0.009397809,0.027600309,0.11870165,0.028647987,0.0068788147,0.03824531435966492,16.338586002588272
0.05289737,0.10173363,0.19039391,0.026431782,0.052847654,0.08486086986958981,17.970130445435643
0.022250103,0.13887264,0.29785562,0.05307673,0.022881795,0.10698737613856793,18.744558164849877
0.0064079976,0.0072895223,0.2894308,0.0050384747,0.0042699655,0.062487351428717385,17.187057300005108
0.0029510257,0.02051598,0.1143129,0.014924761,0.0028085727,0.03110264833085239,16.088592691579834
0.00047736874,0.0038618096,0.03366729,0.003649812,0.0008219202,0.008495639852480964,15.297347394836834
0.0031621575,0.005615114,0.06705387,0.0014933122,0.011644238,0.01779373809695244,15.622780833393335
0.0003367648,0.0029290344,0.028486652,0.0039244522,0.00060712046,0.007256804837379605,15.253988169308286
0.014277947,0.048004247,0.110060856,0.0103941355,0.027286733,0.04200478363782168,16.47016742732376
0.1373242,0.24384888,0.751707,0.046660826,0.20038672,0.27598552703857426,24.659493446350098
0.003097352,0.015469506,0.070812576,0.010643379,0.0030162167,0.020607805904001,15.721273206640035
0.05522192,0.08424541,0.27121535,0.028147593,0.24753849,0.13727375343441964,19.804581370204687
0.11048497,0.2917307,0.47047505,0.06568531,0.30099133,0.24787347167730336,23.675571508705616
0.10795819,0.21512482,0.7186449,0.120510034,0.36832663,0.3061129182577133,25.713952139019966
0.04946683,0.23189381,0.54807127,0.16401578,0.10213052,0.21911564096808434,22.66904743388295
0.008544258,0.015252946,0.16311766,0.0016686813,0.03477704,0.04467211773153395,16.563524120603688
0.0063981498,0.025407558,0.09847281,0.016132463,0.0040175393,0.03008570428937674,16.052999650128186
0.00095288875,0.0024467653,0.035739854,0.0009481239,0.0039868914,0.008814904664177448,15.30852166324621
0.037072126,0.056199953,0.34775552,0.016681645,0.26650077,0.14484200328588487,20.06947011500597
0.010925584,0.02392898,0.12641597,0.036838416,0.007167246,0.04105523861944676,16.436933351680636
0.013679347,0.039459217,0.09504334,0.008559707,0.10114571,0.05157746337354184,16.805211218073964
0.010342478,0.03123363,0.11025797,0.012937256,0.06368085,0.04569043628871441,16.599165270105004
0.123449616,0.19019859,0.3701784,0.064932644,0.30667022,0.21108589321374893,22.388006262481213
0.14137022,0.22754414,0.30609718,0.056947686,0.26168612,0.1987290695309639,21.955517433583736
0.057843994,0.13540487,0.26777905,0.042416174,0.3670201,0.17409283816814422,21.093249335885048
0.1865547,0.32929918,0.5507833,0.07153257,0.39585066,0.30680407732725146,25.7381427064538
0.058566805,0.12583809,0.35517198,0.035922807,0.3453749,0.18417491763830185,21.446122117340565
0.04640583,0.21173096,0.42534655,0.07103079,0.051121965,0.16112721860408785,20.639452651143074
0.026300816,0.062805,0.30880344,0.052711535,0.014005023,0.09292516205459833,18.25238067191094
0.0063403123,0.0048315832,0.21131736,0.0013058996,0.0021984943,0.045198729960247874,16.581955548608676
0.003549939,0.010380283,0.054318324,0.013288429,0.018292528,0.01996590048074722,15.698806516826153
0.010624621,0.03324621,0.13105717,0.011561354,0.007699621,0.038837796077132225,16.359322862699628
0.0011936249,0.008099631,0.062324364,0.00578782,0.0016271307,0.015806514164432885,15.553227995755151
0.0603796,0.18627347,0.5297878,0.028479902,0.19000743,0.19898563660681248,21.964497281238437
0.02589507,0.06859007,0.13710585,0.04933303,0.03634095,0.0634529933333397,17.22085476666689
0.05966544,0.110910036,0.21413521,0.026649756,0.040669624,0.09040601439774036,18.164210503920913
0.029582247,0.13061301,0.2513693,0.025065241,0.042946074,0.09591517485678196,18.35703111998737
0.0023906527,0.01001428,0.09445407,0.00660952,0.0020368504,0.023101075040176514,15.808537626406178
0.10122379,0.1725668,0.7094169,0.04070885,0.3229795,0.2693791754543781,24.428271140903234
0.21195702,0.24868551,0.5888543,0.19433358,0.14653867,0.2780738204717636,24.732583716511726
0.001256582,0.004980244,0.0362644,0.0043179034,0.0026578987,0.009895405848510563,15.34633920469787
0.02047995,0.04088889,0.3880032,0.0396348,0.008624945,0.09952635727822781,18.483422504737973
0.0071334247,0.029921476,0.087077536,0.044399563,0.010202571,0.035746914055198434,16.251141991931945
0.061939076,0.1992881,0.8518332,0.04123145,0.3280214,0.29646265134215355,25.376192796975374
0.026466228,0.065068364,0.17372577,0.038741905,0.01598815,0.06399808339774608,17.239932918921113
0.014196316,0.017778875,0.42870528,0.008506367,0.016714936,0.09718035385012629,18.40131238475442
0.0038493671,0.00935228,0.07580515,0.0018978321,0.004624805,0.019105886807665232,15.668706038268283
0.10159948,0.16360492,0.53541696,0.06702682,0.3503655,0.2436027318239212,23.526095613837242
0.008274466,0.021243798,0.12075658,0.017889643,0.0040267594,0.03443824946880341,16.20533873140812
0.12953801,0.2063933,0.65652597,0.04547472,0.24862354,0.2573111079633236,24.005888778716326
0.001751091,0.0036326372,0.06144187,0.00077538774,0.0034299577,0.014206188428215683,15.497216594987549
0.003942428,0.015812624,0.08454727,0.006614023,0.0026930086,0.022721870057284835,15.79526545200497
0.0015592759,0.010525406,0.05660821,0.012142684,0.001954342,0.016557983960956337,15.579529438633472
0.06507111,0.065286346,0.20634371,0.06357243,0.10689762,0.10143424421548844,18.550198547542095
0.004871269,0.009805409,0.069820985,0.00175233,0.008509139,0.018951826449483636,15.663313925731927
0.013148443,0.023477241,0.23244943,0.065915495,0.047900368,0.07657819483429193,17.680236819200218
0.1599269,0.2510781,0.45105737,0.054956608,0.40169826,0.2637434497475624,24.231020741164684
0.0054641673,0.011455354,0.16516927,0.0017631121,0.014913452,0.03975307089276612,16.391357481246814
0.038858715,0.30246764,0.7217031,0.06411739,0.22675988,0.2707813479006291,24.477347176522017
0.009101296,0.025627462,0.28086933,0.026919754,0.15986378,0.10047632642090322,18.516671424731612
0.059231583,0.11428531,0.44920617,0.03028933,0.21316303,0.1732350863516331,21.063228022307158
0.0012199292,0.0029507044,0.035363484,0.00093995867,0.0030735796,0.008709531219210476,15.304833592672367
0.11349023,0.19178519,0.7538119,0.08145389,0.11700231,0.25150870233774186,23.802804581820965
0.0012360698,0.0054014744,0.051810402,0.0035384728,0.0010106951,0.012599422922357918,15.440979802282527
0.014110833,0.11482028,0.24705286,0.035129916,0.020287609,0.08628030009567737,18.019810503348708
0.051104285,0.11464518,0.34254536,0.092734925,0.08561959,0.13732986897230148,19.806545414030552
0.03389026,0.039649032,0.1375778,0.021466654,0.028341914,0.05218513198196888,16.82647961936891
0.011087375,0.018254923,0.25403777,0.015040065,0.036094055,0.06690283697098494,17.341599293984473
0.002366411,0.005618323,0.067160174,0.00079778745,0.003641465,0.01591683216392994,15.557089125737548
0.27245802,0.34868073,0.6671795,0.12026132,0.36293057,0.3543020322918892,27.40057113021612
0.01965939,0.042093612,0.22956467,0.022260629,0.010802555,0.06487617064267397,17.27066597249359
0.008051789,0.03531645,0.1821185,0.038568366,0.03476363,0.059763748012483124,17.09173118043691
0.0019531026,0.0060789078,0.03883404,0.003211364,0.02060579,0.014136640587821603,15.494782420573756
0.00057857216,0.0042322045,0.041922048,0.002051498,0.0004899286,0.009854850207921118,15.34491975727724
0.010314286,0.02118182,0.14461458,0.0065571605,0.027254293,0.041984427254647017,16.469454953912646
0.0056405202,0.0242648,0.07331313,0.039837405,0.01068513,0.030748197343200445,16.076186907012016
0.02528569,0.14999828,0.28238973,0.08368651,0.037664454,0.11580493189394474,19.053172616288066
0.08453317,0.12414456,0.21081819,0.12665634,0.29595476,0.16842140406370165,20.894749142229557
0.0039109522,0.009059282,0.0694844,0.0034827737,0.004131984,0.018013877933844926,15.630485727684572
0.14577393,0.3536488,0.77882653,0.058111418,0.31281817,0.32983577325940133,26.544252064079046
0.04964573,0.16907494,0.3393031,0.026667312,0.050379463,0.12701410949230194,19.445493832230568
0.019213378,0.030509872,0.29925165,0.014457163,0.007045781,0.07409556815400721,17.593344885390252
0.17135586,0.32118315,0.65715235,0.11015396,0.25060064,0.3020891904830933,25.573121666908264
0.06800806,0.07320072,0.40798104,0.053943474,0.2081469,0.16225603744387626,20.67896131053567
0.0009927654,0.006132774,0.047439262,0.0036909818,0.001120902,0.011875337106175722,15.41563679871615
0.0109265,0.023266137,0.08150218,0.0071186847,0.03860327,0.0322833533398807,16.129917366895825
0.0055522863,0.02058654,0.10088747,0.0069627003,0.004200975,0.02763799447566271,15.967329806648195
0.031895902,0.055826496,0.21901527,0.03447982,0.0914504,0.08653357774019242,18.028675220906734
0.107827894,0.11815966,0.35327864,0.091133475,0.101132095,0.1543063521385193,20.400722324848175
0.111649886,0.16938086,0.424337,0.033100504,0.31353524,0.21040069833397868,22.364024441689253
0.1460585,0.25033283,0.66546696,0.045237623,0.36014035,0.29344725459814075,25.270653910934925
0.008103061,0.01726319,0.29622284,0.015615506,0.09352361,0.08614563997834922,18.015097399242222
0.1386862,0.18623291,0.57753223,0.06983405,0.3379618,0.26204943656921387,24.171730279922485
0.0034649,0.004995565,0.20737946,0.00083286,0.007947974,0.04492415182758123,16.572345313965343
0.071970366,0.13129933,0.48288918,0.07303341,0.050366014,0.16191165894269943,20.66690806299448
0.0076640183,0.028735796,0.08355559,0.03417134,0.012423926,0.03331013321876526,16.165854662656784
0.08528193,0.100219704,0.6395435,0.04991824,0.065947,0.188182070851326,21.58637247979641
0.0014650618,0.007826556,0.050086495,0.0056723873,0.0019270263,0.013395505282096565,15.46884268487338
0.001088287,0.0035612904,0.0450269,0.001633726,0.0013688216,0.010535804671235383,15.368753163493238
0.001489801,0.006640534,0.047669783,0.010162139,0.0017754862,0.013547548721544445,15.474164205254056
0.11157877,0.13356574,0.49332693,0.04914156,0.3084201,0.21920661851763726,22.672231648117304
0.0028347918,0.006078024,0.052752607,0.0016705053,0.0045067985,0.013568545202724637,15.474899082095362
0.17968425,0.34953362,0.65186304,0.19591679,0.4099258,0.35738469660282135,27.508464381098747
0.02417999,0.016758714,0.43712312,0.005475256,0.021100642,0.10092754429206253,18.53246405022219
0.0011611931,0.0056799874,0.048624452,0.0067399377,0.0022611087,0.012893335823900998,15.451266753836535
0.11260208,0.126509,0.25968957,0.030931167,0.0973324,0.12541284263134003,19.3894494920969
0.005123284,0.021318479,0.0934838,0.012977414,0.012189958,0.029018586594611408,16.0156505308114
0.006125788,0.022329142,0.10215891,0.011552459,0.0052158437,0.029476428870111704,16.03167501045391
0.001985645,0.009796723,0.054703623,0.010051429,0.0022292063,0.015753325261175632,15.551366384141147
0.006083877,0.021608321,0.11651782,0.008676121,0.0046342006,0.031504067778587344,16.102642372250557
0.05113205,0.07905363,0.44840288,0.047518708,0.22056057,0.16933356747031214,20.926674861460924
0.0007429375,0.0016262943,0.034278315,0.00063158135,0.0014406389,0.007743953331373632,15.271038366598077
0.0032755674,0.0061488035,0.06774257,0.006253575,0.004023791,0.017488861596211793,15.612110155867413
0.0034258657,0.036237773,0.119805984,0.031435568,0.005534729,0.03928798385895789,16.375079435063526
0.013745429,0.030403592,0.11042524,0.01579793,0.084485345,0.05097150728106499,16.784002754837275
0.032445185,0.054862212,0.53514105,0.026057726,0.10099964,0.14990116246044635,20.246540686115623
0.022850908,0.043389108,0.17747574,0.024525614,0.012488706,0.05614601448178292,16.965110506862402
0.04038628,0.04153411,0.3041738,0.05219387,0.0700587,0.10166935175657273,18.558427311480045
0.0027494333,0.0068659685,0.057785332,0.0028590532,0.0029964847,0.014651254378259182,15.512793903239071
0.0014047854,0.0038575744,0.04373205,0.0026892524,0.0027591845,0.010888569499365987,15.38109993247781
0.03172345,0.060114566,0.22265576,0.014077552,0.14477415,0.09466909617185593,18.313418366014957
0.0005389099,0.0018363345,0.036616746,0.0012085882,0.0012495136,0.008290018513798715,15.290150647982955
0.067009315,0.1766538,0.36041883,0.02765695,0.115745224,0.14949682354927063,20.232388824224472
0.008905435,0.017346632,0.201306,0.008034772,0.004955081,0.04810958402231336,16.683835440780967
0.12743334,0.17649494,0.36751208,0.043505237,0.3459194,0.2121729999780655,22.426054999232292
0.015765978,0.038048014,0.13405566,0.0093021,0.086321354,0.05669862106442452,16.984451737254858
0.017629823,0.05065683,0.21711437,0.048066214,0.021029295,0.07089930698275566,17.481475744396448
0.16761014,0.2679513,0.6007112,0.09381525,0.3680539,0.2996283680200577,25.48699288070202
0.0016095296,0.0036517892,0.040042162,0.0014758847,0.004768653,0.010309603647328913,15.360836127656512
0.16265668,0.051096708,0.7054993,0.011976262,0.04136749,0.19451928604394197,21.80817501153797
0.14593251,0.23067589,0.50241643,0.03879854,0.23525247,0.23061516880989075,23.071530908346176
0.016767966,0.040411733,0.16211525,0.03161671,0.019712245,0.054124779999256134,16.894367299973965
0.12122518,0.14647536,0.78731465,0.030696996,0.22303545,0.2617495283484459,24.161233492195606
0.18416679,0.16428621,0.6044888,0.17949924,0.2837813,0.283244463801384,24.91355623304844
0.08270109,0.1461156,0.2788575,0.047323234,0.32039735,0.17507895380258562,21.127763383090496
0.04398861,0.035592526,0.305625,0.051191606,0.016946262,0.0906687993556261,18.173407977446914
0.030942027,0.051138204,0.11899648,0.024158195,0.089185655,0.06288411170244217,17.200943909585476
0.123462014,0.13452095,0.5940924,0.034754343,0.28184643,0.23373523354530337,23.180733174085617
0.010081418,0.029766567,0.13762777,0.0044141957,0.017260004,0.03982998998835683,16.39404964959249
0.0018106814,0.012207356,0.05120392,0.018571818,0.0031808324,0.017394921951927246,15.608822268317454
0.0147910705,0.06088573,0.21398987,0.045514487,0.021004414,0.07123711425811052,17.49329899903387
0.0022227122,0.013094975,0.06421391,0.008744082,0.0021807256,0.018091280804947017,15.633194828173146
0.008830344,0.015977247,0.13578933,0.0053648553,0.0052049686,0.034233349934220315,16.19816724769771
0.0006099578,0.004324493,0.042525202,0.002769132,0.00084607856,0.010214972659014167,15.357524043065496
0.014461805,0.035565417,0.2699562,0.03377661,0.009741889,0.07270038481801748,17.544513468630612
0.06198778,0.1247147,0.33519128,0.14678931,0.04548568,0.14283375069499016,19.999181274324656
0.018270457,0.047050364,0.29085535,0.018480916,0.019820446,0.07889550626277925,17.761342719197273
0.050507445,0.11847449,0.5167874,0.039980236,0.349325,0.21501491665840153,22.525522083044052
0.0044083926,0.0148310345,0.06764491,0.023172963,0.007230429,0.023457545693963768,15.821014099288732
0.004307751,0.03426596,0.10190545,0.039297912,0.008781707,0.0377117563970387,16.319911473896354
0.0044389963,0.016879292,0.08244676,0.007600797,0.0048521077,0.023243590909987687,15.813525681849569
0.002584588,0.005948697,0.055917755,0.0029213282,0.0035494857,0.014184370776638389,15.496452977182344
0.20950308,0.3435174,0.66400343,0.12039954,0.31201735,0.32988816052675246,26.546085618436337
0.0022931548,0.016282318,0.08891838,0.010386795,0.0037383938,0.024323808401823042,15.851333294063807
0.003127131,0.0043727476,0.20377499,0.00076961855,0.006066575,0.04362221218179912,16.52677742636297
0.12452944,0.09231641,0.6627954,0.058361705,0.21933877,0.23146835193037987,23.101392317563295
0.2026651,0.34744385,0.6571844,0.14681976,0.24558233,0.31993909180164337,26.197868213057518
0.016400356,0.026234603,0.25580567,0.009416872,0.04473831,0.07051916252821684,17.46817068848759
0.06701043,0.13568304,0.27823788,0.029542994,0.07982693,0.11806025579571724,19.132108952850103
0.002914257,0.011062912,0.07937798,0.0069053257,0.0018172761,0.020415549934841692,15.71454424771946
0.0036082356,0.0074016163,0.051756687,0.0038103163,0.008073104,0.014929991867393256,15.522549715358764
0.006730011,0.0134275025,0.085788354,0.022376481,0.007553726,0.027175215072929863,15.951132527552545
0.0072399676,0.014863816,0.06273206,0.0056122583,0.056907315,0.02947108400985599,16.03148794034496
0.0032292507,0.0031601922,0.22602554,0.0007903128,0.0038153767,0.04740413379622624,16.659144682867918
0.0029502471,0.010243249,0.059955206,0.008160616,0.004641846,0.017190232826396826,15.601658148923889
0.07056019,0.041687366,0.5880776,0.025767757,0.060450356,0.15730865411460399,20.50580289401114
0.013784029,0.020627953,0.10581762,0.0090823285,0.011474685,0.03215732369571924,16.125506329350173
0.0033276712,0.013532137,0.0738796,0.007431932,0.0021109942,0.020056466665118934,15.701976333279163
0.0006691387,0.0019626345,0.027843714,0.0011248223,0.0026513566,0.006850333174224944,15.239761661097873
0.016267203,0.020481383,0.30867872,0.0065147174,0.07062991,0.08451438592746854,17.9580035074614
0.038288854,0.07043341,0.24053298,0.04390498,0.016112132,0.08185447044670582,17.864906465634704
0.0008310379,0.0046287053,0.03526381,0.0068513816,0.0013530647,0.009785599960014225,15.342495998600498
0.041941136,0.07749613,0.2044285,0.032080498,0.24334127,0.11985750421881677,19.195012647658587
0.0005700565,0.0031435082,0.04525303,0.0036904626,0.00107179,0.010745769646018746,15.376101937610656
0.0052613984,0.02314216,0.085906126,0.00994758,0.0051644174,0.025884336512535813,15.905951777938753
0.028461384,0.055297337,0.4110257,0.022340221,0.020413008,0.10750753059983253,18.76276357099414
0.041619215,0.06462929,0.25304848,0.039172154,0.014789471,0.08265172131359577,17.892810245975852
0.033871543,0.083767444,0.1983177,0.025752965,0.17751577,0.10384508669376374,18.63457803428173
0.018871762,0.035414387,0.16149145,0.00484281,0.06773085,0.05767025267705322,17.018458843696862
0.023548882,0.023717346,0.29638058,0.012150243,0.010769145,0.07331323903053999,17.5659633660689
0.005278932,0.016516166,0.14082815,0.011374432,0.0029563308,0.03539080154150725,16.238678053952754
0.047352996,0.058511596,0.29373747,0.016423186,0.023516592,0.08790836818516255,18.07679288648069
0.17135721,0.3320362,0.5179139,0.0768722,0.4369388,0.3070236563682556,25.745827972888947
0.00032241008,0.0013211532,0.025424963,0.0006959988,0.0006271358,0.005678332154639066,15.198741625412367
0.0696879,0.09420634,0.6044719,0.027937243,0.07690491,0.17464166320860386,21.112458212301135
0.12117133,0.32009953,0.6164702,0.09461737,0.4481317,0.3200980320572854,26.203431122004986
0.10608975,0.12750009,0.67403436,0.056558084,0.27110595,0.24705764427781107,23.647017549723387
0.0023683817,0.0068906234,0.04817712,0.0024219563,0.0046964595,0.012910908041521908,15.451881781453267
0.02824483,0.056936998,0.14234854,0.064988516,0.029623898,0.06442855708301068,17.254999497905374
0.15534766,0.421662,0.7120067,0.1129411,0.3489734,0.3501861691474915,27.2565159201622
0.00058027945,0.006233973,0.03270764,0.006895288,0.0006336083,0.009410157531965524,15.329355513618793
0.05321498,0.05562361,0.3143526,0.016328184,0.1029119,0.10848625414073466,18.797018894925714
0.1639526,0.1262502,0.44629404,0.041327957,0.16917443,0.18939984813332558,21.628994684666395
0.013005246,0.025809627,0.20059511,0.008576776,0.08678387,0.06695412620902062,17.34339441731572
0.0030227033,0.017976442,0.06426086,0.015016744,0.0030458854,0.02066452754661441,15.723258464131504
0.00084510323,0.0034451429,0.04266096,0.0015709394,0.001206673,0.009945763519499452,15.34810172318248
0.0050788512,0.009327097,0.058109652,0.0017729932,0.007054567,0.016268632095307115,15.569402123335749
0.00060573994,0.0029072133,0.05331437,0.002099824,0.0019457513,0.012174579512793571,15.426110282947775
0.21177867,0.34916097,0.6869097,0.16118236,0.3508202,0.3519703775644302,27.31896321475506
0.0019523388,0.0059376205,0.04352686,0.006106316,0.0105329715,0.013611221755854786,15.476392761454917
0.021092732,0.083117105,0.24355356,0.04136245,0.039367724,0.08569871485233309,17.999455019831657
0.0019384089,0.011771912,0.07166297,0.0061817397,0.0021363788,0.018738281819969418,15.65583986369893
0.0052084583,0.014834973,0.052140396,0.0039115376,0.050066546,0.025232382118701935,15.883133374154568
0.0399991,0.030481486,0.4874913,0.010885218,0.14556715,0.14288485273718834,20.000969845801592
0.0075405226,0.02821209,0.09709276,0.04168814,0.008983289,0.0367033607326448,16.284617625642568
0.05472202,0.107756555,0.1815874,0.022387626,0.31975543,0.1372418064624071,19.80346322618425
0.021455234,0.028621579,0.43087858,0.031948525,0.0591822,0.11441722363233565,19.004602827131748
0.004230197,0.008810022,0.058889218,0.0015546557,0.011579,0.017012618551962077,15.595441649318673
0.009742805,0.014395434,0.11680872,0.012203263,0.005955832,0.031821210868656635,16.113742380402982
0.13380887,0.25418893,0.60108995,0.034873866,0.37453857,0.2797000363469124,24.789501272141933
0.11045218,0.2708176,0.7202662,0.10454504,0.40621045,0.3224583014845848,26.28604055196047
0.0061909626,0.010369703,0.2861603,0.0025064978,0.00919504,0.06288449876010418,17.200957456603646
0.0019618988,0.0050547314,0.051373366,0.0016425186,0.0039471216,0.012795927305705846,15.447857455699705
0.0016004484,0.0063620694,0.057145074,0.0024655038,0.0022798476,0.013970588636584581,15.48897060228046
0.0074382587,0.023043131,0.15827402,0.013983565,0.15185249,0.0709182937629521,17.482140281703323
0.0013318235,0.0053317654,0.08081425,0.0027799453,0.0010121487,0.01825398653745651,15.638889528810978
0.14006603,0.15503904,0.48017284,0.050181784,0.26997364,0.21908666640520097,22.668033324182034
0.06381228,0.16406332,0.24558966,0.040645227,0.16022947,0.1348679915070534,19.720379702746868
0.059216745,0.075997576,0.3435668,0.02265914,0.22259152,0.14480635710060596,20.06822249852121
0.19329561,0.23391147,0.5888696,0.04350467,0.32752192,0.277420648932457,24.709722712635994
0.0011835509,0.008342525,0.045282245,0.009501192,0.0015705283,0.013176008127629759,15.461160284467041
0.012271865,0.049730405,0.23556174,0.059083533,0.015846603,0.07449882980436087,17.60745904315263
0.00067734235,0.0026879688,0.030410565,0.0011328851,0.002539753,0.00748970293207094,15.262139602622483
0.0788212,0.12901565,0.646292,0.047830824,0.09929404,0.20025073662400245,22.008775781840086
0.028864216,0.045322005,0.57561976,0.009836453,0.040053703,0.13993922676891088,19.89787293691188
0.054157227,0.16695066,0.47252885,0.066484,0.082903944,0.16860493421554568,20.901172697544098
0.0013441874,0.0071417443,0.06137239,0.0038698486,0.0015626544,0.015058164554648102,15.527035759412684
0.059471067,0.10106763,0.17999654,0.024669772,0.2659878,0.126238564029336,19.41834974102676
0.21299109,0.21710259,0.3538974,0.24731368,0.25143775,0.25654850006103513,23.97919750213623
0.07236014,0.11594695,0.37858844,0.044648997,0.055755448,0.13345999494194985,19.671099822968245
0.13795875,0.17683768,0.6059511,0.04335132,0.30502024,0.25382381305098534,23.883833456784487
0.0002582971,0.0007448047,0.01981527,0.00025568128,0.0019505352,0.004604917630786076,15.161172117077513
0.00054252305,0.0035213982,0.035485588,0.0030748523,0.0006635873,0.008657589764334261,15.3030156417517
0.020058831,0.0332025,0.109682165,0.056954946,0.028539762,0.04968764074146748,16.73906742595136
0.017706068,0.016234415,0.25520906,0.020838935,0.021149296,0.06622755452990532,17.317964408546686
0.0073587336,0.014244973,0.15275209,0.0036282577,0.011829999,0.0379628099501133,16.328698348253965
0.14174636,0.18606701,0.57733333,0.045262117,0.338357,0.25775316432118417,24.021360751241446
0.0088813435,0.011818214,0.10048042,0.0050397823,0.009248274,0.027093607373535635,15.948276258073747
0.01443101,0.02615462,0.08830868,0.032278173,0.038694423,0.039973380602896215,16.399068321101367
0.0012229326,0.0073512667,0.04513368,0.004889638,0.001344581,0.011988419713452459,15.419594689970836
0.0004653395,0.0020865598,0.028300256,0.0024100763,0.0010448387,0.006861413962906227,15.240149488701718
0.014272868,0.032994427,0.09783337,0.0052890475,0.047111902,0.039500323403626685,16.382511319126934
0.08751358,0.102087,0.48181272,0.050382953,0.28449818,0.2012588866055012,22.04406103119254
0.031270247,0.068070546,0.13238645,0.029047644,0.06080339,0.0643156547099352,17.25104791484773
0.0009420198,0.0062249843,0.043478068,0.005791987,0.001442041,0.011575819982681423,15.40515369939385
0.076062694,0.20052414,0.62795645,0.07560427,0.07754144,0.21153779774904252,22.403822921216488
0.15890482,0.22252357,0.6732573,0.08951428,0.30637795,0.29011558145284655,25.15404535084963
0.02689761,0.054900277,0.16538346,0.013625551,0.13504148,0.07916967421770096,17.770938597619534
0.0023515443,0.016594337,0.06912453,0.014623481,0.0032623813,0.021191254211589697,15.74169389740564
0.037476607,0.13256823,0.3238186,0.014882388,0.15961902,0.13367296643555165,19.678553825244308
0.035183486,0.06296826,0.13973002,0.028680159,0.12711282,0.0787349496036768,17.755723236128688
0.043969087,0.023398306,0.37482932,0.021254515,0.01911881,0.09651400819420816,18.377990286797285
0.022344377,0.048919983,0.21920148,0.019391859,0.16195562,0.09436266385018827,18.30269323475659
0.108327515,0.14354467,0.71197563,0.06858537,0.24226959,0.2549405574798584,23.922919511795044
0.0035025799,0.007458804,0.107374005,0.0011195202,0.015007401,0.026892462023533882,15.941236170823686
0.012754288,0.058029257,0.21256013,0.019366903,0.015756229,0.06369336172938347,17.22926766052842
0.02032443,0.049374,0.13338351,0.010514912,0.09313456,0.061346282623708254,17.14711989182979
0.009992778,0.01689663,0.06916065,0.0036263084,0.03734503,0.027404278703033927,15.959149754606187
0.18847035,0.29912886,0.5067066,0.14504564,0.23755299,0.27538088560104373,24.63833099603653
0.0015155057,0.0030070664,0.057022188,0.0009017461,0.0038112812,0.013251557457260789,15.463804511004128
0.09194058,0.06839027,0.6145078,0.046823297,0.18019667,0.2003717236220837,22.01301032677293
0.12053544,0.056559827,0.6641508,0.028981784,0.045782782,0.18320212177932263,21.412074262276292
0.0018138568,0.004518546,0.054094706,0.0008944281,0.022900518,0.01684441096149385,15.589554383652285
0.013951662,0.026477382,0.12599601,0.01766993,0.011300246,0.03907904550433159,16.367766592651606
0.0064352513,0.03291055,0.10124674,0.023810007,0.007784682,0.03443744499236346,16.20531057473272
0.051686574,0.047894463,0.34017292,0.037224483,0.014094941,0.0982146754860878,18.437513642013073
0.011572949,0.014811686,0.12347347,0.00882239,0.010354539,0.0338070074096322,16.183245259337127
0.012650368,0.031534757,0.16450624,0.075242385,0.008657243,0.05851819906383753,17.048136967234313
0.0018428162,0.00823837,0.061638664,0.023275284,0.0019123164,0.01938149016350508,15.678352155722678
0.13181466,0.33672214,0.6592961,0.06325706,0.38283953,0.3147858962416649,26.01750636845827
0.008753581,0.026823618,0.19916418,0.03443432,0.03254334,0.06034380756318569,17.1120332647115
0.09361266,0.24170609,0.44913834,0.047902066,0.4412251,0.2547168545424938,23.915089908987284
0.0033684224,0.0070640496,0.04179986,0.0039126244,0.016204719,0.01446993462741375,15.506447711959481
0.068365924,0.109681584,0.6127174,0.11464893,0.25447708,0.23197818249464036,23.119236387312412
0.11438116,0.2916192,0.6047476,0.07545783,0.4299767,0.3032364994287491,25.613277480006218
0.005085214,0.0047848173,0.24348456,0.0024371615,0.0015182117,0.05146199224982411,16.801169728743844
0.10172481,0.17352663,0.3985907,0.03392687,0.21629572,0.1848129488527775,21.468453209847212
0.022311984,0.04051247,0.26990777,0.014176677,0.22998981,0.11537974271923304,19.038290995173156
0.03827099,0.1263654,0.44761172,0.10425505,0.14475688,0.172252007573843,21.028820265084505
0.0036429653,0.012893124,0.06538378,0.007231439,0.006711955,0.019172652019187806,15.671042820671573
0.0074790195,0.009331689,0.30377296,0.004824547,0.011057379,0.06729311812669038,17.355259134434164
0.10636604,0.29367775,0.7312585,0.07503212,0.17122583,0.2755120500922203,24.64292175322771
0.006457809,0.026479205,0.2961142,0.02076897,0.06328179,0.08262039599940181,17.891713859979063
0.0033381567,0.0083519155,0.08671245,0.0013425006,0.0033714783,0.020623300177976492,15.721815506229177
0.003431133,0.027449686,0.10443466,0.017534766,0.0046410705,0.031498263496905564,16.102439222391695
0.0025359567,0.005856684,0.062836155,0.0015522623,0.02142384,0.018840979831293226,15.659434294095263
0.0011390933,0.008775662,0.04597377,0.0072417846,0.0010264345,0.012831348879262806,15.449097210774198
0.074889086,0.08335877,0.63276297,0.035605315,0.25652418,0.21662806347012523,22.581982221454382
0.0016592148,0.0036962754,0.10078997,0.0006231323,0.001062769,0.021566272631753234,15.754819542111363
0.0008247548,0.0034056245,0.041039385,0.00097147754,0.0010958904,0.009467426443006844,15.33135992550524
0.005380626,0.005981308,0.22990651,0.0019691957,0.005166922,0.049680913193151356,16.738831961760297
0.002735058,0.009763516,0.043437723,0.003033787,0.045748923,0.020943801337853077,15.733033046824858
0.00624956,0.017417455,0.06688397,0.0065206056,0.06832489,0.03307929616421461,16.15777536574751
0.10996345,0.2175849,0.52342564,0.047786936,0.23276113,0.22630440890789033,22.92065431177616
0.0105215125,0.019334732,0.07545554,0.025855502,0.032756858,0.032784828543663026,16.147468999028206
0.038008366,0.02204484,0.5615768,0.0048020645,0.016876142,0.1286616391502321,19.503157370258123
0.19933271,0.3029397,0.70068175,0.1320304,0.30190215,0.32737734317779543,26.45820701122284
0.0057903314,0.044378825,0.10342009,0.040291574,0.006643576,0.0401048799045384,16.403670796658844
0.05788569,0.07256159,0.7353845,0.010232479,0.045322802,0.18427741769701242,21.449709619395435
0.18070337,0.29159543,0.82314694,0.071153015,0.3065655,0.3346328496932984,26.712149739265442
0.011621837,0.018101614,0.21842672,0.0075782062,0.018369604,0.054819596000015736,16.91868586000055
0.06421503,0.07144717,0.37232324,0.027107228,0.050968304,0.1172121949493885,19.102426823228598
0.0038516,0.017736059,0.117063716,0.007695301,0.0028861975,0.029846574645489454,16.04463011259213
0.09370912,0.20987336,0.4359297,0.02950917,0.24819207,0.20344268195331097,22.120493868365884
0.06575909,0.08158474,0.4582211,0.09846829,0.21031243,0.18286913037300112,21.40041956305504
0.0137144225,0.07524753,0.15034187,0.053292524,0.016198525,0.06175897475332021,17.161564116366208
0.002734265,0.006315942,0.06245798,0.0008050013,0.012363564,0.016935350245330483,15.592737258586567
0.0021142613,0.019155273,0.11866791,0.015407964,0.0058283256,0.03223474635742605,16.12821612250991
0.15025446,0.24461775,0.7668366,0.07362838,0.32986945,0.31304132342338564,25.956446319818497
0.006443012,0.031958714,0.09639056,0.027673582,0.005014662,0.033496106043457985,16.17236371152103
0.053493213,0.17594111,0.29776937,0.09980518,0.04716698,0.13483517095446587,19.719230983406305
0.0025692936,0.0072699464,0.05810155,0.010280657,0.0029959136,0.016243471996858716,15.568521519890055
0.16548666,0.3335029,0.62917715,0.13377643,0.3580736,0.3240033447742462,26.340117067098618
0.0022471114,0.0072904755,0.037038792,0.0022438082,0.019643916,0.01369282058440149,15.479248720454052
0.006164018,0.0114364065,0.19572595,0.0075386167,0.0024697927,0.04466695631854237,16.563343471148983
0.0010054049,0.003869356,0.04671828,0.003049709,0.0016899727,0.011266544624231756,15.394329061848111
0.019001298,0.043823335,0.14773245,0.022566378,0.010086273,0.048641947098076344,16.702468148432672
0.003253778,0.0059866575,0.061476246,0.0013904533,0.013842158,0.017189858458004893,15.601645046030171
0.12552343,0.16453534,0.5833681,0.11141495,0.32381713,0.2617317959666252,24.160612858831882
0.062369294,0.08042365,0.50303406,0.045908663,0.2648849,0.19132411107420924,21.696343887597322
0.021514636,0.04372376,0.3460175,0.03105385,0.21760319,0.1319825891405344,19.619390619918704
0.003389479,0.011551304,0.08672408,0.0036297368,0.04202735,0.02946439003571868,16.031253651250154
0.07880223,0.20527963,0.8165051,0.037993904,0.30078208,0.2878725849092007,25.075540471822023
0.18590823,0.360914,0.640371,0.17724842,0.40149695,0.3531877219676972,27.3615702688694
0.0047858576,0.023692556,0.10678773,0.019166414,0.0045014983,0.031786810327321294,16.112538361456245
0.00076298945,0.007525076,0.040594738,0.007267713,0.0009948404,0.01142907141475007,15.400017499516252
0.12419022,0.2981986,0.6817815,0.09100101,0.4203195,0.323098161816597,26.308435663580894
0.18092,0.31552818,0.70148623,0.12987159,0.29473177,0.3245075553655625,26.357764437794685
0.0015918283,0.0068793357,0.058499146,0.0036173982,0.001547111,0.014426963892765344,15.504943736246787
0.05766773,0.077688076,0.20826203,0.07938835,0.07800831,0.10020289793610573,18.5071014277637
0.008775719,0.028035402,0.15266186,0.016851233,0.12582976,0.06643079426139593,17.325077799148858
0.008426342,0.010151468,0.22757879,0.0033605048,0.0047284947,0.050849119760096075,16.779719191603363
0.004298547,0.008505522,0.13995749,0.0025380128,0.0035021505,0.03176034400239587,16.111612040083855
0.16642584,0.18293956,0.61294925,0.040093523,0.25261346,0.2510043255984783,23.78515139594674
0.11259162,0.21804854,0.8630255,0.04429507,0.19661725,0.2869155921041966,25.04204572364688
0.0023213783,0.011264507,0.05488112,0.013921245,0.0035129134,0.01718023233115673,15.601308131590486
0.0032287287,0.008988189,0.08737925,0.00239718,0.002459627,0.02089059427380562,15.731170799583197
0.22015938,0.2781042,0.6028278,0.10832116,0.34144193,0.31017088890075684,25.85598111152649
0.15317497,0.227706,0.576763,0.11805449,0.32967636,0.281074957549572,24.83762351423502
0.013018523,0.035074085,0.11394553,0.041707117,0.010325253,0.04281410146504641,16.498493551276624
0.034721926,0.06716404,0.4075196,0.023689311,0.015225483,0.10966407395899296,18.838242588564754
0.08638932,0.12125024,0.26440752,0.014351262,0.11990898,0.12126146368682385,19.244151229038835
0.0025345385,0.007905194,0.06264197,0.004361649,0.0024156568,0.015971801755949856,15.559013061458245
0.0010081951,0.0019074843,0.039774895,0.0005884226,0.0017528054,0.009006360417697578,15.315222614619415
0.11486915,0.26625848,0.32170308,0.040769987,0.49038395,0.24679692834615707,23.637892492115498
0.061431393,0.109007925,0.32500586,0.104509674,0.034316838,0.1268543377518654,19.43990182131529
0.005165734,0.010141104,0.13684614,0.009417601,0.003295334,0.03297318266704679,16.154061393346637
0.0034060066,0.008631409,0.04807406,0.0050164377,0.027419444,0.01850947136990726,15.647831497946754
0.060582194,0.26287174,0.5031996,0.1326398,0.0880603,0.20947072133421898,22.331475246697664
0.002556058,0.010338524,0.057764813,0.00940766,0.0028240546,0.01657822206616402,15.58023777231574
0.0028542164,0.0069222455,0.072442636,0.0012055356,0.00850759,0.01838644463568926,15.643525562249124
0.087510005,0.12218525,0.39642245,0.037977368,0.28385845,0.18559070378541948,21.49567463248968
0.0016988468,0.009295998,0.049816664,0.0069585745,0.0016657353,0.013887163810431959,15.486050733365119
0.06261293,0.059421726,0.41159472,0.025989616,0.039776687,0.11987913511693478,19.195769729092717
0.02080231,0.037017573,0.13319005,0.10646641,0.02736778,0.06496882513165475,17.273908879607916
0.0039296434,0.024749056,0.07178336,0.02097333,0.012125539,0.026712184865027667,15.934926470275968
0.00083026657,0.0057328497,0.033480678,0.015105219,0.0026819676,0.011566196044441313,15.404816861555446
0.021444524,0.035290223,0.18608063,0.07296742,0.09510813,0.08217818550765514,17.87623649276793
0.0017860807,0.0048430855,0.0616265,0.0011934561,0.0017487995,0.01423958463128656,15.49838546209503
0.0052148444,0.011818119,0.17243393,0.013567637,0.0029061423,0.041188134066760536,16.44158469233662
0.0041725086,0.030367108,0.12005099,0.013574204,0.006130557,0.03485907344147563,16.220067570451647
0.049152054,0.08941222,0.15412785,0.041901298,0.13942657,0.09480399936437607,18.318139977753162
0.10473057,0.26808673,0.5512669,0.03849556,0.3665238,0.2658207140862942,24.303724993020296
0.00046113704,0.002840248,0.033395212,0.002875231,0.0007980734,0.00807398030301556,15.282589310605545
0.048849814,0.041088145,0.22360572,0.036334526,0.029994883,0.0759746178984642,17.659111626446247
0.0066504586,0.022240696,0.17270973,0.0043784543,0.006874161,0.04257070068269968,16.48997452389449
0.03067306,0.120297275,0.21239662,0.032799155,0.06021506,0.09127623438835143,18.1946682035923
0.0015338508,0.006143109,0.05120949,0.0068189315,0.0026779235,0.013676661113277078,15.478683138964698
0.065367475,0.26808336,0.56472707,0.10786602,0.17158425,0.2355256348848343,23.2433972209692
0.0033227012,0.0093213925,0.07430592,0.0065382705,0.0069149197,0.020080641144886613,15.702822440071031
0.020439878,0.035354808,0.2527843,0.0318616,0.09548516,0.08718515112996102,18.051480289548635
0.094013914,0.12116947,0.70119923,0.049976394,0.2734949,0.24797078222036364,23.678977377712727
0.13418402,0.18539098,0.5315153,0.06229957,0.32062337,0.2468026466667652,23.638092633336782
0.011368368,0.02349544,0.067463085,0.014856667,0.047109473,0.03285860661417246,16.150051231496036
0.0028041932,0.005710294,0.10760051,0.0014123631,0.0018800802,0.023881488130427897,15.835852084564976
0.004865734,0.017786728,0.10220379,0.0075202514,0.0039967475,0.027274649497121575,15.954612732399255
0.036796656,0.0908255,0.18623242,0.011751814,0.12411498,0.08994427360594272,18.148049576207995
0.00075827865,0.004641236,0.041232355,0.00452217,0.0011279136,0.010456390585750342,15.365973670501262
0.10710771,0.28049505,0.46240982,0.042972356,0.32506004,0.24360899478197098,23.526314817368984
0.17488372,0.29935172,0.70845747,0.14383535,0.37501994,0.3403096407651901,26.910837426781654
0.10707056,0.16520251,0.8381409,0.028607918,0.14167795,0.2561399679630995,23.964898878708482
0.19232562,0.19568817,0.4116955,0.05941688,0.26086885,0.22399900630116462,22.839965220540762
0.004304805,0.02561911,0.0735631,0.032797422,0.005198918,0.02829667078331113,15.99038347741589
0.023375299,0.10429738,0.29250765,0.033494063,0.019484298,0.09463173709809782,18.312110798433423
0.09862529,0.17956924,0.6426197,0.06892343,0.18730175,0.23540788888931274,23.239276111125946
0.04382861,0.111668475,0.5728438,0.043706395,0.04859454,0.16412836238741876,20.744492683559656
0.19565779,0.3165629,0.45083278,0.084722295,0.43081462,0.29571807682514195,25.350132688879967
0.077940084,0.22435296,0.49676898,0.0401113,0.33118138,0.23407093957066538,23.192482884973288
0.011980826,0.046953797,0.13884963,0.022921808,0.008073477,0.04575590789318085,16.60145677626133
0.0045078536,0.013066473,0.13032787,0.008355921,0.003957433,0.03204310936853289,16.12150882789865
0.11267342,0.26181033,0.66858006,0.07545489,0.40584978,0.30487369596958164,25.670579358935356
0.0025326177,0.006656654,0.052205287,0.00408344,0.0032308656,0.013741772901266814,15.480962051544338
0.0013135975,0.0032904916,0.032719005,0.0018359439,0.011152934,0.010062394454143942,15.352183805895038
0.078309014,0.17632608,0.6209046,0.08319306,0.22024581,0.23579571694135668,23.252850092947483
0.11136217,0.21070975,0.70340884,0.07436292,0.12210933,0.2443906009197235,23.553671032190323
0.0017487843,0.008311819,0.056076046,0.0078001665,0.0027117867,0.015329720568843188,15.536540219909512
0.048729956,0.06320015,0.7185961,0.009617856,0.048706934,0.17777019999921323,21.221956999972463
0.08185646,0.14593594,0.34951958,0.13906644,0.040380355,0.1513517551124096,20.297311428934336
0.00071538176,0.005932315,0.034042347,0.007045975,0.00078112085,0.009703427914064379,15.339619976992253
0.0042059487,0.015603111,0.06026897,0.0077759763,0.008695912,0.019309983216226102,15.675849412567914
0.08324804,0.075424425,0.45305505,0.029964842,0.10942291,0.15022305399179461,20.25780688971281
0.029955087,0.026532544,0.37560275,0.023667622,0.012576389,0.09366687890142203,18.27834076154977
0.0019028636,0.007817036,0.048919715,0.0035896879,0.0023793052,0.012921721441671252,15.452260250458494
0.010255081,0.03960431,0.09847957,0.056758158,0.011596684,0.0433387603610754,16.51685661263764
0.07288313,0.20334147,0.3580961,0.042718083,0.07090531,0.149588817358017,20.235608607530594
0.010372228,0.025102394,0.13918564,0.0044092718,0.08531877,0.05287765944376588,16.850718080531806
0.1504116,0.23600386,0.7288468,0.112121,0.33404532,0.312285715341568,25.93000003695488
0.00072243105,0.0029921203,0.040867493,0.001782506,0.000851536,0.009443217189982533,15.330512601649389
0.06512364,0.14448783,0.5579083,0.095847666,0.15848371,0.20437022894620896,22.152958013117313
0.025937367,0.044165615,0.5175773,0.017890766,0.030209068,0.12715602144598961,19.450460750609636
0.054410983,0.05663191,0.30785474,0.10000028,0.031540085,0.11008759960532188,18.853065986186266
0.0009843699,0.00664121,0.04358278,0.0056227953,0.0012183691,0.011609904561191799,15.406346659641713
0.043121334,0.19235928,0.4335776,0.07991965,0.061280232,0.16205161958932876,20.671806685626507
0.16789521,0.19866042,0.5681637,0.1249629,0.32828906,0.27759425789117814,24.715799026191235
0.005223482,0.01117498,0.05970561,0.0051459125,0.038401313,0.023930259700864553,15.83755908953026
0.1888557,0.20377617,0.5740484,0.12745787,0.33657822,0.28614327013492585,25.015014454722404
0.117566966,0.24351647,0.5071714,0.07536306,0.22940265,0.23460410833358766,23.211143791675568
0.004177296,0.013686407,0.047810633,0.0061220643,0.07294908,0.02894909642636776,16.01321837492287
0.002693198,0.009332333,0.06777203,0.0066135414,0.0047088754,0.018223995668813588,15.637839848408476
0.09803137,0.25093457,0.52166164,0.15651534,0.09204782,0.22383814901113513,22.83433521538973
0.07041309,0.043317795,0.60192347,0.008093967,0.06428012,0.15760568808764217,20.516199083067477
0.021365339,0.042195354,0.1095904,0.022544168,0.04764615,0.04866828136146069,16.703389847651124
0.003184593,0.010914675,0.07827309,0.0077336496,0.0022284363,0.02046688832342625,15.716341091319919
0.0008473384,0.00536267,0.042872228,0.0035325526,0.0009369039,0.010710338514763862,15.374861848016735
0.11637053,0.2841628,0.7789778,0.068536684,0.28561443,0.3067324489355088,25.735635712742805
0.13184549,0.18015662,0.4940199,0.09135897,0.20853841,0.22118387669324877,22.741435684263706
0.009467711,0.055828255,0.19782509,0.03773551,0.009087837,0.06198888048529626,17.16961081698537
0.003736247,0.004016011,0.14357127,0.0011088083,0.0015159299,0.030789653770625595,16.077637881971896
0.01262297,0.038318142,0.15686283,0.014363328,0.023162235,0.04906590003520251,16.717306501232088
0.026765238,0.04342134,0.11799784,0.02057298,0.07476998,0.05670547597110272,16.984691658988595
0.10168425,0.19164531,0.5262617,0.0705052,0.3766543,0.25335014909505843,23.867255218327045
0.0010850318,0.0059880447,0.046565764,0.0035559796,0.0008256874,0.011604101420380177,15.406143549713306
0.006141008,0.019647773,0.05543572,0.005599093,0.02597027,0.02255877321586013,15.789557062555104
0.0011316739,0.0021273314,0.043751657,0.00040297993,0.003321149,0.010146958247059957,15.355143538647098
0.03498042,0.22276291,0.49840614,0.12975965,0.051387183,0.1874592624604702,21.561074186116457
0.10201449,0.3230754,0.6568614,0.13326126,0.1709198,0.27722647935152056,24.70292677730322
0.15105565,0.2842843,0.42942005,0.1076042,0.14445043,0.22336292415857317,22.81770234555006
0.03281398,0.19136778,0.34874526,0.11645198,0.030006306,0.14387705959379674,20.035697085782886
0.0030921001,0.013269347,0.05980669,0.028332675,0.004543644,0.021808891138061885,15.763311189832166
0.0048913695,0.01084167,0.093484424,0.005223841,0.0045106104,0.02379038305953145,15.8326634070836
0.041146632,0.06465264,0.34167662,0.029091341,0.19222875,0.1337591964751482,19.681571876630187
0.0032071965,0.008154856,0.060448114,0.0070428597,0.003995759,0.016569756995886566,15.57994149485603
0.0030593665,0.01143653,0.060158975,0.007747725,0.0035597999,0.017192479455843568,15.601736780954525
0.18208772,0.19140722,0.61626196,0.18303616,0.19746761,0.27405213415622715,24.59182469546795
0.22036693,0.352063,0.6529882,0.19190638,0.33436093,0.3503370851278305,27.261797979474068
0.042847093,0.17162327,0.3683064,0.07418007,0.052516893,0.14189474508166317,19.96631607785821
0.14654736,0.23025142,0.556813,0.06550634,0.3383172,0.26748706102371217,24.362047135829926
0.033476524,0.034472417,0.63173074,0.01172366,0.12032955,0.1663465775549412,20.82213021442294
0.013030789,0.029807134,0.26521665,0.03452927,0.027743265,0.07406542096287012,17.592289733700454
0.1235846,0.22122245,0.45983624,0.06279396,0.39870146,0.2532277420163155,23.86297097057104
0.00094402436,0.007549206,0.05087389,0.0070610195,0.001177297,0.013521087437402457,15.473238060309086
0.0046003573,0.010717337,0.058378823,0.0040658643,0.007910936,0.017134663555771115,15.599713224451989
0.012508627,0.050250296,0.13112737,0.0117957555,0.011181579,0.04337272588163615,16.518045405857265
0.0906173,0.19298784,0.5708298,0.028537985,0.28853592,0.23430177196860313,23.20056201890111
0.0023450358,0.0051387944,0.095829695,0.000711451,0.022080632,0.025221121718641375,15.882739260152448
0.04659162,0.082061775,0.16774538,0.027800526,0.2641783,0.11767552196979524,19.118643268942833
0.055721857,0.08356618,0.2033615,0.019453695,0.06459555,0.08533975593745709,17.986891457810998
0.023450691,0.04709146,0.23364888,0.012393073,0.20986392,0.10528960470110178,18.685136164538562
0.0012135995,0.0074328883,0.040835828,0.012829957,0.0023792337,0.01293830112554133,15.452840539393947
0.019381758,0.046900336,0.4110102,0.040020064,0.12348586,0.1281596451997757,19.48558758199215
0.0020152233,0.0038002965,0.068978295,0.00076369726,0.0046986155,0.01605122544569895,15.561792890599463
0.052142683,0.095617175,0.2207501,0.027323816,0.25681132,0.13052901774644854,19.568515621125698
0.01582945,0.053622097,0.21388842,0.032307506,0.010547876,0.06523906998336317,17.28336744941771
0.032847185,0.029958675,0.20531401,0.04390006,0.025647275,0.06753344126045704,17.363670444115996
0.12805803,0.18603475,0.7412047,0.051323343,0.14786528,0.25089721754193306,23.781402613967657
0.017724024,0.02458193,0.2917012,0.014830102,0.006608183,0.0710890873335302,17.488118056673557
0.114054225,0.12191888,0.71361035,0.04733345,0.21398135,0.2421796500682831,23.476287752389908
0.12345594,0.34951162,0.6592575,0.09024918,0.29650602,0.3037960469722748,25.632861644029617
0.13238402,0.28019437,0.6778273,0.0936827,0.19953372,0.2767244204878807,24.685354717075825
0.021072375,0.052412275,0.16719133,0.025125556,0.013413563,0.055843019112944606,16.95450566895306
0.0023264517,0.00786861,0.04988632,0.0065362696,0.0031465043,0.01395283113233745,15.48834908963181
0.020979892,0.045981403,0.10031513,0.02715665,0.04084143,0.047054901346564294,16.64692154712975
0.00083194464,0.006115062,0.04880621,0.0068697515,0.0012639909,0.012777391658164562,15.44720870803576
0.09187426,0.17816639,0.28563783,0.07685334,0.08044653,0.14259566813707353,19.990848384797573
0.0028204352,0.010012186,0.06305163,0.012413732,0.006306411,0.018920879578217864,15.662230785237625
0.02791005,0.073013715,0.32968616,0.11468918,0.039011914,0.11686220467090606,19.090177163481712
0.11229653,0.16267902,0.37246045,0.044442903,0.3665408,0.21168393865227703,22.408937852829695
0.001913671,0.006394889,0.050382257,0.008199217,0.0037059288,0.014119192468933763,15.494171736412682
0.02028713,0.14493996,0.25610068,0.06599484,0.032788295,0.10402218103408814,18.640776336193085
0.1238743,0.20909128,0.25852558,0.078111395,0.43546483,0.22101347595453263,22.735471658408642
0.008710096,0.025247652,0.09628069,0.025322601,0.008075789,0.03272736482322216,16.145457768812776
0.17923647,0.20124125,0.5892137,0.12716506,0.1382554,0.2470223844051361,23.645783454179764
0.14549239,0.29495683,0.48217407,0.19822404,0.35137266,0.2944439977407456,25.305539920926094
0.0031927624,0.007844662,0.10581916,0.0029197687,0.0020058365,0.0243564376141876,15.852475316496566
0.25722843,0.3794176,0.6183168,0.21291281,0.35665947,0.3649070292711258,27.771746024489403
0.0781312,0.15477543,0.756205,0.0525219,0.26905534,0.2621377766132355,24.17482218146324
0.016887618,0.026949486,0.21026188,0.012345207,0.007397455,0.05476832948625088,16.91689153201878
0.21082523,0.29642662,0.674054,0.14748755,0.3553559,0.3368298649787903,26.78904527425766
0.12754802,0.23864426,0.7638958,0.053602144,0.2626583,0.28926970660686496,25.124439731240273
0.017918436,0.049166422,0.25477096,0.013136513,0.21330178,0.10965882260352373,18.83805879112333
0.02636715,0.032834146,0.19962351,0.060475737,0.019038878,0.06766788437962533,17.368375953286886
0.0065931655,0.04936043,0.12156986,0.044114757,0.0143169435,0.04719103099778295,16.651686084922403
0.0958239,0.26510552,0.60113484,0.03851239,0.3229745,0.2647102288901806,24.26485801115632
0.15116276,0.30297872,0.64648145,0.108527504,0.41002852,0.32383579164743426,26.334252707660198
0.043892227,0.21374449,0.46880347,0.06896793,0.064472236,0.1719760701060295,21.019162453711033
0.002179098,0.006266674,0.0682552,0.0022026163,0.0018343673,0.016147591336630285,15.56516569678206
0.19713132,0.30817538,0.61211175,0.10805675,0.3933962,0.32377427965402605,26.33209978789091
0.005403483,0.029106902,0.12775888,0.016255073,0.004453956,0.03659565793350339,16.28084802767262
0.085353814,0.17349868,0.6848014,0.078823514,0.1380428,0.23210403919219974,23.12364137172699
0.06897961,0.14410068,0.5253318,0.03278626,0.2923982,0.2127193130552769,22.44517595693469
0.008110783,0.016810274,0.1436274,0.0059258007,0.004556821,0.03580621676519513,16.25321758678183
0.078320995,0.20644441,0.5572283,0.16108525,0.057102453,0.21203628703951835,22.421270046383142
0.10071901,0.2963509,0.5050648,0.15545785,0.31042126,0.27360276132822037,24.576096646487713
0.030245788,0.07368525,0.22157031,0.12657091,0.016321514,0.09367875531315804,18.27875643596053
0.00041165497,0.0020791306,0.03041223,0.0024431648,0.00074035424,0.0072173070569988345,15.25260574699496
0.009150891,0.022149118,0.09913653,0.005815616,0.017924948,0.03083542063832283,16.0792397223413
0.07926656,0.15683353,0.27520162,0.049164124,0.34670708,0.18143458217382433,21.35021037608385
0.11539041,0.21900831,0.63440454,0.0393289,0.32909402,0.26744523718953134,24.360583301633596
0.044025864,0.10333256,0.2872866,0.016107136,0.27994505,0.1461394425481558,20.114880489185452
0.14129533,0.32890737,0.42159504,0.059654173,0.47686708,0.28566379770636563,24.998232919722795
0.054898605,0.07350821,0.40274838,0.03440098,0.15659133,0.144429499655962,20.05503248795867
0.08684817,0.22967452,0.5084379,0.0745158,0.10628346,0.2011519640684128,22.040318742394447
0.008516616,0.016414285,0.09656333,0.013708226,0.016169742,0.030274440161883832,16.059605405665934
0.00536835,0.026691103,0.09932286,0.012538691,0.009443446,0.030672890692949296,16.073551174253225
0.06976373,0.05375862,0.52115095,0.04357962,0.13999379,0.1656493403017521,20.797726910561323
0.018663742,0.017045358,0.28327894,0.010605696,0.027177596,0.07135426681488753,17.497399338521063
0.0016448683,0.0035185702,0.04044155,0.0009150299,0.003526247,0.01000925316475332,15.350323860766366
0.0028228706,0.009356049,0.07177554,0.008031219,0.002062937,0.018809723295271398,15.658340315334499
0.009231839,0.026776979,0.2012639,0.007869161,0.06640595,0.06230956707149744,17.18083484750241
0.076193824,0.092944376,0.344078,0.03829046,0.08218748,0.1267388291656971,19.4358590207994
0.026016746,0.09784387,0.23533008,0.07212865,0.021482347,0.09056033827364446,18.169611839577556
0.1256227,0.2569791,0.47044647,0.037988093,0.1749092,0.2131891153752804,22.461619038134813
0.01817774,0.09837649,0.1549453,0.013883434,0.041542377,0.06538506820797921,17.288477387279272
0.00733691,0.014864829,0.14211477,0.0015504586,0.014150258,0.03600344588048756,16.260120605817065
0.004973045,0.019334188,0.13897967,0.0070946845,0.0036319073,0.03480269960127771,16.21809448604472
0.040559243,0.06430856,0.11934364,0.048496168,0.09770462,0.07408244609832763,17.592885613441467
0.0042683277,0.033358365,0.115452945,0.02308372,0.008036483,0.036839968338608746,16.289398891851306
0.0036764978,0.006221988,0.05110243,0.0018497453,0.0072372784,0.014017587783746422,15.490615572431125
0.008400126,0.02486502,0.10689397,0.03085603,0.004948533,0.0351927362382412,16.231745768338442
0.14978881,0.25465617,0.37619743,0.047171574,0.39308122,0.2441790394484997,23.54626638069749
0.0035883598,0.018064028,0.0638591,0.030459547,0.00511777,0.024217760469764472,15.847621616441756
0.04485406,0.06550729,0.34036607,0.0351051,0.033212148,0.10380893349647523,18.633312672376633
0.003199772,0.0038745166,0.36980748,0.0007655742,0.0008359577,0.07569666045019403,17.64938311575679
0.019852493,0.028606342,0.31211337,0.02584166,0.03262221,0.08380721621215345,17.93325256742537
0.029386133,0.06670109,0.17752492,0.018527605,0.082785554,0.07498506158590316,17.62447715550661
0.084657736,0.20439799,0.49553612,0.051854845,0.41485664,0.25026066675782205,23.75912333652377
0.0036377385,0.017468492,0.079332255,0.020121844,0.003569079,0.024825881700962782,15.868905859533697
0.0889084,0.14672242,0.3231849,0.123621315,0.05288539,0.1470644861459732,20.147257015109062
0.012066785,0.04131748,0.16049239,0.022114584,0.008478458,0.04889393988996744,16.71128789614886
0.0011896465,0.0060370807,0.041591305,0.0024229346,0.0017924792,0.010606689262203872,15.371234124177136
0.07500739,0.05960533,0.43608382,0.019115573,0.18343389,0.15464920066297055,20.41272202320397
0.009211259,0.010343102,0.35990247,0.0026060801,0.021718893,0.08075636108405888,17.82647263794206
0.11408484,0.29472372,0.5868644,0.12693878,0.15564257,0.2556508630514145,23.947780206799507
0.022600073,0.14328338,0.25741974,0.13837266,0.023883192,0.11711180843412879,19.098913295194507
0.16862449,0.28250796,0.71259576,0.112716004,0.3391754,0.32312392294406894,26.309337303042412
0.0067152083,0.019691274,0.31670794,0.009125948,0.14306904,0.09906188249588013,18.467165887355804
0.014922786,0.03632189,0.13054028,0.012772138,0.09414814,0.05774104632437229,17.02093662135303
0.046509143,0.07294207,0.29898039,0.01388999,0.04179703,0.09482372384518385,18.318830334581435
0.0023808233,0.009924197,0.06974007,0.004009408,0.0016337694,0.01753765381872654,15.613817883655429
0.051214494,0.08071876,0.36561623,0.011330039,0.14084648,0.12994520086795092,19.548082030378282
0.08044427,0.094393805,0.46665204,0.05693908,0.27303293,0.19429242461919785,21.800234861671925
0.009115454,0.010933068,0.23293942,0.0035809013,0.0026424155,0.051842252071946864,16.81447882251814
0.02706799,0.17466444,0.28661582,0.052101064,0.04092304,0.1162744700908661,19.069606453180313
0.028284684,0.12844744,0.30919102,0.04260015,0.02851455,0.10740756914019585,18.759264919906855
0.00051825657,0.0017722532,0.032835208,0.0009076318,0.0011199397,0.007430657837539912,15.260073024313897
0.039564945,0.041855104,0.21684971,0.028543035,0.045408703,0.0744443003088236,17.605550510808825
0.0034775613,0.015814397,0.061239827,0.028995434,0.0032992424,0.022565292473882437,15.789785236585885
0.0009199717,0.003042256,0.037488233,0.0020915968,0.0031975387,0.009347919293213635,15.327177175262477
0.036176477,0.07482939,0.32276928,0.028710522,0.2712732,0.14675177410244944,20.13631209358573
0.0061140535,0.016723905,0.2898325,0.04471189,0.09467527,0.09041152503341436,18.164403376169503
0.0005756291,0.0014657449,0.027495377,0.00040130655,0.0016451565,0.0063166427775286135,15.221082497213501
0.00265014,0.007083153,0.046465214,0.003092603,0.028686298,0.01759548168629408,15.615841859020293
0.00484701,0.048196014,0.13589123,0.017425912,0.010142042,0.043300441373139625,16.515515448059887
0.10776469,0.11757778,0.49629304,0.07889662,0.2879509,0.2176966056227684,22.619381196796894
0.002478598,0.0049703014,0.06669948,0.0020728114,0.0036618083,0.015976600302383303,15.559181010583416
0.04666035,0.098691694,0.41316444,0.088340506,0.022167679,0.13380493298172952,19.683172654360533
0.00516037,0.017425552,0.08858355,0.010502749,0.004629195,0.025260283518582585,15.88410992315039
0.06467075,0.08088102,0.2761383,0.05277158,0.1534225,0.1255768321454525,19.395189125090837
0.00041406046,0.0037332487,0.03352264,0.003749287,0.0005605051,0.00839594812714495,15.293858184450073
0.054211553,0.21486042,0.46548977,0.0906635,0.04691206,0.1744274623692036,21.104961182922125
0.045450136,0.12992568,0.2269428,0.053471528,0.03885544,0.09892911911010743,18.46251916885376
0.025868285,0.05056918,0.4352686,0.029055715,0.2550228,0.1591569170355797,20.57049209624529
0.12783426,0.3122688,0.44008473,0.05299248,0.4700018,0.28063640967011455,24.822274338454008
0.03394696,0.041530814,0.2072485,0.09257864,0.031112202,0.08128342255949975,17.84491978958249
0.0047663227,0.02309598,0.111995116,0.02309723,0.007271567,0.03404524317011237,16.191583510953933
0.09728662,0.24389759,0.62424564,0.15917692,0.099823795,0.2448861122131348,23.571013927459717
0.042207196,0.05771203,0.3631671,0.040303525,0.011612507,0.10300047285854817,18.605016550049186
0.00065051107,0.0051175733,0.036849625,0.005422583,0.0008926436,0.009786587243434043,15.342530553520191
0.0051834267,0.009636278,0.07676502,0.0013834737,0.013391173,0.021271875058300797,15.744515627040528
0.0110023,0.016808232,0.074688084,0.004266186,0.0289439,0.027141740638762714,15.949960922356695
0.0763662,0.15769531,0.85112834,0.02803052,0.29914728,0.28247352950274945,24.88657353259623
0.06353731,0.17281483,0.5339469,0.11049353,0.049970586,0.1861526258289814,21.51534190401435
0.0024172682,0.0052272994,0.04438456,0.0011541883,0.0037899124,0.011394645972177387,15.398812609026209
0.0026477189,0.006152473,0.07525986,0.0018060044,0.0060160724,0.018376425094902515,15.643174878321588
0.012742668,0.06581113,0.11930978,0.022489982,0.022121591,0.048495030403137206,16.697326064109802
0.00620539,0.041644987,0.12116076,0.04710789,0.009008676,0.04502554070204497,16.575893924571574
0.15869519,0.268271,0.7138264,0.1130934,0.3280942,0.31639604419469836,26.07386154681444
0.00042545953,0.0013560357,0.025558176,0.0007224896,0.0016289335,0.0059382187668234115,15.20783765683882
0.0014186815,0.0040475237,0.039929014,0.0025534797,0.0037669844,0.010343136615119874,15.362009781529196
0.10567389,0.2379563,0.59567064,0.039334774,0.2954151,0.25481014102697375,23.91835493594408
0.1602419,0.30735794,0.37487686,0.075919226,0.42515737,0.268710657954216,24.40487302839756
0.051189803,0.06422125,0.19789393,0.013883428,0.12744261,0.09092620480805637,18.182417168281972
0.004130524,0.007390547,0.10400468,0.012082683,0.0038032169,0.026282330416142943,15.919881564565003
0.043929804,0.12165149,0.49517798,0.035364274,0.04400297,0.14802530482411386,20.180885668843985
0.012959001,0.027814357,0.19380932,0.05370908,0.006374766,0.05893330350518227,17.06266562268138
0.04103643,0.088363186,0.25730404,0.07471515,0.023145879,0.0969129379838705,18.391952829435468
0.16998704,0.35354984,0.5195808,0.075660646,0.45250654,0.3142569690942765,25.998993918299675
0.101126954,0.10902539,0.35639966,0.10021257,0.07468122,0.14828915745019913,20.19012051075697
0.056851227,0.20164745,0.43838567,0.034771856,0.075615704,0.16145437955856323,20.650903284549713
0.0017679923,0.0036164462,0.082416,0.00067893806,0.005438509,0.018783576681744307,15.65742518386105
0.009875201,0.022234673,0.101459615,0.020731779,0.008510707,0.032562394812703135,16.13968381844461
0.10500651,0.13293414,0.30086952,0.06252851,0.064934485,0.13325463384389877,19.663912184536457
0.00035662673,0.0031410572,0.036131307,0.004428407,0.00065015967,0.008941511652665213,15.312952907843282
0.00052268524,0.0029157554,0.035588503,0.0053634485,0.0013215829,0.009142394992522897,15.319983824738301
0.06297576,0.13428107,0.22636454,0.01769863,0.2795697,0.14417793601751328,20.046227760612965
0.00073505886,0.0040188637,0.03864395,0.0030062417,0.001554903,0.009591803199145944,15.335713111970108
0.12332259,0.17132449,0.43967977,0.06676606,0.33453432,0.22712544649839403,22.94939062744379
0.0074076476,0.01314084,0.12580596,0.0026810674,0.01918339,0.03364378088153899,16.177532330853865
0.011795633,0.014705506,0.2200226,0.045688342,0.00849942,0.06014230102300644,17.104980535805225
0.0108348355,0.018528437,0.19478936,0.006459532,0.0062047434,0.04736338257789612,16.657718390226364
0.21577467,0.33202195,0.7013956,0.18837439,0.3790541,0.3633241355419159,27.716344743967056
0.04489788,0.05432164,0.24831209,0.13282944,0.09052577,0.1141773633658886,18.9962077178061
0.00814858,0.008931664,0.31010693,0.0037990871,0.0052391575,0.06724508428014815,17.353577949805185
0.00953901,0.020470515,0.1154693,0.012019072,0.017648216,0.03502922244369984,16.226022785529494
0.0014994828,0.005031929,0.066381566,0.0018090613,0.0012005967,0.015184527169913054,15.531458450946957
0.032662548,0.042899,0.4777365,0.028951198,0.10293166,0.13703618273139,19.79626639559865
0.005170004,0.0334755,0.081971325,0.03329523,0.006679363,0.03211828414350748,16.124139945022762
0.00050601887,0.0030748218,0.03690011,0.002662738,0.0011296555,0.008854668959975245,15.309913413599133
0.12070748,0.34488356,0.7102569,0.079534285,0.22329748,0.2957359358668328,25.350757755339146
0.0026572074,0.0049396115,0.042948958,0.00081224006,0.0059980806,0.011471219430677594,15.401492680073716
0.01508867,0.018236643,0.35583788,0.023129012,0.039895795,0.09043760038912296,18.165316013619304
0.12691554,0.089241795,0.4184685,0.08167361,0.11419639,0.1660991683602333,20.813470892608166
0.13228694,0.32286727,0.60968286,0.12985381,0.34861714,0.3086616039276123,25.80315613746643
0.006779511,0.014264471,0.105230756,0.014432726,0.020998728,0.03234123839065432,16.1319433436729
0.03545221,0.103229955,0.46547884,0.032395985,0.11359803,0.15003100261092187,20.251085091382265
0.11219921,0.16668805,0.3669674,0.053171445,0.393369,0.21847902163863187,22.646765757352114
0.00096345413,0.0068626404,0.046061847,0.0074291644,0.0021344298,0.012690307199954988,15.444160751998425
0.08654007,0.10100693,0.2677373,0.031803213,0.041325606,0.10568262487649918,18.69889187067747
0.17695117,0.25857127,0.611548,0.10299073,0.21147382,0.27230699956417087,24.53074498474598
0.08889044,0.23374836,0.5143851,0.061884083,0.41580534,0.2629426658153534,24.20299330353737
0.10292797,0.11056962,0.7806321,0.022379717,0.22297826,0.24789752922952174,23.67641352303326
0.11880171,0.13375048,0.29700476,0.14245887,0.24841404,0.1880859732627869,21.58300906419754
0.16544382,0.17793238,0.4750009,0.23915438,0.10819563,0.23314542174339295,23.160089761018753
0.10056394,0.15989825,0.45371863,0.034273714,0.37037525,0.22376595735549928,22.831808507442474
0.08772671,0.18423273,0.5200042,0.037602484,0.39675647,0.24526452124118808,23.58425824344158
0.0037310377,0.012316507,0.057328455,0.0029798804,0.005029712,0.01627711849287152,15.569699147250503
0.0059136893,0.036838695,0.11086946,0.010601468,0.0104632685,0.03493731627240777,16.222806069534272
0.1407235,0.19174191,0.6570154,0.04603139,0.2884589,0.2647942192852497,24.26779767498374
0.017098384,0.013197094,0.33581376,0.0024272834,0.010561048,0.07581951408647002,17.65368299302645
0.0015174912,0.008009205,0.049240626,0.008872567,0.001994611,0.013926899991929531,15.487441499717534
0.0039563375,0.011535199,0.16605373,0.015303186,0.11118871,0.061607431992888456,17.156260119751096
0.000251762,0.0018398252,0.029778803,0.0017930082,0.00044757177,0.006822193978587166,15.23877678925055
0.079300605,0.08015711,0.6969337,0.011852412,0.108971946,0.1954431515187025,21.840510303154588
0.00046859198,0.0033380077,0.0350369,0.0017320539,0.0005197144,0.008219053433276714,15.287666870164685
0.0038666425,0.030443287,0.10656216,0.025753044,0.0066767223,0.03466037097387016,16.213112984085456
0.19483057,0.27232185,0.61937076,0.09258624,0.38189122,0.3122001275420189,25.92700446397066
0.0014640145,0.007034404,0.06543263,0.0029495333,0.0011313995,0.015602396405301987,15.54608387418557
0.013699989,0.05574134,0.1075329,0.076225884,0.02151587,0.054943197406828403,16.923011909238994
0.0012797213,0.0075237653,0.046048533,0.0047430317,0.0017637116,0.012271752604283395,15.429511341149919
0.022909435,0.040120043,0.15196544,0.010831668,0.09192173,0.06354966331273318,17.22423821594566
0.08101024,0.15124679,0.2748035,0.027475953,0.05715798,0.1183388888835907,19.141861110925674
0.14866947,0.30743885,0.5797485,0.072442286,0.3754501,0.2967498436570168,25.386244527995586
0.0325029,0.08244476,0.177529,0.043753732,0.023204954,0.07188707031309605,17.51604746095836
0.00045907657,0.0031828526,0.029354,0.0042766286,0.001192196,0.007692950865020976,15.269253280275734
0.004781184,0.0058537773,0.12736493,0.0035155218,0.0061806147,0.02953920620493591,16.033872217172757
0.0065832534,0.011911671,0.18905573,0.010288748,0.0025863736,0.04408515430986881,16.54298040084541
0.0010852457,0.0020589894,0.046510875,0.00043401337,0.0037222176,0.010762268269900233,15.376679389446508
0.0047631343,0.005462382,0.24746662,0.0035301968,0.0042524887,0.053094965126365426,16.85832377942279
0.0045906096,0.017885806,0.07010194,0.037696995,0.0062499573,0.027305061370134356,15.955677147954702
0.0029832968,0.014727368,0.11772343,0.007370977,0.0021762974,0.028996273409575227,16.014869569335133
0.00034946742,0.0027127697,0.03006351,0.002795416,0.0005935755,0.007302947685820982,15.255603169003734
0.0126103945,0.032453194,0.17045966,0.022486268,0.00909273,0.04942044876515866,16.729715706780553
0.008142509,0.008584231,0.16273813,0.0015214013,0.004994942,0.03719624248333276,16.301868486916646
0.00086063816,0.0020091792,0.03151515,0.00056378334,0.0024578634,0.007481323077809066,15.261846307723317
0.057435207,0.06795806,0.19709332,0.09028548,0.09649673,0.10185375958681107,18.564881585538387
0.000395598,0.0012519003,0.026708066,0.0003571713,0.0009979112,0.005942129460163415,15.20797453110572
0.05047477,0.06896025,0.37564108,0.017320333,0.20460874,0.14340103380382063,20.01903618313372
0.04735361,0.10022129,0.23933652,0.09140026,0.031059626,0.10187426134943962,18.565599147230387
0.012540668,0.043797825,0.24834025,0.037040338,0.042601172,0.07686405032873155,17.690241761505604
0.16046694,0.31191668,0.50690544,0.07234014,0.27016065,0.26435796767473224,24.252528868615627
0.012527584,0.008764382,0.45702633,0.002803708,0.005295451,0.0972834915854037,18.40492220548913
0.006655829,0.023505697,0.08776542,0.01825759,0.006777621,0.028592430986464027,16.00073508452624
0.0019677766,0.008266866,0.05950204,0.0029052233,0.00206309,0.014940999029204248,15.522934966022149
0.105196156,0.1364982,0.21129118,0.0929148,0.22984603,0.15514927208423615,20.430224522948265
0.013185022,0.045914218,0.14392264,0.035029702,0.011002664,0.04981084968894721,16.743379739113152
0.003457241,0.009184442,0.09599327,0.000895442,0.00573116,0.023052311642095445,15.80683090747334
0.0020068972,0.011828817,0.060536727,0.016617892,0.0042693084,0.019051928538829088,15.666817498859018
0.00029982123,0.0009193456,0.021493044,0.00036919944,0.0013102102,0.004878324043238535,15.170741341513349
0.0011395372,0.003942681,0.04559006,0.0032600486,0.0012252342,0.011031512543559075,15.386102939024568
0.057936396,0.080114394,0.40765077,0.015310954,0.101869546,0.13257641196250916,19.64017441868782
0.008273883,0.03361675,0.09707946,0.025720267,0.008042427,0.03454655818641186,16.209129536524415
0.12141499,0.23898286,0.53308725,0.0880959,0.26230636,0.24877747297286987,23.707211554050446
0.049527157,0.104484774,0.2826913,0.02198044,0.1527691,0.12229055501520635,19.280169425532222
0.008130248,0.0460013,0.12185756,0.019852696,0.008157001,0.040799761191010475,16.427991641685367
0.0010817611,0.0025596349,0.03517698,0.0018528327,0.011479647,0.01043017136398703,15.365055997739546
0.16585287,0.25627974,0.7303368,0.11269485,0.2940208,0.31183701008558273,25.914295352995396
0.01692697,0.04073453,0.25366476,0.023812566,0.20357586,0.10774293839931488,18.77100284397602
0.0024679466,0.014507942,0.054722264,0.026108546,0.0035998588,0.020281311590224508,15.709845905657858
0.0053460924,0.008364875,0.07728082,0.001127964,0.007103161,0.01984458232764155,15.694560381467454
0.21954454,0.2996095,0.68539834,0.17153282,0.35771877,0.34676079750061034,27.136627912521362
0.0013944342,0.00693917,0.05108001,0.0053369114,0.0018018623,0.013310477742925287,15.465866721002385
0.0027875248,0.010545478,0.058616597,0.0115775,0.0036527505,0.01743597015738487,15.61025895550847
0.00085640606,0.0053340974,0.036469705,0.00581534,0.0015021554,0.009995540906675161,15.34984393173363
0.009937305,0.04082167,0.12541862,0.055001173,0.020610634,0.050357880443334585,16.76252581551671
0.047988016,0.13844715,0.28213978,0.025480121,0.08519458,0.11584992930293084,19.05474752560258
0.03227424,0.035913363,0.3152346,0.0039686076,0.08902283,0.09528272822499276,18.334895487874746
0.11044086,0.20204134,0.6356447,0.09391671,0.11881077,0.2321708709001541,23.125980481505394
0.06951801,0.16210201,0.45618108,0.11220899,0.04643022,0.16928806230425836,20.925082180649042
0.15336199,0.26768214,0.70832103,0.12860717,0.37098897,0.32579225897789005,26.40272906422615
0.08822802,0.13764745,0.2769457,0.030204829,0.29145744,0.16489669010043145,20.7713841535151
0.09192197,0.17455909,0.4926752,0.072525814,0.059868805,0.17831017225980758,21.240856029093266
0.019545441,0.04308814,0.18956573,0.016275667,0.20874882,0.09544476009905338,18.34056660346687
0.0035348984,0.016624253,0.06177602,0.024359863,0.0055910647,0.022377219842746855,15.78320269449614
0.0044937637,0.018890148,0.08355488,0.01808168,0.0032582982,0.02565575372427702,15.897951380349696
0.010870114,0.02633068,0.08553032,0.005824757,0.031501018,0.03201137725263834,16.120398203842342
0.019360755,0.06280216,0.15473373,0.011499864,0.14387822,0.07845494616776705,17.745923115871847
0.019523967,0.1390212,0.25972575,0.09089512,0.024170918,0.10666739083826542,18.73335867933929
0.046294775,0.1876967,0.4617993,0.09525666,0.04712131,0.16763374581933022,20.867181103676558
0.059341233,0.19222046,0.40448293,0.038551405,0.103844576,0.15968812182545664,20.58908426389098
0.0031209965,0.009199004,0.09573987,0.036149055,0.0060694045,0.03005566615611315,16.05194831546396
0.0037112106,0.014888079,0.061122246,0.02600819,0.0055550355,0.022256952337920667,15.778993331827223
0.03858238,0.061048493,0.17162894,0.03570723,0.03018278,0.06742996461689472,17.360048761591315
0.040270172,0.07652809,0.17523484,0.015448089,0.18019712,0.09753566142171621,18.413748149760067
0.019707983,0.020761868,0.22939079,0.025932455,0.007166069,0.060591832175850874,17.12071412615478
0.008748725,0.015069033,0.061519183,0.0045481687,0.015022402,0.02098150234669447,15.734352582134306
0.16329035,0.33736703,0.570221,0.09612345,0.40314674,0.3140297159552574,25.99104005843401
0.0047301557,0.011999835,0.07381434,0.035931896,0.005474067,0.026390058826655148,15.92365205893293
0.033517316,0.07798759,0.17687036,0.034336604,0.017878596,0.06811809316277505,17.384133260697126
0.091146596,0.098616086,0.38778296,0.016172724,0.082721926,0.13528805859386922,19.735082050785422
0.0057218093,0.015641145,0.06377984,0.007629076,0.07293609,0.03314159139990807,16.159955698996782
0.03179969,0.073826596,0.14672187,0.015515582,0.2040525,0.09438324589282274,18.303413606248796
0.015558087,0.03462398,0.10416914,0.0057538683,0.037090912,0.039439197257161135,16.38037190400064
0.00079015736,0.0051423353,0.039751783,0.004896887,0.000912682,0.010298768954817206,15.360456913418602
0.015333279,0.02316374,0.4889817,0.004456435,0.0065003387,0.1076870972290635,18.769048403017223
0.04183964,0.14808013,0.39140362,0.051316354,0.040228873,0.13457372188568117,19.71008026599884
0.017280335,0.09131767,0.16306351,0.054261424,0.025342936,0.070253174751997,17.458861116319895
0.0010684346,0.009062211,0.042221125,0.017691545,0.0023840885,0.01448548089247197,15.506991831236519
0.0009292158,0.0032816692,0.04021831,0.00094875286,0.0013523657,0.0093460624339059,15.327112185186706
0.014241357,0.028795114,0.16292636,0.015175281,0.038115524,0.051850727386772634,16.814775458537042
0.008755774,0.021617956,0.07128777,0.038407125,0.021352729,0.03228427153080702,16.129949503578246
0.007151201,0.016382873,0.0988548,0.04939087,0.008084793,0.03597290804609656,16.25905178161338
0.0019484523,0.008007485,0.06227876,0.0020920767,0.0022518784,0.015315730310976506,15.536050560884178
0.019484367,0.041926835,0.24062853,0.014055925,0.010142789,0.06524768844246866,17.283669095486403
0.001998147,0.009418322,0.052361134,0.0069414116,0.0021577042,0.014575343811884522,15.510137033415958
0.0074304156,0.01929304,0.18883921,0.022628352,0.042440895,0.05612638294696808,16.964423403143883
0.015314017,0.051933046,0.14332788,0.03598408,0.009337748,0.051179353892803196,16.79127738624811
0.0025899555,0.004400422,0.11223417,0.00061832025,0.0015823866,0.024285050376784058,15.849976763187442
0.048195224,0.042907618,0.31188506,0.030354474,0.13343918,0.11335631161928178,18.967470906674862
0.033839967,0.019681143,0.45374084,0.017670998,0.011292354,0.10724505949765444,18.753577082417905
0.009795867,0.041874167,0.18234912,0.008578471,0.0807543,0.06467038448899985,17.263463457114995
0.004184244,0.02980726,0.11118222,0.019774292,0.005466137,0.03408283069729805,16.19289907440543
0.13508101,0.22823194,0.5801748,0.15807073,0.12704398,0.24572049081325534,23.600217178463936
0.13009381,0.23770157,0.6428668,0.073538035,0.20347732,0.2575355052947998,24.013742685317993
0.00390813,0.010907779,0.05615781,0.001770807,0.042011954,0.02295129578560591,15.803295352496207
0.05392149,0.06083185,0.2433242,0.09824342,0.054936424,0.10225147828459741,18.57880173996091
0.056384917,0.09225993,0.17462908,0.030193964,0.092043184,0.08910221420228483,18.11857749707997
0.0017055407,0.006075849,0.051028576,0.0019987891,0.002913099,0.012744370684958994,15.446052973973565
0.0017087392,0.0032063825,0.063163646,0.00048307807,0.0030065707,0.01431368321646005,15.500978912576102
0.0003860717,0.001899729,0.02632241,0.0015038464,0.0012670894,0.006275829201331362,15.219654022046598
0.18428579,0.34658298,0.7180826,0.14170627,0.3979124,0.3577140122652054,27.51999042928219
0.08924292,0.16921079,0.48747885,0.03702319,0.37661257,0.2319136656820774,23.11697829887271
0.0025450555,0.014170934,0.0725265,0.011368282,0.003774664,0.020877087116241453,15.730698049068451
0.0012003554,0.0049830806,0.033620756,0.006559161,0.0059989085,0.010472452314570547,15.36653583100997
0.1035261,0.27833903,0.8060829,0.08535392,0.33634374,0.32192913740873336,26.267519809305668
0.0012481754,0.0057163346,0.050721284,0.004743995,0.0017375204,0.012833461910486222,15.449171166867018
0.008166879,0.018989062,0.26597908,0.010798998,0.004238503,0.06163450479507447,17.157207667827606
0.038574133,0.036783207,0.51412004,0.007847256,0.05601649,0.13066822569817305,19.573387899436057
0.0029999772,0.006969793,0.0640535,0.0020615188,0.00378672,0.015974301425740123,15.559100549900904
0.06432034,0.100967035,0.4297812,0.07567588,0.03156991,0.14046287313103678,19.916200559586287
0.0011586822,0.003472741,0.039574474,0.0014842778,0.0018663692,0.009511308837682008,15.33289580931887
0.0124089625,0.029810375,0.07277273,0.012579967,0.019793207,0.029473047517240048,16.0315566631034
0.043499492,0.062207066,0.18711247,0.050680216,0.039663833,0.07663261443376541,17.68214150518179
0.004488135,0.015114344,0.100210756,0.010388491,0.003046443,0.026649633748456834,15.93273718119599
0.007844554,0.008560176,0.45698267,0.0037268007,0.008662446,0.09715532991103829,18.40043654688634
0.014297314,0.031323582,0.21388482,0.06627037,0.013156018,0.06778641920536757,17.372524672187865
0.031719387,0.06550157,0.20008266,0.18106854,0.02107352,0.09988913536071778,18.496119737625122
0.08414466,0.26865843,0.5364922,0.19276352,0.15489556,0.24739087969064713,23.65868078917265
0.13798274,0.2004562,0.45734903,0.056625593,0.33435622,0.23735395744442941,23.30738851055503
0.00064956385,0.0030126197,0.03569419,0.0017328819,0.0009630137,0.00841045369161293,15.294365879206453
0.047824364,0.04822018,0.4667345,0.019645454,0.20670125,0.15782514922320842,20.523880222812295
0.00061387575,0.003624562,0.042500813,0.0020417415,0.0007830331,0.009912804968189448,15.34694817388663
0.0010505329,0.008961538,0.039665688,0.010561156,0.0014931031,0.012346403556875885,15.432124124490656
0.0045975717,0.008006337,0.05148908,0.0024581954,0.022275612,0.01776535944081843,15.621787580428645
0.0016764195,0.0033307658,0.047109436,0.00062381505,0.0022783612,0.011003759561572223,15.385131584655028
0.0013808425,0.0059690843,0.05518341,0.0043419,0.0019210341,0.013759254291653636,15.481573900207877
0.002180519,0.0052999514,0.043838844,0.0022642047,0.0078112492,0.012278953613713384,15.429763376479968
0.023152962,0.070513345,0.19606519,0.021170577,0.013890172,0.06495844889432192,17.273545711301267
0.01790348,0.056704294,0.17741604,0.059915464,0.011149864,0.06461782883852721,17.261624009348452
0.002125495,0.0037934338,0.041861787,0.00091135374,0.0061121555,0.010960845113731922,15.383629578980617
0.09483804,0.09601492,0.31978565,0.152211,0.18207295,0.16898451149463656,20.91445790231228
0.0129519515,0.018556284,0.3300853,0.00797609,0.0052281567,0.07495955778285861,17.62358452240005
0.009045394,0.019963006,0.113924414,0.0064013214,0.0065062824,0.031168083474040032,16.0908829215914
0.0010529682,0.00362194,0.032493975,0.001998421,0.0021740638,0.008268273621797563,15.289389576762915
0.0011815684,0.010085863,0.05320036,0.01287141,0.0024858154,0.015965003403835,15.558775119134225
0.001685265,0.011021115,0.06477134,0.006770191,0.0021606477,0.017281711520627144,15.60485990322195
0.09176374,0.20678113,0.69838524,0.054564618,0.37747505,0.2857939571142197,25.00278849899769
0.0011075083,0.0028589757,0.03166712,0.0011586171,0.0028655613,0.007931556622497738,15.27760448178742
0.02996911,0.07684441,0.17930917,0.038192187,0.017316071,0.0683261901140213,17.391416653990746
0.07825792,0.16312961,0.37070403,0.033936266,0.057476085,0.14070078134536743,19.92452734708786
0.0342096,0.23886228,0.42353433,0.12565523,0.05308128,0.17506854534149172,21.12739908695221
0.016409889,0.029258613,0.2655258,0.014578243,0.0060315123,0.06636080890893938,17.322628311812878
0.04774189,0.117741115,0.20942277,0.022315074,0.1802392,0.1154920093715191,19.042220328003168
0.017869161,0.027778909,0.21020359,0.005421204,0.042714555,0.060797483380883935,17.127911918330938
0.0042798747,0.01931146,0.09107267,0.008093455,0.0034977964,0.025251051364466547,15.88378679775633
0.00096459995,0.006501084,0.038691558,0.007834262,0.0018075978,0.01115982042392716,15.39059371483745
0.0022053104,0.015785102,0.06486152,0.01882554,0.0042379517,0.021183085069060324,15.741407977417111
0.0026805152,0.013086338,0.06524254,0.005661543,0.0022969435,0.017793575115501885,15.622775129042566
0.0023736616,0.00496363,0.059881702,0.0042250524,0.01299265,0.016887339251115917,15.591056873789057
0.10901936,0.16216424,0.32764223,0.037123445,0.08009332,0.1432085193693638,20.012298177927732
0.085945934,0.24568328,0.7336977,0.07633592,0.35612527,0.2995576232671738,25.484516814351082
0.0071093314,0.027230026,0.11472732,0.028566195,0.007961784,0.03711893083527684,16.29916257923469
0.12779956,0.20509358,0.37814757,0.044806182,0.28911608,0.20899259448051455,22.31474080681801
0.0026021826,0.010306301,0.05887079,0.019386396,0.006398217,0.019512776890769603,15.682947191176936
0.066520624,0.106153294,0.28750837,0.18322639,0.048489444,0.13837962448596958,19.843286857008934
0.13605855,0.16299373,0.5320893,0.05402148,0.31464183,0.2399609781801701,23.398634236305952
0.0039282735,0.014303887,0.06736983,0.008106178,0.0050337748,0.019748389348387716,15.69119362719357
0.20699736,0.2736832,0.6939484,0.13290372,0.20988838,0.30348421037197115,25.62194736301899
0.015030645,0.040428635,0.19768764,0.00989492,0.011227,0.05485376790165901,16.919881876558065
0.0010488774,0.004915189,0.047879603,0.002037914,0.0011552161,0.011407359852455556,15.399257594835944
0.092300855,0.19002111,0.64853126,0.031743657,0.30834168,0.2541877128183842,23.896569948643446
0.005893845,0.0096286815,0.06435134,0.0025085947,0.027267007,0.021929894201457502,15.767546297051013
0.0017785642,0.0067406683,0.05358688,0.007215763,0.0020764838,0.014279672177508475,15.499788526212797
0.004566057,0.010983611,0.16092409,0.0015824678,0.04653992,0.04491922992747277,16.572173047461547
0.12920529,0.1682384,0.52973485,0.21965553,0.22239333,0.25384548008441926,23.884591802954674
0.05677865,0.11807254,0.30208576,0.042616468,0.031856768,0.11028203666210175,18.85987128317356
0.0028459164,0.011458703,0.07526329,0.009878331,0.0027217902,0.02043360648676753,15.715176227036864
0.20574489,0.27717477,0.67032367,0.118636854,0.3493896,0.3242539599537849,26.348888598382473
0.12252087,0.26118535,0.65003353,0.11379715,0.1559884,0.26070505976676944,24.12467709183693
0.018631123,0.06660407,0.17737833,0.01769496,0.012952201,0.05865213610231877,17.052824763581157
0.06314765,0.18532775,0.59573203,0.093065396,0.054848865,0.1984243392944336,21.944851875305176
0.033625953,0.036585398,0.2745284,0.018698737,0.018062823,0.0763002648949623,17.67050927132368
0.016131593,0.1018765,0.2458721,0.037722155,0.03068653,0.0864577740430832,18.02602209150791
0.000802287,0.0019931763,0.029501539,0.00085080677,0.006025575,0.007834676781203597,15.274213687342126
0.04576033,0.21773088,0.46258974,0.08409251,0.046146736,0.17126403972506524,20.994241390377283
0.0031129108,0.007911078,0.042969186,0.003291875,0.008833188,0.013223647372797132,15.4628276580479
0.11421969,0.26250958,0.7613066,0.06218173,0.3296811,0.30597973689436914,25.70929079130292
0.039199416,0.055312745,0.3088418,0.014344694,0.018593315,0.08725839294493198,18.05404375307262
0.009185067,0.030424938,0.097868145,0.044121772,0.009509228,0.038221829943358904,16.33776404801756
0.0010249004,0.0071416427,0.03962529,0.011079143,0.0016967828,0.012113551888614894,15.423974316101521
0.024794102,0.13564599,0.22360577,0.1195487,0.022736486,0.10526620820164681,18.684317287057638
0.0016687646,0.0033943208,0.034374744,0.000851667,0.014263512,0.010910601564683022,15.381871054763906
0.0033741132,0.010561909,0.07952209,0.0026265087,0.0030364867,0.019824221078306437,15.693847737740725
0.005693061,0.010392271,0.06127623,0.0068082022,0.040079214,0.024849795736372474,15.869742850773036
0.23650502,0.35208127,0.7428848,0.1472301,0.37499037,0.37073831558227544,27.97584104537964
0.0024466515,0.0034489378,0.10627369,0.0004752342,0.0028881114,0.023106524645118046,15.808728362579131
0.10431136,0.06159808,0.504274,0.035476156,0.03365505,0.1478629320859909,20.17520262300968
0.047267307,0.10780079,0.44704136,0.06465623,0.024168573,0.13818685188889504,19.836539816111326
0.011397565,0.021087497,0.11683564,0.013557856,0.008864813,0.03434867393225432,16.2022035876289
0.008155373,0.020294031,0.08547996,0.009966999,0.011215889,0.0270224504172802,15.945785764604807
0.08090651,0.18873943,0.6270854,0.03643152,0.37599522,0.26183161437511443,24.164106503129005
0.0017201115,0.008296489,0.05112837,0.0074032564,0.0015706845,0.014023781986907125,15.49083236954175
0.012182577,0.02741994,0.1604503,0.010140673,0.009654689,0.04396963454782963,16.538937209174037
0.036983423,0.048387825,0.20826489,0.00827274,0.14814357,0.09001049008220434,18.150367152877152
0.019254724,0.039065484,0.08176511,0.016078755,0.097280115,0.050688837096095084,16.774109298363328
0.0077340086,0.007291579,0.30363238,0.0038507604,0.004949491,0.06549164354801178,17.292207524180412
0.0011456967,0.006653969,0.047738094,0.0056328764,0.001589978,0.012552122841589155,15.43932429945562
0.007952054,0.03109161,0.10175932,0.038876288,0.0059351386,0.037122882436960936,16.299300885293633
0.039628338,0.060289066,0.29168588,0.07827161,0.021036457,0.0981822706758976,18.436379473656416
0.028348899,0.06171208,0.33473045,0.036500465,0.21127057,0.13451249189674855,19.7079372163862
0.008274137,0.018807704,0.11322008,0.018744864,0.024427071,0.03669477123767138,16.284316993318498
0.25596267,0.3073954,0.6381112,0.2273655,0.36583933,0.3589348137378693,27.562718480825424
0.019250402,0.023027295,0.16751185,0.0352933,0.019420637,0.052900696918368344,16.851524392142892
0.0003985091,0.0020056895,0.030415809,0.0016520261,0.0007388871,0.007042184122838081,15.246476444299333
0.00318105,0.006445387,0.06041359,0.0018050272,0.007624954,0.01589400195516646,15.556290068430826
0.07257684,0.09918824,0.40878928,0.034199394,0.092317715,0.14141429364681243,19.949500277638435
0.001982382,0.012145493,0.07096455,0.009704659,0.0018005567,0.01931952862069011,15.676183501724154
0.18732153,0.37059057,0.69615924,0.093123764,0.36097082,0.3416331857442856,26.957161501049995
0.05540954,0.0521137,0.45104834,0.05589255,0.062259767,0.1353447802364826,19.73706730827689
0.08672459,0.26168162,0.50662476,0.12452302,0.17678809,0.23126841485500335,23.094394519925117
0.09209141,0.26156583,0.5506208,0.03344067,0.3261873,0.2527812048792839,23.847342170774937
0.0040630135,0.015039246,0.060006004,0.030251935,0.013101786,0.024492396879941227,15.857233890797943
0.019320939,0.057262037,0.14639547,0.010923347,0.1663909,0.0800585387274623,17.80204885546118
0.18182077,0.16844514,0.58055216,0.07715796,0.26578864,0.2547529339790344,23.916352689266205
0.11834965,0.19026932,0.42805228,0.06156903,0.07780573,0.17520920112729074,21.132322039455175
0.19479576,0.33939496,0.6096156,0.1545793,0.38808298,0.3372937232255936,26.805280312895775
0.09543343,0.16624743,0.45257697,0.037202444,0.37890452,0.22607295736670496,22.912553507834673
0.021497853,0.03374819,0.26705793,0.053604223,0.12650023,0.10048168525099756,18.516858983784914
0.08015234,0.26604548,0.5771326,0.08173851,0.10452598,0.22191897928714752,22.767164275050163
0.013329857,0.020738134,0.1373702,0.004298394,0.009545797,0.03705647615715862,16.29697666550055
0.17156386,0.16995968,0.35908225,0.038420714,0.2674079,0.201286880671978,22.04504082351923
0.044752907,0.066021,0.3346095,0.035131097,0.13781592,0.12366608753800391,19.328313063830137
0.059141584,0.11294284,0.6779541,0.037140008,0.05427348,0.18829039707779885,21.59016389772296
0.063208185,0.08979069,0.6430319,0.029209856,0.28555268,0.2221586607396603,22.77555312588811
0.0017296169,0.007573029,0.061544213,0.0069878353,0.0037764914,0.016322237206622958,15.571278302231804
0.0023079244,0.009780352,0.056738902,0.01285942,0.0024801346,0.016833346569910645,15.589167129946873
0.0026338075,0.0104751885,0.046162155,0.002440302,0.054510616,0.023244413640350105,15.813554477412254
0.0011887884,0.0045076846,0.050238647,0.0023945794,0.0011997147,0.011905882740393283,15.416705895913765
0.17287573,0.36991152,0.4696276,0.06695592,0.4688195,0.3096380516886711,25.83733180910349
0.0028000893,0.0045139496,0.07083719,0.001013236,0.0026983721,0.01637256785761565,15.573039875016548
0.00021688643,0.0009797477,0.02048185,0.00063386775,0.0006043084,0.004583331878529861,15.160416615748545
0.013496943,0.04120233,0.24001034,0.012019376,0.011758838,0.06369756441563368,17.22941475454718
0.0055489726,0.01684831,0.10488788,0.011614521,0.0031517076,0.0284102784935385,15.994359747273847
0.20610131,0.2984773,0.37573355,0.09225295,0.26118913,0.24675084799528124,23.636279679834843
0.10409734,0.09947942,0.66601384,0.03658305,0.09003985,0.19924269914627077,21.973494470119476
0.0015568621,0.002794568,0.065272436,0.0005650244,0.004698767,0.014977531379554421,15.524213598284405
0.14372627,0.18218586,0.6506449,0.02481862,0.30002934,0.26028099767863755,24.109834918752313
0.0052808803,0.025949636,0.085182965,0.022434356,0.005170529,0.028803673200309278,16.008128562010825
0.08813879,0.19720799,0.34755832,0.04579399,0.06917595,0.1495750077068806,20.23512526974082
0.03089864,0.04028664,0.2130206,0.005445056,0.07394186,0.07271855743601918,17.54514951026067
0.09373385,0.21083131,0.5417215,0.06955889,0.39831194,0.2628315031528473,24.199102610349655
0.18152508,0.16227137,0.33382875,0.13888851,0.30898726,0.2251001924276352,22.87850673496723
0.000920575,0.0049133026,0.04503162,0.0030653528,0.0009526886,0.010976707469671965,15.384184761438519
0.00095184206,0.005656442,0.03949159,0.011463695,0.0012846586,0.011769645614549518,15.411937596509233
0.0077914996,0.021366585,0.06218859,0.006488964,0.06149729,0.031866586022078994,16.115330510772765
0.09324616,0.11303498,0.56474715,0.071968086,0.28002933,0.22460514158010483,22.86117995530367
0.0002210424,0.0019722728,0.023356555,0.0023029384,0.00038081734,0.005646725179394707,15.197635381278815
0.024852306,0.064928204,0.1803798,0.023978239,0.015273071,0.061882322467863564,17.165881286375225
0.013829401,0.09254955,0.28773788,0.076819144,0.02000176,0.09818754568696023,18.436564099043608
0.0010324813,0.0033277485,0.04314574,0.0015471877,0.0015827557,0.01012718235142529,15.354451382299885
0.0055098617,0.0070812884,0.19283633,0.0013480341,0.0039128643,0.04213767556939275,16.474818644928746
0.13497269,0.25477028,0.6923751,0.110424,0.33606148,0.3057207137346268,25.700224980711937
0.11256968,0.30024186,0.49439898,0.050536733,0.46382895,0.2843152411282063,24.95103343948722
0.005204668,0.014716683,0.081248224,0.0033061206,0.005537291,0.022002597246319054,15.770090903621167
0.004240234,0.019673692,0.068499036,0.02313676,0.0048707398,0.024084092210978267,15.84294322738424
0.07525258,0.09127355,0.7237083,0.029657383,0.053927407,0.1947638384997845,21.816734347492456
0.0030531979,0.0055396864,0.10181033,0.0016468208,0.0069473963,0.023799486015923323,15.832982010557316
0.013233223,0.049320135,0.12601097,0.011546705,0.028382247,0.04569865595549345,16.59945295844227
0.045853537,0.07316141,0.49412292,0.060826156,0.25594544,0.1859818935394287,21.509366273880005
0.042960286,0.13104206,0.32066336,0.04818075,0.03025625,0.11462054289877414,19.011719001457095
0.0032092258,0.008358643,0.057024278,0.0016756895,0.02440531,0.01893462927546352,15.662712024641223
0.004561584,0.029966623,0.08131801,0.024993075,0.004312982,0.029030455369502307,16.01606593793258
0.0074694264,0.027751459,0.09235934,0.039160285,0.0072950386,0.03480711011216045,16.218248853925616
0.09047994,0.31139123,0.7233614,0.09502827,0.19395187,0.2828425377607346,24.89948882162571
0.008039041,0.015843183,0.08282304,0.007804877,0.0070975204,0.024321531970053913,15.851253618951887
0.0042512673,0.0075707003,0.05079732,0.0019265532,0.018262949,0.016561758099123837,15.579661533469334
0.013491275,0.073837,0.15950166,0.06270044,0.015338253,0.0649737250059843,17.27408037520945
0.002521802,0.017329091,0.08317555,0.009986587,0.0026111507,0.023124835640192035,15.809369247406721
0.008635405,0.07922231,0.25209287,0.043109994,0.012682062,0.07914852723479271,17.770198453217745
0.10986318,0.21423474,0.6672677,0.11314536,0.10811171,0.24252453297376636,23.48835865408182
0.0010375922,0.0029426098,0.062087417,0.0011844351,0.0008655706,0.013623524876311422,15.4768233706709
0.0027246329,0.011579879,0.05804973,0.013491071,0.0038296664,0.017934995936229825,15.627724857768044
0.0028015515,0.0043498683,0.13323186,0.0008910444,0.007394246,0.029733714670874177,16.040680013480596
0.0014607515,0.0047280015,0.031322267,0.002288747,0.004226262,0.00880520585924387,15.308182205073535
0.17594917,0.3364355,0.7438232,0.12913351,0.309945,0.3390572667121887,26.867004334926605
0.025418408,0.08005134,0.3053841,0.016026711,0.13917427,0.11321096532046795,18.962383786216378
0.04672006,0.18906397,0.32596567,0.04547602,0.110515274,0.14354819878935815,20.024186957627535
0.039604165,0.086229,0.20825334,0.014301393,0.15202707,0.1000829927623272,18.502904746681452
0.06921978,0.19492817,0.70339596,0.027289903,0.37728414,0.27442359142005446,24.604825699701905
0.0014713634,0.004465528,0.041936345,0.0016814931,0.0022229438,0.010355534707196058,15.362443714751862
0.07261991,0.10562356,0.39341953,0.042278044,0.12330586,0.14744938015937806,20.160728305578232
0.0011911783,0.0051686405,0.054940794,0.0034526228,0.0013234484,0.013215336739085615,15.462536785867997
0.014155521,0.081224166,0.19210114,0.041493062,0.016019681,0.06899871323257685,17.41495496314019
0.0005724514,0.0013277094,0.025714494,0.000518197,0.002903387,0.0062072478118352595,15.217253673414234
0.06423105,0.21738407,0.46534878,0.025804654,0.21915069,0.19838384985923768,21.94343474507332
0.009792592,0.03162233,0.113863386,0.0103807775,0.007252196,0.03458225671201945,16.21037898492068
0.0016772505,0.003257835,0.05055669,0.001490568,0.0023225779,0.011860984191298487,15.415134446695447
0.045646798,0.12711203,0.24957336,0.060518935,0.056570232,0.10788427218794823,18.775949526578188
0.012339691,0.033080235,0.21439292,0.03530054,0.01694538,0.06241175271570683,17.18441134504974
0.014730677,0.053771384,0.11817902,0.05636222,0.017781839,0.05216502845287323,16.825775995850563
0.20171812,0.20296617,0.6711455,0.074243836,0.27054325,0.28412337452173236,24.94431810826063
0.074461736,0.22423744,0.36515895,0.08435977,0.2434437,0.1983323186635971,21.9416311532259
0.0021528045,0.014795344,0.061666176,0.030797,0.0069431406,0.023270892864093187,15.814481250243261
0.19845761,0.31243113,0.6764148,0.12443914,0.37612015,0.3375725641846657,26.8150397464633
0.006066253,0.015438788,0.07262751,0.012214701,0.036615174,0.028592484537512067,16.000736958812922
0.007383823,0.0074633416,0.269772,0.0043965024,0.0027033633,0.05834380467422307,17.042033163597807
0.08920538,0.22429477,0.44848746,0.040377486,0.4441875,0.24931051656603812,23.725868079811335
0.0007082404,0.0021413043,0.036458362,0.0012814447,0.0019131238,0.00850049500586465,15.297517325205263
0.020786494,0.03062875,0.27878016,0.013385574,0.18463431,0.10564305875450374,18.69750705640763
0.04169437,0.085586645,0.12164678,0.053755727,0.11889447,0.08431559801101685,17.95104593038559
0.030535681,0.11455948,0.24108668,0.03873941,0.039654482,0.09291514568030834,18.252030098810792
0.00055073627,0.0032774142,0.02949485,0.0069534983,0.0009065268,0.008236605126876385,15.288281179440673
0.014798361,0.089758016,0.23017716,0.05461871,0.015402683,0.08095098659396173,17.83328453078866
0.015748844,0.037689067,0.09719556,0.020933412,0.0805267,0.050418716669082646,16.764655083417892
0.04622724,0.06914122,0.44285026,0.029138278,0.26704216,0.17087983116507532,20.980794090777636
0.0040736822,0.012469208,0.12557124,0.0070052682,0.004002395,0.030624357890337708,16.07185252616182
0.20585889,0.2072328,0.6278367,0.14862162,0.30167404,0.2982448101043701,25.438568353652954
0.002966131,0.005488874,0.04355287,0.00078127976,0.005674507,0.011692732712253929,15.409245644928887
0.120639935,0.12806784,0.26646766,0.02413156,0.15457462,0.13877632208168508,19.857171272858977
0.073108815,0.1851362,0.8590756,0.025014458,0.28604367,0.28567575030028824,24.998651260510087
0.0016401862,0.0062326295,0.055584244,0.0029970007,0.002093683,0.013709548767656088,15.479834206867963
0.03886163,0.14696768,0.44564918,0.07905332,0.033771414,0.14886064380407332,20.210122533142567
0.11429528,0.25856012,0.7658969,0.059419762,0.18975319,0.2775850541889668,24.715476896613836
0.011754456,0.023473175,0.2998939,0.016968567,0.06976134,0.08437028545886278,17.952959991060197
0.012095348,0.011042996,0.22912657,0.003137063,0.008849073,0.05285021062009037,16.849757371703163
0.00642697,0.025113098,0.102644965,0.022679755,0.009628786,0.0332987149246037,16.16545502236113
0.00047697395,0.0025182876,0.029426834,0.0010984893,0.0012803692,0.0069601907394826424,15.243606675881892
0.032178942,0.065731004,0.29527056,0.030437207,0.22404753,0.1295330483466387,19.533656692132354
0.10306383,0.15188734,0.6585196,0.08767753,0.13352868,0.22693540155887604,22.94273905456066
0.0029824376,0.008231589,0.06568575,0.0020160933,0.004306299,0.01664443355984986,15.582555174594745
0.05528528,0.16649681,0.56635284,0.08962784,0.044893313,0.18453121781349183,21.458592623472214
0.06273973,0.21919437,0.3861935,0.024569001,0.15670331,0.1698799841105938,20.945799443870783
0.0011018416,0.0068559423,0.04447754,0.0047252737,0.001179938,0.011668107309378685,15.408383755828254
0.0006116804,0.0040522953,0.034897465,0.0059795,0.001737863,0.00945576074300334,15.330951626005117
0.12243818,0.3404838,0.5904347,0.04358701,0.33413476,0.28621568605303765,25.017549011856318
0.0020556073,0.011405563,0.058536883,0.009278278,0.0027030588,0.016795878065750003,15.58785573230125
0.17236269,0.19680826,0.62395,0.024741977,0.29508084,0.2625887542963028,24.190606400370598
0.018849159,0.0182932,0.5694768,0.0047250134,0.02168034,0.12660489911213518,19.43117146892473
0.002868109,0.009807024,0.05229869,0.021799812,0.010750152,0.019504757691174747,15.682666519191116
0.0030384478,0.0073049013,0.052192606,0.011952614,0.009559138,0.01680954145267606,15.588333950843662
0.009611191,0.023238998,0.0792384,0.007308487,0.018596033,0.027598621696233755,15.965951759368181
0.029495819,0.06891082,0.17165063,0.017713469,0.027067807,0.06296770982444287,17.2038698438555
0.13230239,0.24618295,0.7575768,0.043075573,0.322846,0.3003967456519604,25.513886097818613
0.0066675157,0.02336767,0.08728041,0.027982004,0.0056665163,0.03019282259047032,16.05674879066646
0.17210868,0.321514,0.66887325,0.13178496,0.30862138,0.32058045566082,26.2203159481287
0.0009404545,0.0067528877,0.047085952,0.0038575141,0.0008995775,0.011907277174759657,15.416754701116588
0.0036662593,0.009269665,0.04522538,0.002010173,0.007933947,0.013621085276827215,15.476737984688953
0.0010277696,0.006733253,0.040516715,0.0077523487,0.0013995403,0.011485925456508995,15.402007390977815
0.11923076,0.2722812,0.7713017,0.07783915,0.33887088,0.3159047365188599,26.056665778160095
0.003926117,0.012686242,0.086513385,0.020354778,0.0028918032,0.025274465046823024,15.884606276638806
0.010773982,0.010246938,0.14330551,0.0037904833,0.00570021,0.03476342475041747,16.21671986626461
0.13855265,0.25220177,0.77497035,0.054635778,0.26864618,0.29780134558677673,25.423047095537186
0.055034,0.036496576,0.44569692,0.021681437,0.014009586,0.11458370387554169,19.01042963564396
0.093545765,0.27630165,0.7349481,0.08813601,0.4243473,0.32345576733350756,26.320951856672764
0.19559911,0.21502282,0.59580576,0.19429904,0.2664141,0.2934281677007675,25.269985869526863
0.0065095965,0.01040943,0.0583908,0.0022203806,0.015252438,0.018556529004126788,15.649478515144438
0.072477326,0.19032604,0.46746448,0.0569698,0.15536676,0.18852088004350662,21.598230801522732
0.0308794,0.029190639,0.35959867,0.057894222,0.04495738,0.10450406186282635,18.657642165198922
0.03512784,0.028644377,0.4697311,0.014283169,0.010530327,0.1116633614525199,18.908217650838196
0.19828917,0.36714575,0.51898956,0.058848493,0.40171564,0.30899772197008135,25.814920268952847
0.0048550507,0.010996387,0.17346144,0.0016354565,0.037241437,0.045637953653931626,16.597328377887607
0.058126047,0.096620046,0.32782316,0.023026304,0.30038393,0.1611958969384432,20.64185639284551
0.07395144,0.15772744,0.35479236,0.07991513,0.055660404,0.14440935254096987,20.054327338933945
0.018797262,0.023461713,0.29437873,0.020656582,0.041071195,0.07967309579253197,17.78855835273862
0.032100048,0.07356841,0.4980299,0.043294948,0.018277539,0.13305416665971279,19.656895833089948
0.0049787136,0.023246888,0.08359467,0.03264884,0.01037309,0.0309684406965971,16.0838954243809
0.13498625,0.2652583,0.78594226,0.075100005,0.3277899,0.31781534552574164,26.123537093400955
0.041892815,0.07894044,0.2876431,0.019663472,0.13568299,0.1127645641565323,18.94675974547863
0.0044413344,0.03107813,0.07491904,0.038434986,0.0044507454,0.030664846673607832,16.073269633576274
0.1111332,0.2087711,0.38857937,0.041718647,0.4288015,0.23580076396465302,23.253026738762856
0.14528504,0.27554414,0.6912124,0.10745801,0.40113354,0.3241266280412674,26.34443198144436
0.1346398,0.21698393,0.3419263,0.04090383,0.26704165,0.20029910355806352,22.010468624532223
0.0020791139,0.005419181,0.05513299,0.0010584465,0.010059841,0.014749914268031718,15.51624699938111
0.21386826,0.33456594,0.67543745,0.15449443,0.37233824,0.3501408636569977,27.25493022799492
0.1691487,0.2962178,0.58893174,0.1512819,0.18571179,0.27825838327407837,24.739043414592743
0.16660668,0.1522785,0.32294568,0.022990776,0.17436995,0.167838316783309,20.874341087415814
0.0006922514,0.0015725289,0.029889949,0.0003685531,0.0030930263,0.007123261666856706,15.249314158339985
0.005938414,0.016758345,0.19225214,0.014823902,0.0021662454,0.046387810213491316,16.623573357472196
0.11687817,0.0886623,0.3869638,0.141289,0.08230571,0.16321979612112048,20.712692864239216
0.007603408,0.036787193,0.17250864,0.03353865,0.0064560985,0.05137879848480225,16.79825794696808
0.13288653,0.18749312,0.32097787,0.047278926,0.3374649,0.20522026717662814,22.182709351181984
0.017119793,0.037633616,0.12776752,0.04820097,0.014665571,0.04907749351114035,16.717712272889912
0.19528922,0.16489181,0.63081914,0.10029914,0.19496743,0.2572533503174782,24.003867261111736
0.0019122561,0.005210606,0.045508582,0.0013268414,0.002722159,0.011336088925600053,15.396763112396002
0.16516365,0.34116137,0.4287798,0.069935486,0.47330245,0.2956685543060303,25.34839940071106
0.0049536517,0.004852248,0.28241113,0.003888296,0.0021911885,0.05965930246748031,17.08807558636181
0.060341496,0.10389653,0.66032845,0.035040557,0.048386786,0.18159876316785814,21.355956710875034
0.03850194,0.0519714,0.1693363,0.04708294,0.03912558,0.06920363232493401,17.42212713137269
0.010588158,0.049515825,0.16068353,0.034189645,0.045342695,0.060063970088958744,17.102238953113556
0.0016943605,0.0047450126,0.03784285,0.0018001264,0.005484583,0.010313386702910064,15.360968534601852
0.011588544,0.018603398,0.57890654,0.008086567,0.028366301,0.12911026906222106,19.518859417177737
0.10641375,0.16049877,0.22195509,0.034780353,0.26114827,0.15695924758911134,20.493573665618896
0.043218054,0.085681185,0.32664254,0.062473055,0.02419117,0.10844120159745219,18.795442055910826
0.06600198,0.18517575,0.56918985,0.0561255,0.07281021,0.18986065685749054,21.64512299001217
0.002280096,0.006006431,0.03938918,0.00095120753,0.005997086,0.010924799705389888,15.382367989688646
0.019984012,0.07328537,0.27533466,0.032693297,0.022379333,0.08473533391952516,17.96573668718338
0.001137999,0.004726139,0.05137986,0.0028619242,0.0011547464,0.012252133595757188,15.428824675851502
0.0061010253,0.008920759,0.08585091,0.0022380725,0.007858499,0.022193852998316287,15.77678485494107
0.039962314,0.026562588,0.38868907,0.027847663,0.015259458,0.09966421872377396,18.48824765533209
0.11236889,0.29100397,0.5086053,0.051456094,0.45788836,0.28426452428102494,24.949258349835873
0.19194219,0.37632146,0.72402906,0.12412957,0.35671636,0.3546277299523353,27.411970548331738
0.0048362003,0.013106281,0.0472062,0.005284922,0.028275171,0.019741755072027446,15.69096142752096
0.03211202,0.024680518,0.2576699,0.01358978,0.012803784,0.06817119959741831,17.38599198590964
0.01245899,0.04366647,0.10922407,0.051073756,0.021713827,0.04762742351740599,16.66695982310921
0.0018593284,0.01197564,0.058983766,0.0070382957,0.0019010721,0.01635162043385208,15.572306715184823
0.0028123586,0.009219265,0.04308155,0.006375129,0.024035946,0.01710484987124801,15.59866974549368
0.04690462,0.05285966,0.5500924,0.019022472,0.018606132,0.13749705664813522,19.81239698268473
0.002430988,0.013993918,0.08457294,0.014942024,0.0029595008,0.02377987434156239,15.832295601954684
0.018402148,0.04781452,0.11825669,0.023917187,0.10426658,0.06253142356872558,17.188599824905396
0.006734641,0.009368803,0.21524702,0.005302883,0.002165692,0.0477638078853488,16.671733275987208
0.0816955,0.13253123,0.26364535,0.035736836,0.2429367,0.15130912214517594,20.295819275081158
0.01397305,0.086605944,0.16903459,0.05352281,0.021461546,0.06891958713531494,17.412185549736023
0.07847486,0.18549886,0.42008263,0.020476151,0.16122527,0.17315155491232873,21.060304421931505
0.012385996,0.023902515,0.15312886,0.00753305,0.05926563,0.051243210397660735,16.793512363918126
0.00203568,0.010122688,0.06339554,0.00928739,0.0027645298,0.01752116493880749,15.613240772858262
0.041738708,0.07701629,0.60948175,0.015432171,0.29521453,0.2077766900882125,22.272184153087437
0.093302734,0.17181866,0.42612305,0.06250591,0.10851237,0.17245254516601563,21.035839080810547
0.01194613,0.031051386,0.15446395,0.028524589,0.025230894,0.05024338904768229,16.75851861666888
0.06603804,0.08539143,0.49404648,0.023835924,0.03479089,0.1408205531537533,19.928719360381365
0.19725661,0.24490127,0.53697103,0.1289908,0.24322686,0.270269313454628,24.45942597091198
0.002369652,0.013572698,0.08674619,0.008811688,0.004089091,0.023117864597588782,15.809125260915607
0.053769052,0.09328912,0.49599102,0.1245993,0.127599,0.17904949933290484,21.26673247665167
0.015052297,0.03041578,0.17656235,0.034178782,0.0099364845,0.053229139745235445,16.86301989108324
0.107518785,0.20945765,0.69726264,0.07149065,0.11223776,0.2395934984087944,23.385772444307804
0.05325832,0.15566203,0.29513037,0.03426234,0.07153368,0.12196934819221496,19.268927186727524
0.0016121124,0.012071106,0.067852214,0.009192074,0.0013149631,0.018408493767492474,15.644297281862237
0.0066021006,0.020916821,0.09778071,0.021997036,0.0047987862,0.03041909132152796,16.06466819625348
0.0028109015,0.009795839,0.05475992,0.010387163,0.0031946278,0.01618969012051821,15.566639154218137
0.004645013,0.014614318,0.13104777,0.0026610214,0.0038447147,0.0313625673763454,16.09768985817209
0.06962531,0.09828661,0.17695357,0.0595355,0.1268336,0.10624691769480706,18.718642119318247
0.00529779,0.05289092,0.16336547,0.05034928,0.0077574123,0.05593217397108675,16.957626088988036
0.012705369,0.024173617,0.18839128,0.030299954,0.06419191,0.06395242623984813,17.238334918394685
0.031286024,0.075342864,0.4489162,0.052765332,0.11784445,0.14523097276687622,20.083084046840668
0.05866395,0.071025565,0.22014898,0.049317732,0.13155238,0.10614172220230104,18.714960277080536
0.014294224,0.030896721,0.3980615,0.021386916,0.008806609,0.09468919672071933,18.314121885225177
0.17415504,0.32220587,0.56305814,0.06721376,0.40718666,0.30676389336586,25.7367362678051
0.0031869174,0.004954959,0.15259062,0.00091343495,0.007519529,0.03383309157798067,16.184158205229323
0.09603834,0.061912756,0.65987504,0.015948828,0.10474793,0.18770457804203036,21.56966023147106
0.019179016,0.023195028,0.53125125,0.0064062485,0.07614616,0.13123554158955814,19.593243955634534
0.00067324087,0.0020748659,0.036775798,0.00096906617,0.00090840267,0.008280274632852526,15.289809612149838
0.10699842,0.23340964,0.5584735,0.06924241,0.2157874,0.23678227961063386,23.287379786372185
0.03415847,0.055161275,0.11550669,0.08065112,0.08472751,0.07404101341962814,17.591435469686985
0.03218117,0.03864983,0.26230505,0.010507077,0.024312448,0.07359111532568932,17.575689036399126
0.17149282,0.2443483,0.36527035,0.049721718,0.36172336,0.23851130902767181,23.347895815968513
0.07581415,0.11467091,0.58059454,0.018119806,0.24078347,0.20599657483398917,22.20988011918962
0.0045154262,0.015782842,0.06681832,0.0057795555,0.0072618634,0.020031601376831534,15.701106048189104
0.0059595658,0.05573647,0.1431249,0.04909539,0.011859406,0.05315514486283064,16.860430070199072
0.09357001,0.15109289,0.30020946,0.08534957,0.25778773,0.177601931989193,21.216067619621754
0.03862813,0.112294436,0.33324134,0.06757458,0.035674565,0.11748261153697968,19.11189140379429
0.13030066,0.080684334,0.46593034,0.07321199,0.07265383,0.16455623060464858,20.7594680711627
0.125872,0.1776117,0.3194986,0.029840834,0.22268431,0.17510148733854294,21.128552056849003
0.02831477,0.022722188,0.3481343,0.022529967,0.010097967,0.08635984025895596,18.02259440906346
0.0062083253,0.012810662,0.08478992,0.0011554242,0.015469392,0.02408674410544336,15.843036043690518
0.24576531,0.3539821,0.53260773,0.13145724,0.42438638,0.33763975203037266,26.81739132106304
0.06686455,0.087447464,0.30535796,0.107115485,0.032945294,0.11994615122675896,19.198115292936563
0.01695397,0.050338324,0.15329133,0.06791207,0.011181441,0.05993542727082968,17.09773995447904
0.0055060694,0.022172967,0.098355,0.008824612,0.0058981073,0.028151351679116487,15.985297308769077
0.07421107,0.06683139,0.5876699,0.06775923,0.10394323,0.18008296489715578,21.30290377140045
0.119478546,0.15689623,0.42214206,0.026665095,0.30705464,0.2064473144710064,22.225656006485224
0.0023527483,0.011313786,0.055324122,0.006105202,0.0025491393,0.01552899950183928,15.543514982564375
0.10747749,0.2324331,0.65338516,0.06490056,0.39237595,0.29011445194482804,25.15400581806898
0.006127989,0.016805908,0.119055234,0.01698516,0.0037335786,0.032541573699563744,16.13895507948473
0.038308047,0.029859634,0.32799348,0.015339472,0.047653235,0.09183077421039343,18.21407709736377
0.062474247,0.079406165,0.6195624,0.023282116,0.07561823,0.17206862904131412,21.022402016445994
0.03216129,0.15898918,0.3886112,0.11303945,0.03142897,0.14484601691365243,20.069610591977835
0.04231944,0.046526656,0.34514812,0.026130486,0.033899788,0.09880489706993104,18.458171397447586
0.008267469,0.01170124,0.14062765,0.008820451,0.004908027,0.034864967875182624,16.220273875631392
0.0010679592,0.004588176,0.051278938,0.003573866,0.00082954054,0.012267695902846754,15.429369356599636
0.113845155,0.09541114,0.3854081,0.0922541,0.11287682,0.15995906293392181,20.598567202687263
0.23455688,0.3337571,0.67034936,0.17473619,0.34794295,0.3522684961557388,27.32939736545086
0.028530344,0.15069515,0.29625762,0.038259428,0.03442073,0.10963265225291252,18.83714282885194
0.0017666498,0.013414093,0.06821223,0.0116644725,0.0022813873,0.01946776728145778,15.681371854851022
0.051101185,0.08588847,0.14502501,0.023683969,0.24603209,0.11034614518284798,18.86211508139968
0.010662974,0.03892366,0.30027652,0.026271451,0.22851703,0.1209303254261613,19.232561389915645
0.0021716405,0.008940552,0.05219361,0.009778025,0.0027821457,0.015173195023089649,15.531061825808138
0.0028988943,0.010632449,0.065729275,0.014177683,0.004272618,0.01954218382015824,15.683976433705539
0.001953285,0.010137468,0.051740896,0.010461901,0.0031863449,0.015495978947728872,15.54235926317051
0.10583157,0.13457778,0.31950665,0.25590864,0.089608684,0.1810866639018059,21.338033236563206
0.07459973,0.071150884,0.5011919,0.017975323,0.10097104,0.15317777842283248,20.361222244799137
0.1837612,0.13909854,0.5116809,0.1305742,0.17203268,0.22742950320243835,22.960032612085342
0.003357309,0.011565828,0.06556818,0.011465955,0.0030649363,0.019004441285505894,15.665155444992706
0.00089081045,0.0036447519,0.043387476,0.0018846501,0.0012264894,0.010206835635472089,15.357239247241523
0.093334146,0.16880786,0.49569994,0.06778895,0.17483789,0.2000937581062317,22.00328153371811
0.15393312,0.39962673,0.6435437,0.13377555,0.2795145,0.32207872271537785,26.272755295038223
0.13695963,0.120378315,0.6567203,0.052714773,0.1251513,0.21838486045598984,22.643470115959644
0.017837908,0.038114965,0.09648814,0.06036056,0.029680602,0.048496434837579726,16.69737521931529
0.0072007966,0.015574718,0.34962386,0.0069958274,0.054380104,0.08675506096333266,18.036427133716643
0.055130467,0.13963054,0.41289854,0.14153595,0.02550482,0.1549400642514229,20.4229022487998
0.06827117,0.08942308,0.39177606,0.13197716,0.25368482,0.18702645599842072,21.545925959944725
0.0024129187,0.010440272,0.05577109,0.018378617,0.0024401022,0.01788860009983182,15.626101003494114
0.005976213,0.016518112,0.08818013,0.007624053,0.0069754054,0.025054783187806604,15.876917411573231
0.022829836,0.07691683,0.2097479,0.062394902,0.015729947,0.07752388194203377,17.713335867971182
0.18531413,0.24671435,0.4647334,0.194708,0.11767399,0.2418287754058838,23.464007139205933
0.040188517,0.076544024,0.5589866,0.014351,0.16604522,0.17122307289391756,20.992807551287115
0.14859146,0.1998147,0.3019737,0.040682748,0.23087859,0.18438824117183686,21.45358844101429
0.05427574,0.13712284,0.28454825,0.028572587,0.2752081,0.15594550110399724,20.458092538639903
0.10116418,0.19208784,0.4193706,0.031292997,0.2815282,0.2050887629389763,22.17810670286417
0.006352716,0.01081372,0.05200395,0.0061763255,0.0149035845,0.018050059117376806,15.631752069108188
0.04679751,0.2109297,0.4971132,0.023235025,0.21658519,0.1989321257919073,21.962624402716756
0.11882825,0.27926624,0.61552215,0.14260215,0.14479692,0.2602031409740448,24.107109934091568
0.0031640339,0.006123426,0.041389134,0.0019359316,0.018122982,0.014147101482376459,15.495148551883176
0.0009103522,0.0049220105,0.05355202,0.003188463,0.0010586946,0.012726308102719486,15.445420783595182
0.016782712,0.044317067,0.13924567,0.009009583,0.10404858,0.06268072314560413,17.193825310096145
0.1548259,0.21716352,0.5678828,0.056652755,0.31804773,0.26291453540325166,24.202008739113808
0.055434387,0.09225366,0.32681066,0.027879626,0.18320766,0.13711719885468485,19.79910195991397
0.049883313,0.16680796,0.44928268,0.13281699,0.035086814,0.16677555069327354,20.837144274264574
0.01480135,0.01601174,0.25383434,0.006978888,0.0036845657,0.05906217605806888,17.06717616203241
0.050248247,0.09350546,0.38824397,0.14515246,0.0242873,0.14028748832643032,19.91006209142506
0.029029896,0.04843266,0.46602613,0.01830387,0.016713463,0.11570120304822921,19.049542106688023
0.22934061,0.31251302,0.48701888,0.17999722,0.27519658,0.29681326448917394,25.388464257121086
0.0878934,0.19380723,0.7015676,0.056678306,0.100828655,0.2281550355255604,22.985426243394613
0.0010588992,0.005211167,0.041375518,0.0028471153,0.0013501792,0.010368575714528561,15.3629001500085
0.14583895,0.29538402,0.32814446,0.06449988,0.44177592,0.2551286444067955,23.929502554237843
0.0017157699,0.008512249,0.04715832,0.018836051,0.0018242291,0.015609323792159558,15.546326332725585
0.10284544,0.14839885,0.5933856,0.0620343,0.277861,0.23690503239631658,23.29167613387108
0.05850413,0.047124416,0.606955,0.010111327,0.12043313,0.16862559895962476,20.901895963586867
0.09749497,0.2693067,0.67559135,0.09174127,0.32570133,0.2919671207666397,25.21884922683239
0.032994978,0.08122578,0.22237638,0.009537015,0.047715448,0.07876992002129556,17.756947200745344
0.12000838,0.21854517,0.8456463,0.025743483,0.18089889,0.27816844843328004,24.7358956951648
0.0021488827,0.013562895,0.059807952,0.011552371,0.0023934245,0.017893105233088135,15.626258683158085
0.039712448,0.03702915,0.37030303,0.02570562,0.09825887,0.11420182436704636,18.997063852846622
0.0022390927,0.00765433,0.055797625,0.00359028,0.0028884863,0.0144339628983289,15.505188701441512
0.0020066823,0.010359946,0.0636504,0.006733968,0.0017911326,0.016908425604924563,15.59179489617236
0.046449643,0.08751972,0.26908046,0.011462917,0.053978417,0.0936982313171029,18.279438096098602
0.10940746,0.11668634,0.49585962,0.0829903,0.18537256,0.19806325733661653,21.932214006781578
0.004068642,0.018810349,0.07413756,0.025548927,0.0041941702,0.02535192985087633,15.887317544780672
0.00030687495,0.0024714814,0.024576923,0.0036109744,0.0005901519,0.00631128111272119,15.220894838945242
0.14558029,0.20097446,0.5139218,0.047059502,0.31481758,0.244470726698637,23.556475434452295
0.0010919513,0.0036712864,0.046242204,0.0018856424,0.0018932817,0.010956873069517314,15.383490557433106
0.005945131,0.008696009,0.061654177,0.0024747117,0.019709378,0.019695881474763158,15.68935585161671
0.08414148,0.26428795,0.5884402,0.035712436,0.40305284,0.275126975774765,24.629444152116776
0.0008064636,0.0056180516,0.041699827,0.0036481442,0.00096219743,0.0105469367117621,15.369142784911674
0.039679237,0.06475957,0.13930097,0.09868143,0.08232115,0.08494847118854523,17.973196491599083
0.24025993,0.21690185,0.6616724,0.09048632,0.21324609,0.284513321518898,24.95796625316143
0.0026301562,0.008022897,0.0387991,0.0071541877,0.0371855,0.01875836835242808,15.656542892334983
0.025223313,0.05389811,0.1766484,0.026897967,0.018291337,0.060191824287176135,17.106713850051165
0.22111233,0.32082084,0.48708415,0.082507275,0.29837725,0.2819803670048714,24.869312845170498
0.1389687,0.31405026,0.53032976,0.079518504,0.39776316,0.2921260789036751,25.224412761628628
0.0023287106,0.0148136495,0.062444795,0.01821203,0.003389271,0.020237691141664984,15.708319189958274
0.004075741,0.010495483,0.06609684,0.0015718387,0.010617521,0.018571485113352538,15.650001978967339
0.078276396,0.16935374,0.3875226,0.047177542,0.40642425,0.21775090768933297,22.621281769126654
0.0531062,0.15242215,0.23680538,0.02574951,0.10456627,0.1145299006253481,19.008546521887183
0.13554534,0.20270266,0.56997263,0.07235979,0.13410577,0.22293723970651624,22.80280338972807
0.0070312475,0.03678298,0.108069465,0.028830754,0.009002153,0.037943319696933035,16.328016189392656
0.010845133,0.014910432,0.5355507,0.004089654,0.04784024,0.12264723470434546,19.29265321465209
0.008097717,0.019414002,0.13532564,0.01932004,0.004753413,0.037382162269204856,16.30837567942217
0.041998472,0.077055976,0.20686604,0.021196952,0.14903352,0.09923019148409366,18.47305670194328
0.003399317,0.008853926,0.07942305,0.0019215231,0.0036278612,0.019445135025307536,15.680579725885764
0.083800755,0.12765716,0.25369474,0.0298024,0.25295871,0.14958275482058525,20.235396418720484
0.06675622,0.12828395,0.2026024,0.024144687,0.26869828,0.1380971059203148,19.833398707211018
0.0077418913,0.043542016,0.10287363,0.040987313,0.0066990643,0.04036878310143948,16.41290740855038
0.0026177608,0.0055312603,0.037367586,0.0030562733,0.014299438,0.012574463756754995,15.440106231486425
0.008317171,0.016911069,0.17887911,0.009819488,0.006899403,0.04416524851694703,16.545783698093146
0.004200506,0.019232959,0.10909155,0.0032655895,0.005432492,0.02824461925774813,15.988561674021184
0.16390355,0.17089614,0.30954653,0.10377477,0.15877002,0.1813782036304474,21.34823712706566
0.0025132715,0.0048597897,0.04467624,0.00096715364,0.01131033,0.012865357019472869,15.45028749568155
0.0061175083,0.01586027,0.09552901,0.0048935423,0.0048914365,0.02545835403725505,15.891042391303927
0.007370325,0.016680144,0.10833527,0.011868411,0.0045840056,0.02976763127371669,16.041867094580084
0.006449896,0.014592161,0.103924476,0.001213596,0.007348536,0.026705732988193634,15.934700654586777
0.05763744,0.08682233,0.17913781,0.021939319,0.088769116,0.08686120286583901,18.040142100304365
0.15587506,0.2933396,0.56686074,0.06565178,0.350929,0.2865312352776528,25.028593234717846
0.035362046,0.15163083,0.3254952,0.07696593,0.031615563,0.12421391680836678,19.347487088292837
0.07905618,0.06708062,0.27982947,0.13346864,0.119411714,0.13576932549476622,19.75192639231682
0.01744586,0.067466795,0.2126171,0.037834335,0.023019787,0.07167677544057369,17.50868714042008
0.0400002,0.06531941,0.6847508,0.016868155,0.02832183,0.16705207861959936,20.846822751685977
0.16392508,0.33976,0.5439247,0.056437816,0.39973032,0.30075558349490167,25.526445422321558
0.008738674,0.028385358,0.1199371,0.007755489,0.07141306,0.04724593665450812,16.653607782907784
0.17858881,0.19004573,0.589331,0.09451267,0.15664089,0.24182381331920624,23.46383346617222
0.044690613,0.032289106,0.60853696,0.011485774,0.01876094,0.1431526783853769,20.010343743488193
0.10789826,0.112036474,0.6371511,0.10885786,0.13829806,0.22084835618734358,22.729692466557026
0.012715445,0.034421023,0.23859484,0.045578714,0.18200463,0.10266293156892062,18.59320260491222
0.0017342947,0.0031788251,0.042564284,0.0011257313,0.011652132,0.012051053345203398,15.421786867082119
0.10134694,0.06789813,0.69058865,0.03754105,0.055635884,0.19060213193297385,21.671074617654085
0.11612688,0.32496813,0.6139533,0.0579605,0.43327317,0.3092563934624195,25.823973771184683
0.020063855,0.016685314,0.43029618,0.0041626054,0.032467563,0.10073510399088265,18.525728639680892
0.014749456,0.049844608,0.1578688,0.035641637,0.0134206,0.054305020719766624,16.90067572519183
0.013219693,0.017923336,0.39573592,0.007274159,0.014492196,0.08972906079143286,18.14051712770015
0.11547591,0.07317664,0.69338244,0.026665213,0.071702145,0.196080468967557,21.862816413864493
0.004576331,0.011788276,0.06314329,0.0040918184,0.0049997694,0.017719897069036962,15.620196397416294
0.04179978,0.030959822,0.59499675,0.0045073293,0.03677575,0.1418078862130642,19.963276017457247
0.013330489,0.025785817,0.21555138,0.037401743,0.04398786,0.06721145696938038,17.352400993928313
0.060885817,0.15738186,0.40306383,0.021925954,0.22010197,0.1726718869060278,21.043516041710973
0.002033995,0.016311243,0.06337444,0.012488218,0.0019916487,0.01923990845680237,15.673396795988083
0.06236183,0.095840685,0.5319572,0.028174685,0.3048614,0.2046391610056162,22.162370635196567
0.0152743915,0.04212353,0.11720802,0.01734786,0.10918701,0.06022816132754088,17.10798564646393
0.0006734632,0.0051144813,0.031168029,0.009309423,0.0011789078,0.00948886084370315,15.33211012952961
0.000592847,0.004295709,0.03880871,0.0029725244,0.0006352487,0.00946100801229477,15.331135280430317
0.18462296,0.20689763,0.7761494,0.06560117,0.27712843,0.3020799160003662,25.572797060012817
0.0054058665,0.008092222,0.20377228,0.0029798353,0.008579084,0.04576585679315031,16.60180498776026
0.023719564,0.03553005,0.43796322,0.0064591155,0.011248739,0.10298413718119265,18.604444801341742
0.0022624193,0.00642482,0.046568643,0.0051923255,0.007075815,0.013504804624244571,15.47266816184856
0.018452551,0.02681679,0.10582531,0.0101565,0.014734214,0.03519707378000021,16.231897582300007
0.005763423,0.014195069,0.08394384,0.004731182,0.005354352,0.02279757242649794,15.797915034927428
0.0017609693,0.005619565,0.046192963,0.0031685806,0.0040798895,0.01216439341660589,15.425753769581206
0.0051040393,0.0065672197,0.13425042,0.0024525588,0.0053110286,0.030737052764743568,16.075796846766025
0.16162737,0.21631894,0.44936946,0.06245433,0.390922,0.2561384208500385,23.96484472975135
0.03759341,0.16625677,0.8452599,0.026174845,0.37406412,0.28986980952322483,25.14544333331287
0.0028522764,0.011326141,0.08032838,0.0065479227,0.0017784492,0.0205666343215853,15.719832201255485
0.002661624,0.012623707,0.071397796,0.0060259607,0.0017442087,0.018890659301541747,15.661173075553961
0.0004147919,0.0012451948,0.025294388,0.0004306476,0.0009763225,0.005672268907073886,15.198529411747586
0.0025569652,0.0053532957,0.14987314,0.00062971294,0.021538425,0.035990307317115375,16.259660756099038
0.07645015,0.1612831,0.23816603,0.025848638,0.38303375,0.17695633545517922,21.193471740931273
0.12533213,0.28944534,0.74413484,0.09482873,0.36499044,0.32374629825353624,26.331120438873768
0.15543188,0.21970059,0.70266175,0.10488096,0.29433113,0.29540126323699956,25.339044213294983
0.03076112,0.035313062,0.12489676,0.02151299,0.06403362,0.05530351027846337,16.935622859746218
0.03979308,0.07456259,0.20521198,0.024007896,0.1387478,0.09646466858685018,18.376263400539756
0.06570545,0.09949766,0.1646318,0.027567618,0.15165083,0.10181067138910294,18.563373498618603
0.009390598,0.04670331,0.17189929,0.017171059,0.008327627,0.05069837626069784,16.774443169124424
0.056047004,0.102682896,0.16328275,0.061296046,0.18718423,0.11409858539700508,18.993450488895178
0.08470379,0.07553105,0.6905881,0.05038237,0.21106389,0.2224538430571556,22.785884507000446
0.02238484,0.07831837,0.15710934,0.010671448,0.06803164,0.06730312667787075,17.355609433725476
0.01666479,0.049660537,0.09872941,0.014222593,0.15245779,0.06634702365845442,17.322145828045905
0.012827306,0.023712173,0.19313641,0.009666158,0.058191318,0.059506672807037836,17.082733548246324
0.028548833,0.0331771,0.54813695,0.004365258,0.067713656,0.13638835921883585,19.773592572659254
0.0008599869,0.0056166505,0.03901795,0.004117869,0.0012494904,0.010172389168292285,15.35603362089023
0.007018781,0.033458687,0.10090785,0.038637627,0.013138447,0.03863227786496282,16.3521297252737
0.025631825,0.05159537,0.101244785,0.014302436,0.09956061,0.058467005565762516,17.046345194801688
0.061648384,0.08837275,0.25267366,0.018398361,0.24284735,0.13278810121119022,19.647583542391658
0.1050273,0.27552453,0.48753914,0.10021136,0.1305524,0.21977094560861588,22.691983096301556
0.0035138465,0.014591276,0.08067524,0.008361889,0.003317191,0.022091887844726446,15.773216074565426
0.0024431266,0.014381748,0.05975805,0.020698257,0.0036211452,0.020180464955046773,15.706316273426637
0.1560534,0.30883193,0.62991273,0.050920643,0.31671727,0.2924871936440468,25.237051777541637
0.09466673,0.07815314,0.33592454,0.076450005,0.10929645,0.13889817148447037,19.861436001956463
0.001003358,0.008945971,0.040846255,0.010264455,0.0012800199,0.012468011747114361,15.436380411149003
0.003168132,0.0073112487,0.052666694,0.0050109476,0.020815033,0.017794411117210984,15.622804389102384
0.15138195,0.25025824,0.5902556,0.07643261,0.34009185,0.2816840544342995,24.85894190520048
0.079985805,0.1483828,0.4844798,0.03518195,0.34908244,0.21942256167531016,22.679789658635855
0.021573337,0.039038874,0.18366392,0.026966196,0.0094209295,0.05613265112042427,16.96464278921485
0.21080188,0.2822554,0.5791955,0.18366389,0.20584205,0.2923517465591431,25.232311129570007
0.07042834,0.14553599,0.4363006,0.0790943,0.04744267,0.15576038137078285,20.4516133479774
0.043969076,0.22928369,0.4746372,0.11440297,0.056456216,0.18374983295798303,21.431244153529406
0.010436411,0.018484283,0.08310034,0.005118248,0.028829142,0.029193685203790665,16.021778982132673
0.0048570186,0.019398607,0.12270514,0.02827956,0.009624735,0.03697301205247641,16.294055421836674
0.008354605,0.07763481,0.18550669,0.03812347,0.012813413,0.06448659710586072,17.257030898705125
0.0014392128,0.005499076,0.043694,0.007512611,0.0025067017,0.012130320444703102,15.424561215564609
0.017275153,0.030912843,0.09545481,0.009393921,0.063848324,0.043377010524272924,16.518195368349552
0.01337834,0.048008714,0.12758413,0.024797382,0.012339273,0.0452215675264597,16.58275486342609
0.0040008784,0.009632556,0.07232495,0.0011770255,0.027466021,0.022920285537838935,15.802209993824363
0.005345613,0.021995215,0.08340732,0.019607227,0.004607831,0.02699264129623771,15.94474244536832
0.004312036,0.013055882,0.07869606,0.007895062,0.003517664,0.021495340298861267,15.752336910460144
0.0036223806,0.0106749525,0.06359683,0.012603758,0.0056908075,0.01923774564638734,15.673321097623557
0.025770528,0.06484571,0.20125411,0.009046287,0.09656691,0.07949670981615782,17.782384843565524
0.17008936,0.20658506,0.5089811,0.12188036,0.32040536,0.2655882522463799,24.295588828623295
0.024798166,0.07314605,0.20134518,0.013881619,0.027401252,0.0681144529953599,17.384005854837596
0.06809951,0.09142121,0.5320022,0.029009541,0.2937987,0.20286623798310757,22.100318329408765
0.046510834,0.03724713,0.22292627,0.01290633,0.03421888,0.07076188959181309,17.476666135713458
0.000825427,0.0038393713,0.039704267,0.0022036552,0.0010372645,0.009521996974945069,15.333269894123077
0.17513719,0.22136089,0.62045383,0.083868176,0.33879644,0.28792330622673035,25.077315717935562
0.0036616256,0.02212568,0.09718702,0.014265202,0.005723014,0.028592508286237717,16.00073779001832
0.009076345,0.08559107,0.1969997,0.078483194,0.015603535,0.07715076860040426,17.70027690101415
0.0029398575,0.016158579,0.05907159,0.026574869,0.0029160355,0.02153218598105014,15.753626509336755
0.0666479,0.11404219,0.17588437,0.101530515,0.15594451,0.12280989736318589,19.298346407711506
0.056211907,0.08790302,0.6155775,0.036065172,0.048434824,0.16883848905563356,20.909347116947174
0.008131494,0.046708044,0.12076882,0.024943558,0.007576796,0.04162574298679829,16.45690100453794
0.015523049,0.035752818,0.21066335,0.02144887,0.11730518,0.0801386533305049,17.80485286656767
0.0032513477,0.030118851,0.0962436,0.02633157,0.0050520417,0.03219948159530759,16.126981855835766
0.0005371944,0.003366939,0.03456469,0.002881896,0.0007885608,0.008427855803165584,15.294974953110795
0.0022373314,0.004783444,0.05099997,0.0007113968,0.004558532,0.012658134708181026,15.443034714786336
0.0150341755,0.04160835,0.1610217,0.00781655,0.051323596,0.05536087304353714,16.9376305565238
0.031251736,0.06028504,0.18713903,0.011775196,0.1692264,0.0919354796409607,18.217741787433624
0.01337335,0.033564493,0.07881905,0.017607877,0.044487495,0.037570453248918056,16.314965863712132
0.0017319699,0.0074844407,0.051191676,0.0075454805,0.0023191308,0.014054539659991861,15.491908888099715
0.03154311,0.06409759,0.17592978,0.047521222,0.0216196,0.06814226135611534,17.384979147464037
0.12225919,0.13470009,0.5466601,0.119643964,0.06383368,0.19741940945386885,21.90967933088541
0.06575139,0.1314502,0.75189495,0.05542164,0.3078114,0.2624659188091755,24.186307158321142
0.1689036,0.19036034,0.4246423,0.14620236,0.34066755,0.25415522754192355,23.895432963967323
0.003570185,0.009852433,0.07505589,0.015205955,0.004047172,0.021546326950192454,15.754121443256736
0.048547495,0.064119995,0.33835578,0.06160647,0.19424574,0.14137509614229202,19.94812836498022
0.019725356,0.021174822,0.16377857,0.00381736,0.02025875,0.04575097244232893,16.601284035481513
0.0019544435,0.009219339,0.051692873,0.016107589,0.0071392185,0.017222692677751183,15.602794243721291
0.25826222,0.357946,0.6355341,0.20506963,0.3664506,0.3646525144577027,27.762838006019592
0.13854167,0.31991115,0.5965435,0.116933286,0.17564528,0.2695149749517441,24.433024123311043
0.0019438862,0.00840348,0.055340584,0.010998176,0.0037853513,0.016094295657239858,15.563300348003395
0.003944296,0.006684867,0.048627276,0.0020033724,0.020246886,0.016301339445635676,15.570546880597249
0.022775346,0.03862893,0.090275116,0.008371134,0.05042884,0.04209587331861258,16.47335556615144
0.007851167,0.021588389,0.12118101,0.010285811,0.0053145564,0.03324418673291803,16.16354653565213
0.027026393,0.0639713,0.17256798,0.054116815,0.02616264,0.06876902580261231,17.40691590309143
0.003517134,0.010422582,0.067588024,0.013732584,0.0039692656,0.01984591791406274,15.694607126992196
0.000554955,0.0012412759,0.031101739,0.00045569867,0.0014182997,0.006954393669730052,15.243403778440552
0.08853475,0.24646229,0.4069593,0.031059105,0.46699372,0.24800183102488518,23.68006408587098
0.019793516,0.038717292,0.2173547,0.01650114,0.028430717,0.06415947303175927,17.245581556111574
0.030616136,0.03428017,0.27635583,0.03591328,0.03421606,0.08227629624307158,17.879670368507504
0.001185425,0.0041073347,0.04094795,0.0045268396,0.0020953552,0.010572581156156958,15.370040340465494
0.09168955,0.12146742,0.6725894,0.09771586,0.26900437,0.2504933252930641,23.767266385257244
0.06540832,0.08173214,0.37355417,0.028160248,0.2111325,0.15199747458100318,20.31991161033511
0.123984195,0.14571685,0.6872239,0.07294903,0.2424487,0.2544645369052887,23.906258791685104
0.008794138,0.022029063,0.07697495,0.024901252,0.04158727,0.034857334941625594,16.220006722956896
0.05301148,0.13716501,0.5466709,0.035509948,0.38233665,0.23093879967927933,23.082857988774776
0.05546683,0.08680025,0.17511372,0.14077953,0.1500052,0.12163310647010803,19.25715872645378
0.00046822763,0.0018692751,0.036416017,0.0014228426,0.0008230335,0.008199879078892991,15.286995767761255
0.002625803,0.0070913834,0.05316463,0.0052705607,0.0036044028,0.014351356215775013,15.502297467552125
0.04285566,0.06219638,0.25006565,0.053344484,0.019019628,0.08549636192619801,17.99237266741693
0.0011567252,0.0025690773,0.03164432,0.0014530426,0.009415151,0.009247662802226842,15.32366819807794
0.035127744,0.04504837,0.14169577,0.06376652,0.058338586,0.06879539713263512,17.40783889964223
0.017586248,0.049576093,0.17105,0.046225276,0.018658109,0.06061914451420307,17.121670057997108
0.15493946,0.23296541,0.6896223,0.062209252,0.34170398,0.296288076788187,25.370082687586546
0.0004403096,0.0028681362,0.034401216,0.002537459,0.00065844576,0.008181113208411262,15.286338962294394
0.050319236,0.10355569,0.5283924,0.04392056,0.03551034,0.15233963951468468,20.331887383013964
0.026316212,0.08906428,0.31564558,0.028288655,0.023506004,0.09656414501369001,18.37974507547915
0.005667881,0.016830595,0.06805667,0.0051863487,0.0064006397,0.020428427495062348,15.714994962327182
0.027803347,0.0409174,0.41056478,0.014337893,0.013429979,0.101410679705441,18.549373789690435
0.008816408,0.01315907,0.21246733,0.01563865,0.0046684984,0.05094999074935913,16.78324967622757
0.103549585,0.108597964,0.53297913,0.05267295,0.2664839,0.2128567062318325,22.449984718114138
0.024295075,0.032924518,0.38272753,0.04670175,0.009977963,0.09932536818087101,18.476387886330485
0.10701171,0.23478013,0.48035353,0.044108905,0.43960658,0.26117217242717744,24.14102603495121
0.23480375,0.35745504,0.46378806,0.11624515,0.38119254,0.3106969088315964,25.874391809105873
0.016633391,0.0144321555,0.19203544,0.0021938893,0.011316363,0.047322247130796316,16.65627864957787
0.13204847,0.16383858,0.60590017,0.10051113,0.30526486,0.2615126430988312,24.15294250845909
0.002451563,0.0138814505,0.053853687,0.0232009,0.0033975502,0.019357030000537637,15.677496050018817
0.07470747,0.08659972,0.23904553,0.035979245,0.22058624,0.13138364180922507,19.598427463322878
0.13776833,0.14145282,0.48849887,0.07338677,0.13172455,0.19456626772880556,21.809819370508194
0.023718012,0.033925295,0.4531173,0.01059212,0.05937648,0.1161458432674408,19.065104514360428
0.15472598,0.3327886,0.53483665,0.07437399,0.45236608,0.30981825888156894,25.843639060854912
0.0015687945,0.0029178953,0.054882243,0.0010782497,0.0027076658,0.012630969705060125,15.442083939677104
0.0022707344,0.0044043637,0.06989989,0.0013649098,0.0016172382,0.01591142658144236,15.556899930350482
0.07231042,0.10704775,0.5225108,0.03260173,0.31524938,0.20994402170181276,22.348040759563446
0.0007858614,0.0058303233,0.039120723,0.009015652,0.001693613,0.01128923452924937,15.395123208523728
0.08700546,0.18615963,0.84005284,0.03345362,0.18404089,0.26614248752594,24.314987063407898
0.0010035593,0.0036243277,0.037275955,0.003032668,0.002856602,0.009558622422628105,15.334551784791984
0.25149584,0.29920232,0.40237433,0.14336576,0.22422835,0.2641333192586899,24.244666174054146
0.0017525718,0.014364481,0.056084692,0.012055722,0.0018200047,0.017215494392439724,15.60254230373539
0.012505224,0.032813318,0.15755618,0.03226975,0.13308343,0.07364558018743993,17.577595306560397
0.16263548,0.19203945,0.7098292,0.09964648,0.30519128,0.2938683778047562,25.285393223166466
0.025338218,0.05484896,0.10329145,0.037847582,0.08707636,0.06168051436543465,17.158818002790213
0.009855028,0.035218306,0.08808203,0.06917603,0.018860301,0.04423833973705769,16.54834189079702
0.0040657506,0.009182746,0.054909248,0.0030511096,0.0062148515,0.015484741050750019,15.54196593677625
0.0008352013,0.001837919,0.026939953,0.0006925895,0.0058195153,0.007225035573355854,15.252876245067455
0.0041507687,0.021658277,0.08577041,0.01605052,0.0046305684,0.026452109403908255,15.925823829136789
0.09276959,0.2310644,0.41893414,0.04673521,0.44745228,0.24739112183451653,23.65868926420808
0.11182828,0.1292364,0.3953024,0.050953165,0.2971827,0.1969005942344666,21.89152079820633
0.01610598,0.028775744,0.13950548,0.016747208,0.06794335,0.05381555147469044,16.883544301614165
0.16366045,0.2859127,0.7036085,0.142108,0.37217775,0.3334934800863266,26.67227180302143
0.037880678,0.13581137,0.21739566,0.12511355,0.030266019,0.10929345600306989,18.825270960107446
0.0007010561,0.003122562,0.042827226,0.0011962702,0.0012267032,0.009814763558097184,15.343516724533401
0.0022050447,0.0100505,0.1626788,0.0053171734,0.07082105,0.05021451157517731,16.757507905131206
0.013447884,0.022109222,0.10162791,0.0033919637,0.04621544,0.03735848371870816,16.307546930154786
0.0058779945,0.011174895,0.29916206,0.0025010388,0.053273506,0.07439789893105626,17.60392646258697
0.1696245,0.2287202,0.30604845,0.10526367,0.30257747,0.22244686037302017,22.785640113055706
0.11784454,0.08006121,0.75546145,0.025466183,0.1484357,0.22545381672680376,22.890883585438132
0.01828127,0.03528249,0.13469389,0.012179381,0.036453027,0.04737801160663367,16.658230406232178
0.010184741,0.020383045,0.31326318,0.012942128,0.0043739,0.07222939832136036,17.528028941247612
0.11557962,0.2986909,0.76554096,0.07996863,0.23623398,0.2992028146982193,25.472098514437675
0.015345357,0.019126939,0.107847475,0.0105129825,0.020767108,0.0347199721261859,16.215199024416506
0.122741334,0.18230776,0.7282924,0.0596207,0.23757608,0.26610765755176546,24.31376801431179
0.0019135709,0.014028331,0.07481867,0.008724196,0.0021909103,0.020335135818459093,15.711729753646068
0.005326836,0.021488069,0.08133053,0.0171416,0.0042463993,0.025906686671078205,15.906734033487737
0.0016036349,0.005187313,0.05101502,0.0022745545,0.0017626171,0.012368627800606193,15.432901973021217
0.013438896,0.08474704,0.18353455,0.039082743,0.015987625,0.06735817026346923,17.357535959221423
0.1075971,0.088858545,0.32173786,0.067261085,0.14294612,0.14568014144897462,20.09880495071411
0.08599582,0.099808715,0.46888217,0.029865438,0.03130704,0.14317183829844,20.0110143404454
0.035762884,0.07430931,0.39516518,0.11292288,0.05802806,0.13523766174912452,19.73331816121936
0.11213774,0.08083934,0.5764851,0.08140342,0.116788335,0.19353078752756117,21.77357756346464
0.0031733722,0.0158859,0.057696726,0.02392221,0.0057307,0.021281781978905203,15.744862369261682
0.1293648,0.28985384,0.5458402,0.08276747,0.41150743,0.2918667495250702,25.215336233377457
0.046715636,0.124240644,0.30109245,0.030853944,0.04339749,0.10926003195345402,18.82410111837089
0.08232584,0.1677559,0.4919472,0.10056674,0.045441397,0.1776074156165123,21.21625954657793
0.0039874217,0.01351163,0.0949197,0.0045217946,0.004007139,0.024189536273479462,15.846633769571781
0.13183017,0.3321555,0.49795207,0.066613525,0.46780953,0.299272158741951,25.474525555968285
0.0010803688,0.0066969604,0.044109263,0.0066234665,0.001730901,0.01204819183330983,15.421686714165844
0.00057507306,0.0017473539,0.023266202,0.0008652007,0.0047999416,0.00625075421994552,15.218776397698093
0.0077464897,0.027624175,0.11496465,0.00819646,0.007082757,0.0331229061819613,16.159301716368645
0.0008820204,0.0033843603,0.030842775,0.006436709,0.00578613,0.009466399054508657,15.331323966907803
0.029266164,0.024376601,0.6656442,0.0061910274,0.02011885,0.14911937396973374,20.21917808894068
0.12065437,0.21738872,0.3614814,0.14772032,0.21135436,0.2117198333144188,22.410194166004658
0.0039599957,0.016271057,0.10735051,0.010145222,0.0033137954,0.02820811658166349,15.987284080358222
0.00076134695,0.007371109,0.039164484,0.009128178,0.0010472649,0.011494476383086294,15.40230667340802
0.0033928487,0.014640455,0.10056096,0.0051793293,0.0024340255,0.025241524353623392,15.883453352376819
0.014187204,0.04473316,0.11825136,0.006242155,0.01893302,0.04046937990933657,16.41642829682678
0.12898226,0.3175734,0.6740217,0.16514067,0.42289406,0.3417224228382111,26.960284799337387
0.1580704,0.28721562,0.66069925,0.11871432,0.38371056,0.3216820299625397,26.25887104868889
0.1714835,0.18455073,0.71289515,0.041144677,0.13452822,0.24892045706510543,23.71221599727869
0.014319467,0.016220067,0.33264986,0.01269726,0.030826418,0.081342613697052,17.84699147939682
0.00085340586,0.0020984774,0.028513696,0.00049875095,0.0034376988,0.007080405822489411,15.24781420378713
0.009488424,0.029616669,0.07957636,0.05398122,0.018610872,0.03825470842421055,16.33891479484737
0.0005100727,0.0013142169,0.030107277,0.0003983137,0.0009238115,0.006650738260941581,15.232775839132955
0.012552856,0.10970065,0.21153194,0.061061136,0.016440248,0.08225736543536187,17.879007790237665
0.009036213,0.021685626,0.32561105,0.020666294,0.071379304,0.08967569842934608,18.138649445027113
0.02043835,0.043534283,0.10999887,0.07318446,0.036380943,0.056707380712032324,16.98475832492113
0.004238825,0.023254367,0.079389706,0.029770691,0.0041400758,0.028158732876181602,15.985555650666356
0.18120292,0.31232178,0.4607962,0.043489493,0.3528691,0.2701358988881111,24.45475646108389
0.0037301413,0.007767409,0.0557596,0.0018445565,0.013250282,0.016470398055389524,15.576463931938633
0.0011780092,0.008296262,0.05005211,0.0071741645,0.0014968208,0.013639473239891231,15.477381563396193
0.07370309,0.15761141,0.55969554,0.019550126,0.33058745,0.2282295234501362,22.988033320754766
0.027297948,0.048360948,0.46875554,0.032561984,0.026818514,0.12075898721814156,19.226564552634954
0.14948396,0.3509535,0.7227546,0.099996656,0.3345074,0.33153922259807583,26.603872790932655
0.15812603,0.15415879,0.4646539,0.14017566,0.20882091,0.22518705725669863,22.88154700398445
0.017056594,0.04213284,0.10050879,0.018997617,0.0446116,0.04466148726642132,16.563152054324746
0.001900219,0.00664924,0.036471564,0.0021577186,0.037567392,0.01694922677706927,15.593222937197424
0.25863335,0.25350776,0.41443774,0.21757932,0.26847142,0.28252591788768766,24.88840712606907
0.016759641,0.066431046,0.1805021,0.0181847,0.01621062,0.05961762145161629,17.08661675080657
0.06545655,0.19606759,0.4877941,0.09808998,0.2054363,0.21056890338659287,22.36991161853075
0.05009314,0.10454881,0.34177843,0.015348146,0.062392753,0.1148322556167841,19.019128946587443
0.16209193,0.28174433,0.4035853,0.046627376,0.38335663,0.25548111572861676,23.941839050501585
0.14197376,0.18130724,0.59395564,0.1067737,0.1280887,0.23041980713605884,23.06469324976206
0.04818684,0.03714065,0.36529163,0.035874832,0.025839271,0.10246664322912694,18.586332513019443
0.0018528125,0.003704174,0.053497963,0.0021212809,0.0035882622,0.012952898442745208,15.453351445496082
0.032427542,0.105935544,0.3280382,0.04223831,0.08553591,0.11883509904146194,19.159228466451168
0.10631434,0.2010355,0.5690983,0.03438471,0.23642205,0.22945097759366037,23.030784215778112
0.0045625283,0.009050251,0.058045708,0.0023631025,0.005041282,0.015812574326992037,15.553440101444721
0.1492795,0.20333582,0.49973938,0.15786687,0.3644221,0.27492873668670653,24.62250578403473
0.009031833,0.03852107,0.09633262,0.008803596,0.0179865,0.03413512334227562,16.194729316979647
0.034131877,0.05099567,0.16115129,0.06387663,0.047174983,0.07146608978509904,17.501313142478466
0.0013772255,0.005039854,0.04858688,0.002691298,0.0016362135,0.011866293987259269,15.415320289554074
0.0039518713,0.0064507606,0.10356565,0.0008994644,0.004291524,0.02383185374783352,15.834114881174173
0.01589499,0.035685647,0.112404324,0.010239305,0.1186926,0.05858337320387364,17.050418062135577
0.01033908,0.016598828,0.14989269,0.004761688,0.0060668797,0.03753183279186488,16.31361414771527
0.04279821,0.034175117,0.3241123,0.015614364,0.010423383,0.08542467392981054,17.98986358754337
0.0023650022,0.012554445,0.062810555,0.013456547,0.0035403278,0.018945375410839918,15.663088139379397
0.019564088,0.03515747,0.10117634,0.031479064,0.05963151,0.04940169379115105,16.729059282690287
0.10031193,0.1500062,0.45233384,0.068436466,0.124558374,0.17912936210632321,21.269527673721313
0.0018997019,0.0044230875,0.05486413,0.0036453428,0.0031667317,0.013599798944778741,15.475992963067256
0.110840246,0.25475988,0.67532086,0.056079887,0.33987913,0.28737599998712543,25.05815999954939
0.09200685,0.055921327,0.53635854,0.03637206,0.0536767,0.15486709401011467,20.420348290354013
0.10841112,0.2846465,0.76189464,0.09814134,0.40520784,0.3316602915525437,26.608110204339027
0.015684646,0.031527154,0.08924075,0.0051924484,0.044999205,0.03732884097844363,16.306509434245527
0.0005802402,0.0030967395,0.035128098,0.0025001587,0.0008175865,0.00842456459067762,15.294859760673717
0.01864339,0.021604126,0.33606827,0.02061888,0.017954031,0.08297774009406567,17.9042209032923
0.08632707,0.16771403,0.5883408,0.033036523,0.3689557,0.24887482821941376,23.71061898767948
0.001602806,0.010871673,0.058322173,0.007871209,0.0017404906,0.01608167018275708,15.562858456396498
0.027691176,0.0635115,0.19933857,0.011044523,0.12003332,0.08432381674647332,17.951333586126566
0.0025945492,0.011145874,0.05181377,0.005090669,0.06716062,0.02756109666079283,15.964638383127749
0.0021327508,0.0057392977,0.12958458,0.0020391024,0.0009469516,0.028088536637369543,15.983098782307934
0.001594615,0.0098133795,0.05635687,0.009998936,0.0023766218,0.016028084442950785,15.560982955503277
0.061613955,0.09474686,0.27568656,0.018839514,0.04535384,0.09924814589321614,18.473685106262565
0.11378064,0.11496591,0.55359817,0.119676135,0.20394611,0.22119339257478715,22.74176874011755
0.06849673,0.08195052,0.5431523,0.06063383,0.038308877,0.15850844606757167,20.547795612365007
0.06470391,0.14571403,0.34051985,0.022049526,0.2675252,0.1681025017052889,20.88358755968511
0.009658925,0.026720652,0.18937762,0.012884599,0.008026666,0.049333692714571956,16.72667924501002
0.023093669,0.051085986,0.14484811,0.0075900783,0.031577498,0.05163906784728169,16.80736737465486
0.20446287,0.3134679,0.6924054,0.18618262,0.38090926,0.35548560917377475,27.441996321082115
0.031737134,0.024430664,0.5714066,0.0060709273,0.103807986,0.14749066280201076,20.162173198070377
0.07239065,0.13824423,0.5127146,0.023780797,0.06577712,0.16258148476481438,20.690351966768503
0.0026154972,0.013021011,0.060104366,0.015207876,0.003696114,0.018928973004221916,15.662514055147767
0.0011232664,0.0028902267,0.058955517,0.0012192619,0.0009463225,0.013026918831747026,15.455942159111146
0.01835427,0.024397807,0.13037167,0.0096555045,0.03268175,0.043092201091349126,16.50822703819722
0.07143104,0.14351803,0.64730895,0.076935776,0.2112115,0.2300810590386391,23.052837066352367
0.053724483,0.097505726,0.31747895,0.017821474,0.23305638,0.14391740374267104,20.037109130993485
0.0051576803,0.028745001,0.087849244,0.015903413,0.008149856,0.029161038994789123,16.02063636481762
0.0073954184,0.026840601,0.08650692,0.04584991,0.028120423,0.03894265368580818,16.362992879003286
0.07688873,0.0871554,0.51061,0.063987896,0.056032117,0.15893482640385628,20.56271892413497
0.04110816,0.05624485,0.37649867,0.0060841423,0.032375883,0.10246234126389027,18.58618194423616
0.019318486,0.05617651,0.18102029,0.029360672,0.01201995,0.05957918148487806,17.085271351970732
0.013197896,0.013601726,0.31350932,0.0023821068,0.007821437,0.07010249621234833,17.453587367432192
0.105375804,0.22934476,0.57435673,0.064689726,0.4185895,0.27847130447626117,24.74649565666914
0.0012646634,0.005382969,0.046826214,0.0025108985,0.00177594,0.011552136903628706,15.404324791627005
0.1675562,0.19768207,0.7802518,0.050869197,0.22089738,0.28345132768154147,24.92079646885395
0.030041765,0.044866074,0.28394186,0.08397165,0.013946134,0.0913534974679351,18.197372411377728
0.111349,0.17611831,0.41530642,0.121948145,0.07517929,0.17998023331165316,21.29930816590786
0.03030821,0.055447295,0.118323475,0.014562167,0.11992397,0.06771302372217179,17.369955830276012
0.02396904,0.06421605,0.23339958,0.021336032,0.09743637,0.08807141445577145,18.082499505952
0.0017341932,0.008521526,0.049602274,0.009443062,0.0023134362,0.014322898350656033,15.501301442272961
0.0037781692,0.008392274,0.07636529,0.0012705505,0.003830842,0.018727425625547765,15.655459896894172
0.009916769,0.016476402,0.19114225,0.0039420407,0.0054037543,0.045376242510974406,16.588168487884104
0.0066122506,0.017041795,0.05474839,0.0054154405,0.03816496,0.02439656686037779,15.853879840113223
0.060487878,0.20443593,0.83074456,0.031909037,0.33525193,0.29256586730480194,25.239805355668068
0.059040923,0.23056136,0.6515118,0.12957369,0.11911033,0.23795961812138558,23.328586634248495
0.008369433,0.04732227,0.15553555,0.047918268,0.0066098953,0.053151082806289204,16.860287898220122
0.00064552523,0.0022436162,0.030715832,0.0016059376,0.00554028,0.008150238322559743,15.285258341289591
0.06682737,0.13695611,0.240393,0.028774157,0.3184206,0.158274245262146,20.53959858417511
0.024237556,0.045054454,0.24705069,0.028375477,0.11185162,0.09131395854055882,18.19598854891956
0.0066853836,0.018415472,0.20617238,0.023120826,0.0824931,0.06737743094563485,17.35821008309722
0.006532686,0.008245065,0.09668735,0.0010150747,0.007090273,0.023914088984020056,15.836993114440702
0.009358516,0.009592467,0.35005373,0.0035601077,0.0032775013,0.07516846391372382,17.630896236980334
0.13055481,0.14150287,0.6714005,0.07365564,0.28778183,0.2609791293740273,24.134269528090954
0.0049384516,0.013665683,0.047769472,0.005840027,0.048150897,0.024072906002402306,15.84255171008408
0.0017339421,0.009806664,0.06408569,0.004953414,0.0013971959,0.016395381605252623,15.573838356183842
0.0052105887,0.023803847,0.12749006,0.012179816,0.0051624384,0.034769349731504924,16.216927240602672
0.012165946,0.031190977,0.14929299,0.014671697,0.026470302,0.04675838239490986,16.636543383821845
0.0027120963,0.017806958,0.06163003,0.017902516,0.0027089987,0.020552119705826044,15.719324189703912
0.009672605,0.04009705,0.11122305,0.01917303,0.007906327,0.037614412419497964,16.31650443468243
0.00062141416,0.0015886531,0.031393107,0.00095802255,0.0048597734,0.007884194049984217,15.275946791749448
0.13465415,0.14603345,0.6609106,0.054019123,0.2752731,0.25417808890342714,23.89623311161995
0.014588754,0.042092774,0.09462415,0.015322648,0.12513894,0.05835345219820738,17.04237082693726
0.017596573,0.08456652,0.22452515,0.0577199,0.021340935,0.0811498161405325,17.840243564918637
0.0029087563,0.010563165,0.057539213,0.025124248,0.0033531247,0.019897701498121024,15.696419552434236
0.024615262,0.062193487,0.16053754,0.028678805,0.01514819,0.05823465678840876,17.038212987594306
0.03414502,0.095354915,0.29972178,0.032709014,0.10712185,0.11381051465868951,18.983368013054132
0.07207048,0.19373336,0.73274094,0.041120697,0.29107988,0.26614907160401347,24.31521750614047
0.0016517296,0.004676801,0.061775558,0.0014489989,0.0016020524,0.014231027942150832,15.498085977975279
0.0015364762,0.003634788,0.043650664,0.0012378267,0.01212275,0.012436501123011114,15.435277539305389
0.04010773,0.08151645,0.32342416,0.029074922,0.2869883,0.15222231075167655,20.32778087630868
0.00067623105,0.0053376355,0.045709375,0.005877025,0.0013055172,0.011781156796496363,15.412340487877373
0.118013084,0.26696298,0.49805683,0.04205434,0.26854384,0.2387262135744095,23.355417475104332
0.05356642,0.11857239,0.19142835,0.06213193,0.13772038,0.1126838929951191,18.94393625482917
0.006158234,0.019909713,0.072176345,0.0038350183,0.0792425,0.036264361627399926,16.269252656958997
0.049545847,0.07991501,0.35086387,0.016980175,0.25255004,0.14997098818421364,20.248984586447477
0.00733633,0.029897673,0.09469518,0.021142215,0.006749553,0.031964190304279334,16.118746660649776
0.007976399,0.02038544,0.08665524,0.0031069387,0.049123216,0.0334494462236762,16.170730617828667
0.16812369,0.3203732,0.5199131,0.05492619,0.4277962,0.2982264764606953,25.437926676124334
0.09384199,0.26322043,0.50561726,0.045948636,0.4637495,0.2744755633175373,24.606644716113806
0.0044523706,0.009065929,0.0670814,0.0053149974,0.0052822535,0.018239389918744565,15.63837864715606
0.0022996825,0.0064058965,0.041536994,0.0028057722,0.0044124085,0.011492150789126755,15.402225277619436
0.17951106,0.34921056,0.60622597,0.1438138,0.20914224,0.29758072495460514,25.41532537341118
0.111155525,0.24913628,0.50097376,0.049256276,0.3793536,0.2579750917851925,24.029128212481737
0.0018381815,0.0031171904,0.09798009,0.0007840654,0.0069629843,0.022136502235662193,15.774777578248177
0.0063395672,0.025000386,0.09468471,0.017981503,0.0048853336,0.029778300505131482,16.042240517679602
0.1215742,0.14144175,0.63563615,0.030600497,0.25842097,0.23753471411764623,23.313714994117618
0.0036025264,0.0044924025,0.16214511,0.0011282047,0.003699146,0.03501347752753645,16.225471713463776
0.015402886,0.044764478,0.15635704,0.01599374,0.009931147,0.04848985727876425,16.69714500475675
0.06501909,0.077894814,0.1628501,0.0342452,0.09751349,0.08750453889369965,18.062658861279488
0.009441287,0.017485382,0.16023646,0.0029216015,0.011562182,0.04032938308082521,16.411528407828882
0.12168132,0.14472179,0.62529856,0.06342613,0.3033177,0.2516890987753868,23.80911845713854
0.000438493,0.0018981989,0.0327342,0.0006811805,0.0005940809,0.007269230723613874,15.254423075326486
0.0041300086,0.005955186,0.1627053,0.0011443556,0.010490863,0.036885143071413044,16.290980007499456
0.023344278,0.07806466,0.22524704,0.008929148,0.12765636,0.09264829605817797,18.242690362036228
0.0017852283,0.011881705,0.061884724,0.010617436,0.0015351869,0.017540856008417906,15.613929960294627
0.003457049,0.016851999,0.07298922,0.009064297,0.0030224149,0.021076995553448795,15.737694844370708
0.0015601218,0.008869787,0.0796174,0.005832828,0.0018151478,0.019539057579822838,15.6838670152938
0.106539175,0.16521601,0.40984944,0.036658257,0.3810877,0.21987011432647707,22.695454001426697
0.0035616474,0.012730946,0.13740025,0.0077219605,0.069374904,0.046157942479476334,16.61552798678167
0.0010380687,0.003831683,0.043898042,0.002296762,0.0014586645,0.010504644108004868,15.36766254378017
0.0891308,0.25655338,0.43207774,0.033269763,0.46654168,0.2555146709084511,23.943013481795788
0.09585024,0.23262793,0.6630952,0.040431198,0.3079654,0.26799398735165597,24.37978955730796
0.00557723,0.014963727,0.29299137,0.0055403723,0.09084834,0.08198420824483038,17.869447288569063
0.024231417,0.03646892,0.4573903,0.030257504,0.033769157,0.11642346121370793,19.074821142479777
0.0066118278,0.0200698,0.122768804,0.021277873,0.009509915,0.03604764398187399,16.26166753936559
0.024657514,0.01614438,0.30769476,0.0032195724,0.019240921,0.07419143011793496,17.596700054127723
0.20655003,0.20939863,0.5060453,0.07319582,0.1917123,0.23738041371107102,23.308314479887486
0.01177109,0.034215603,0.15197259,0.019871045,0.0678833,0.05714272558689118,16.99999539554119
0.0017858844,0.007182562,0.064701416,0.0025070177,0.0027944844,0.01579427276737988,15.552799546858296
0.11299578,0.26269045,0.82834274,0.056087974,0.30619094,0.31326157674193383,25.964155185967684
0.15026632,0.13637038,0.56480235,0.02996764,0.27344665,0.23097066655755044,23.083973329514265
0.0075860783,0.022668967,0.12478287,0.009954312,0.014648093,0.035928063560277224,16.257482224609703
0.006167899,0.06494362,0.17606139,0.03272534,0.012667608,0.058513171970844276,17.04796101897955
0.07892894,0.13616797,0.57204217,0.1120524,0.044785004,0.18879529759287836,21.607835415750742
0.019378524,0.012067125,0.3944752,0.0057208464,0.00913181,0.08815469946712257,18.08541448134929
0.0008720168,0.0054134657,0.04089682,0.004925265,0.0010338352,0.01062828089343384,15.371989831270184
0.0005952649,0.0066156527,0.039946463,0.0068203458,0.0007484155,0.010945228359196335,15.383082992571872
0.0774903,0.08319731,0.54364693,0.058369137,0.25702307,0.20394534915685658,22.13808722048998
0.004752436,0.01482586,0.06573114,0.011049998,0.0075093624,0.020773758925497533,15.727081562392414
0.22440863,0.22081013,0.62081367,0.09320245,0.23406346,0.2786596670746803,24.75308834761381
0.089773424,0.09234321,0.699286,0.012264273,0.20089456,0.21891229134052992,22.661930196918547
0.0046790503,0.011444215,0.05152297,0.00667005,0.052955713,0.02545439964160323,15.890903987456113
0.071713805,0.09522386,0.43938074,0.04661519,0.085961,0.14777891784906388,20.172262124717236
0.0407173,0.093239,0.43333617,0.108120926,0.03276482,0.14163564294576644,19.957247503101826
0.004269615,0.008259894,0.05293324,0.00093475636,0.01631689,0.016542878933250904,15.579000762663782
0.009761966,0.02960313,0.112892255,0.002830763,0.021284955,0.035274613602086904,16.23461147607304
0.00614746,0.013980108,0.27919963,0.00519562,0.051005017,0.07110556708648802,17.48869484802708
0.15214573,0.28411686,0.61572427,0.08378065,0.40445083,0.30804366767406466,25.781528368592262
0.10596697,0.1882606,0.5842586,0.045406092,0.13871993,0.212522441893816,22.43828546628356
0.0027913447,0.012828621,0.06978694,0.00946928,0.0025082545,0.019476888747885824,15.681691106176004
0.000952087,0.0080929035,0.042478457,0.012080349,0.0016145933,0.013043677993118763,15.456528729759157
0.010224479,0.045746505,0.1043678,0.043170925,0.008080534,0.042318048700690274,16.48113170452416
0.0038221572,0.014971348,0.07209319,0.007897332,0.032485384,0.026253882236778735,15.918885878287256
0.025034219,0.040502604,0.36426014,0.050272487,0.010666798,0.09814724903553726,18.435153716243804
0.006893342,0.020163465,0.18289487,0.0076393504,0.10975882,0.06546996897086502,17.291448913980275
0.14750582,0.187766,0.6263741,0.106450394,0.0988549,0.23339024782180787,23.168658673763275
0.0652525,0.06620245,0.36831692,0.063281536,0.02833374,0.1182774279266596,19.139709977433085
0.050633725,0.090497345,0.3376946,0.057328593,0.31873983,0.17097881585359573,20.98425855487585
0.041773405,0.042881437,0.6553477,0.01411275,0.09292927,0.1694089125841856,20.929311940446496
0.12620312,0.21740544,0.28409582,0.0423391,0.3289172,0.19979213774204255,21.99272482097149
0.09480298,0.15221973,0.37427366,0.05451815,0.16993767,0.16915043741464617,20.920265309512615
0.0085076615,0.030101743,0.08412917,0.049192764,0.011533297,0.03669292684644461,16.28425243962556
0.039639737,0.11305004,0.22571535,0.030160548,0.07357592,0.09642832092940808,18.374991232529283
0.023731338,0.050663207,0.104442015,0.013381501,0.111436024,0.06073081698268652,17.125578594394028
0.00079605833,0.005921027,0.04874674,0.0048165224,0.0011638802,0.012288845330476762,15.430109586566687
0.04352855,0.14125778,0.32428905,0.051264152,0.038037743,0.11967545524239541,19.18864093348384
0.0008984529,0.004710498,0.051183112,0.0022893092,0.0009389288,0.01200406012358144,15.42014210432535
0.00042286166,0.0048445016,0.027893223,0.007052146,0.00045357228,0.008133260864997284,15.284664130274905
0.07725299,0.26126555,0.4132372,0.07327761,0.085084364,0.18202354460954667,21.370824061334133
0.00066313084,0.004769798,0.04093562,0.004957263,0.0010115245,0.010467467352282255,15.366361357329879
0.0020956735,0.004054941,0.046579204,0.001371588,0.006183937,0.012057068780995907,15.421997407334857
0.003817842,0.0048706173,0.13072379,0.0012527669,0.0018775504,0.02850851321127266,15.997797962394543
0.004311745,0.012856078,0.08236619,0.011515892,0.006341475,0.023478276282548904,15.821739669889212
0.0050152335,0.024619011,0.07600009,0.031331312,0.0057368604,0.028540500812232493,15.998917528428137
0.052280083,0.09551214,0.22390136,0.028780296,0.30833045,0.14176086485385894,19.961630269885063
0.035969216,0.09016818,0.22235152,0.042717986,0.02388743,0.08301886618137361,17.905660316348076
0.017014882,0.035896096,0.08736728,0.014103439,0.10212694,0.051301727816462514,16.795560473576188
0.0023705687,0.007452057,0.10989875,0.0008086918,0.024404913,0.02898699686629698,16.014544890320394
0.0037941872,0.0068231206,0.052214835,0.0027935703,0.011020585,0.015329259587451816,15.536524085560814
0.0096712345,0.035644926,0.1467713,0.048937958,0.01183814,0.050572711043059826,16.770044886507094
0.0014902395,0.0039926725,0.039269518,0.0031941056,0.0072256355,0.01103443424217403,15.386205198476091
0.022001652,0.030921094,0.48385334,0.006685124,0.11957538,0.1326073182746768,19.641256139613688
0.05059563,0.06505818,0.45353466,0.10712659,0.15811098,0.16688520833849907,20.840982291847467
0.18677194,0.1316708,0.54489255,0.1099648,0.15864702,0.22638942301273346,22.92362980544567
0.021826439,0.121464096,0.25673193,0.04882228,0.023399772,0.09444890283048153,18.305711599066854
0.02954817,0.07216926,0.17910911,0.15043634,0.02305879,0.09086433462798596,18.18025171197951
0.004811606,0.014210998,0.257804,0.0059911846,0.054717444,0.06750704776495696,17.362746671773493
0.00368153,0.010173311,0.061883416,0.0018717741,0.032565784,0.022035163058899344,15.771230707061477
0.0011970607,0.002676863,0.048707683,0.00066252437,0.00140124,0.01092907413840294,15.382517594844103
0.045012295,0.12627463,0.2452809,0.07329554,0.18392266,0.1347572073340416,19.716502256691456
0.0029899473,0.0067758393,0.10313825,0.0006502167,0.017918367,0.026294524664990607,15.920308363274671
0.029408079,0.03564013,0.13794792,0.04136476,0.04936591,0.058745359629392625,17.056087587028742
0.12150297,0.28827554,0.471492,0.048564028,0.42828283,0.27162347212433813,24.506821524351835
0.07056501,0.20539658,0.67909193,0.060244307,0.10423791,0.223907145857811,22.836750105023384
0.030246535,0.07332716,0.62667215,0.0785602,0.24603596,0.21096840240061285,22.38389408402145
0.01842108,0.13470636,0.27680403,0.09856323,0.033854883,0.11246991753578187,18.936447113752365
0.055192735,0.17564394,0.48498225,0.1034935,0.043279525,0.17251838892698287,21.0381436124444
0.00027066257,0.0009533414,0.02583394,0.0007165785,0.00062085857,0.005679076240630821,15.198767668422079
0.00042910312,0.0019579458,0.03880537,0.0008443148,0.00072792446,0.008552931487793103,15.299352602072759
0.0007986508,0.005888352,0.046838928,0.0053727212,0.0011605722,0.012011844874359667,15.420414570602588
0.13238138,0.14753492,0.6632994,0.1277328,0.12687735,0.23956516683101653,23.38478083908558
0.0011806958,0.007900621,0.043823075,0.007629069,0.0011365543,0.012334002903662622,15.431690101628192
0.007061327,0.02178991,0.083433464,0.013533937,0.0077030896,0.026704345550388097,15.934652094263583
0.019920055,0.06849928,0.17448585,0.03947517,0.025845291,0.06564512886106968,17.29757951013744
0.08911737,0.18884832,0.32050562,0.029028647,0.4161801,0.20873601138591769,22.30576039850712
0.0069869296,0.019260352,0.09772278,0.011901035,0.006491098,0.028472439758479597,15.996535391546786
0.026186375,0.088110745,0.17253801,0.05814998,0.022269454,0.07345091290771961,17.570781951770186
0.11574144,0.18074115,0.43123028,0.057024267,0.3805541,0.23305824771523478,23.157038670033216
0.05477725,0.06864773,0.259009,0.06487837,0.18445739,0.12635394781827927,19.422388173639774
0.0023630913,0.012546734,0.061584875,0.011188857,0.0024506815,0.018026847811415794,15.630939673399553
0.050824642,0.107336484,0.1975637,0.019236837,0.25219584,0.1254314981400967,19.390102434903383
0.022873603,0.030345088,0.1712955,0.029825654,0.013248873,0.05351774226874113,16.87312097940594
0.068333484,0.081437446,0.22993302,0.051207907,0.10537306,0.10725698471069336,18.753994464874268
0.063426666,0.11883478,0.34070316,0.028081508,0.33966047,0.1781413156539202,21.234946047887206
0.0017277612,0.011825589,0.05755417,0.0057610385,0.0015059686,0.01567490566521883,15.548621698282659
0.009477612,0.01624396,0.0814061,0.014006675,0.019348776,0.028096625022590162,15.983381875790656
0.14556898,0.09678434,0.5913405,0.023391083,0.16081208,0.20357939302921296,22.125278756022453
0.2571588,0.39672643,0.65210986,0.21704267,0.40231875,0.3850712984800339,28.477495446801186
0.0013822799,0.0036956014,0.05063063,0.0015010957,0.0021533053,0.011872582277283073,15.415540379704908
0.13068627,0.24493845,0.5945949,0.09105451,0.20278405,0.25281163305044174,23.84840715676546
0.0020947333,0.0056945025,0.07134402,0.0013268049,0.0019617763,0.016484366985969248,15.576952844508924
0.0010838107,0.0053740153,0.04141657,0.007861901,0.0015222259,0.01145170470699668,15.400809664744884
0.005363927,0.02316478,0.28860486,0.015359153,0.12451575,0.09140169322490692,18.199059262871742
0.0006126977,0.005135475,0.03512738,0.0052598566,0.0007824066,0.009383563010487705,15.32842470536707
0.102558255,0.1685749,0.2701173,0.10286962,0.10843799,0.15051161646842956,20.267906576395035
0.007232569,0.0075706714,0.2696127,0.002159437,0.0019121816,0.05769751176703721,17.019412911846302
0.051902972,0.11926291,0.19330354,0.03541418,0.07411153,0.09479902684688567,18.317965939641
0.00039316458,0.0016933831,0.026063995,0.0008138353,0.0011824139,0.0060293584596365695,15.21102754608728
0.020310193,0.04746834,0.13121784,0.015020609,0.14788476,0.07238034680485726,17.533312138170004
0.006051978,0.023173343,0.10288879,0.014635585,0.0041955286,0.03018904561176896,16.056616596411914
0.15664418,0.26847684,0.42320478,0.06793299,0.4349913,0.2702500194311142,24.458750680088997
0.0007439499,0.0020535022,0.029525997,0.00044801357,0.0015057793,0.006855448434362189,15.239940695202677
0.16325526,0.13305439,0.7203696,0.034386504,0.14220944,0.2386550344526768,23.352926205843687
0.14345022,0.18236202,0.48361835,0.046648294,0.33960953,0.23913768231868746,23.36981888115406
0.13554746,0.30204254,0.62765884,0.04837843,0.30596492,0.2839184388518334,24.937145359814167
0.007419511,0.01702119,0.08447053,0.0034449939,0.011272364,0.024725718516856433,15.865400148089975
0.06757043,0.11613569,0.276461,0.02372328,0.19458537,0.13569515459239484,19.74933041073382
0.008161855,0.024506997,0.123316154,0.050023437,0.008023989,0.04280648641288281,16.498227024450898
0.037669275,0.08861276,0.2833809,0.030775884,0.025820823,0.09325192719697951,18.263817451894283
0.042409416,0.09713967,0.70440906,0.0180714,0.09004489,0.19041488878428936,21.664521107450128
0.082244895,0.13200001,0.43250778,0.031891413,0.21527462,0.17878374457359317,21.25743106007576
0.015966088,0.013390921,0.43283755,0.003683423,0.012914059,0.09575840723700822,18.351544253295287
0.028157169,0.049095336,0.18063931,0.020724647,0.030667033,0.0618566993623972,17.164984477683902
0.0355396,0.15472285,0.31881562,0.050257485,0.044001274,0.12066736668348312,19.22335783392191
0.1157933,0.19167785,0.62029344,0.07425616,0.33978775,0.2683617010712624,24.392659537494183
0.14246792,0.18102162,0.606572,0.040324584,0.29025012,0.2521272420883179,23.824453473091125
0.0007930207,0.0025674992,0.033941846,0.0012891705,0.0012392611,0.007966159563511611,15.278815584722906
0.12660247,0.21112633,0.71345073,0.065569565,0.3423459,0.2918189972639084,25.213664904236794
0.0021324332,0.010479025,0.07372099,0.0028444051,0.0023198582,0.018299342552199963,15.640476989326999
0.0036651432,0.010930357,0.05154997,0.0054562204,0.005779408,0.015476219821721317,15.541667693760246
0.13353065,0.2767726,0.65563077,0.100851245,0.40558138,0.3144733265042305,26.006566427648067
0.0008371629,0.0033246693,0.029058052,0.0010859407,0.0020948767,0.0072801403817720715,15.254804913362022
0.0040407614,0.012135675,0.055702966,0.0035107858,0.005606231,0.01619928376749158,15.566974931862205
0.001496,0.0037960478,0.037696365,0.0008283372,0.0026264652,0.009288643079344183,15.325102507777046
0.0030561078,0.015843555,0.05580227,0.02249318,0.0029806925,0.020035161264240743,15.701230644248426
0.056956492,0.07889225,0.2133043,0.14828295,0.060100157,0.11150722876191141,18.9027530066669
0.002453266,0.00579436,0.040038936,0.0014300518,0.005653107,0.011073944089002908,15.387588043115102
0.09419937,0.16737469,0.47541714,0.031423137,0.22921142,0.199525149166584,21.98338022083044
0.0069068363,0.03525842,0.16968857,0.026875596,0.0091772685,0.049581337720155716,16.73534682020545
0.0032544304,0.014621391,0.08443713,0.011123104,0.002741325,0.02323547643609345,15.81324167526327
0.001258492,0.006063669,0.045538656,0.0064946017,0.0015018664,0.012171457102522255,15.426000998588279
0.09435633,0.15335092,0.3183399,0.03030961,0.26741138,0.17275363057851792,21.046377070248127
0.16777982,0.25850233,0.69069135,0.14292076,0.3636135,0.32470155060291295,26.36455427110195
0.112465665,0.30954343,0.5124544,0.05881973,0.462836,0.291223842650652,25.192834492772818
0.00071100635,0.0024265125,0.03656021,0.0009578723,0.001056095,0.008342339505907148,15.29198188270675
0.0049639805,0.019075064,0.08136058,0.016280752,0.0032817363,0.024992422200739384,15.874734777025878
0.000650257,0.0058721234,0.035524994,0.0061733145,0.00080837857,0.009805813524872064,15.343203473370522
0.001438618,0.005293103,0.05284973,0.0024951547,0.001985354,0.012812391691841186,15.448433709214441
0.010467496,0.008122846,0.29260796,0.0018158504,0.0061850566,0.06383984228596092,17.234394480008632
0.24141416,0.21266715,0.49703258,0.14059512,0.24693172,0.26772814691066743,24.37048514187336
0.0005571269,0.0021439786,0.031502426,0.0009416604,0.0009703319,0.007223104685544968,15.252808663994074
0.0024568324,0.010334856,0.057285048,0.015094482,0.0024567496,0.017525593657046555,15.61339577799663
0.009964448,0.015598489,0.2481411,0.008243334,0.0036258986,0.057114652916789056,16.999012852087617
0.14717075,0.14366533,0.69312406,0.043724105,0.20908944,0.24735473692417145,23.657415792346
0.00044083415,0.0020932835,0.035489988,0.00086587167,0.00059255806,0.007896506984252484,15.276377744448837
0.006670713,0.013952863,0.060030304,0.017423853,0.025115952,0.024638737086206678,15.862355798017234
0.020844739,0.05182501,0.15650329,0.012884684,0.11062611,0.0705367662012577,17.46878681704402
0.057788923,0.16549815,0.3735197,0.026384644,0.4396603,0.2125703439116478,22.439962036907673
0.010218131,0.023681251,0.07016748,0.006361629,0.014708138,0.025027326308190823,15.875956420786679
0.00076259655,0.0022829152,0.027930394,0.0014610299,0.0047915936,0.007445705810096116,15.260599703353364
0.17645693,0.25884768,0.634755,0.08105831,0.35422108,0.3010678023099899,25.537373080849648
0.016991792,0.06689823,0.25930208,0.026804816,0.09695976,0.0933913353830576,18.268696738407016
0.015160467,0.04860539,0.110355,0.014666646,0.09839066,0.057435632124543196,17.01024712435901
0.072958015,0.10933368,0.68952286,0.062238954,0.27216524,0.24124374985694885,23.44353124499321
0.01641995,0.02349962,0.095929936,0.015849473,0.027579349,0.0358556654304266,16.25494829006493
0.17672509,0.24492955,0.70504034,0.10708099,0.32989487,0.31273416727781295,25.945695854723454
0.058400042,0.11341278,0.22517604,0.03225764,0.3214564,0.150140580534935,20.254920318722725
0.10598131,0.25413224,0.4989795,0.04075977,0.3932049,0.25861154571175576,24.05140409991145
0.005412177,0.013400154,0.07986145,0.0012230666,0.0074043386,0.021460236748680476,15.751108286203817
0.030996427,0.0466823,0.13761486,0.071887285,0.04194743,0.06582566052675248,17.303898118436337
0.04805257,0.069366604,0.48315084,0.069502,0.20566459,0.1751473218202591,21.13015626370907
0.0018726937,0.005523083,0.05155277,0.0027716693,0.0032434345,0.012992729805409909,15.454745543189347
0.040526837,0.033527654,0.55323315,0.016180905,0.018628068,0.13241932205855847,19.634676272049546
0.017790535,0.040512946,0.08143039,0.010221493,0.038344853,0.03766004350036383,16.318101522512734
0.020176824,0.045137174,0.59889585,0.01716631,0.012098511,0.1386949336156249,19.85432267654687
0.08095179,0.10170244,0.57984257,0.03476907,0.2715381,0.21376079395413403,22.48162778839469
0.014590132,0.035443824,0.12092537,0.06166713,0.011761165,0.0488775234669447,16.710713321343064
0.0025605774,0.0084695155,0.052676722,0.0038058085,0.0036957506,0.014241674868389965,15.498458620393649
0.0063915513,0.025581958,0.1538049,0.007937998,0.0050932947,0.039761939924210316,16.39166789734736
0.006565229,0.016457822,0.06615323,0.0064524026,0.014361505,0.02199803749099374,15.76993131218478
0.018929329,0.07792904,0.20229635,0.04021608,0.016663102,0.07120678015053272,17.492237305268645
0.0032224308,0.029370729,0.12635435,0.030349515,0.005090616,0.038877528579905625,16.360713500296697
0.00038296968,0.0013951933,0.029320378,0.00054195453,0.00056900096,0.006441899260971696,15.22546647413401
0.018210372,0.01832368,0.29306132,0.0028512757,0.017325163,0.06995436139404775,17.44840264879167
0.00032829994,0.0034667759,0.02310528,0.0058408524,0.00049071026,0.006646383786574006,15.23262343253009
0.058560263,0.1786825,0.32698786,0.042695217,0.11766028,0.14491722509264948,20.07210287824273
0.05998799,0.10692065,0.33613506,0.029574268,0.19908826,0.1463412456214428,20.121943596750498
0.0007406796,0.003629235,0.045374587,0.0029993737,0.0012803869,0.010804852505680173,15.378169837698806
0.025902431,0.046086125,0.17325085,0.0040088077,0.038215525,0.0574927487410605,17.012246205937117
0.000853826,0.0028730673,0.037317395,0.0020360288,0.0020660365,0.00902927074348554,15.316024476021994
0.079364724,0.07346017,0.57809335,0.07679836,0.080772266,0.17769777327775954,21.219422064721584
0.012647831,0.028943991,0.2702789,0.0059615807,0.009345007,0.0654354621656239,17.290241175796837
0.0015617469,0.006177783,0.05023421,0.006626931,0.0028718384,0.013494501821696758,15.472307563759387
0.0021122412,0.007077591,0.056675162,0.002884752,0.0030210183,0.014354152930900456,15.502395352581516
0.002156368,0.020899745,0.08293079,0.020963248,0.0042044534,0.02623092047870159,15.918082216754556
0.0018392737,0.014415291,0.062846854,0.012224825,0.0028065972,0.018826568289659916,15.658929890138097
0.010825356,0.034610927,0.08706027,0.05645336,0.021345219,0.042059026472270486,16.472065926529467
0.0006920617,0.0045110257,0.03847425,0.0052831527,0.0009649658,0.009985091292764993,15.349478195246775
0.006395356,0.018072745,0.11923888,0.038122483,0.005032648,0.037372422870248556,16.3080348004587
0.004312083,0.015778873,0.057667017,0.011936109,0.01060386,0.02005958836525679,15.702085592783988
0.016388567,0.14631644,0.31867525,0.10236544,0.024148203,0.12157878018915654,19.25525730662048
0.012863445,0.03725316,0.3114574,0.026879115,0.038018007,0.08529422450810671,17.985297857783735
0.008993054,0.018370137,0.18858083,0.005075082,0.0040412736,0.04501207442954183,16.575422605033964
0.27501687,0.20387071,0.5049687,0.15577747,0.22496572,0.2729198962450028,24.552196368575096
0.0035376488,0.00835355,0.08946443,0.0039662863,0.0032468892,0.021713761566206812,15.759981654817238
0.0063673044,0.013135388,0.07219752,0.00420874,0.011476168,0.021477023884654046,15.751695835962892
0.0017908019,0.0052706357,0.04508843,0.002598145,0.0026622745,0.011482057231478394,15.401872003101744
0.06274685,0.041615497,0.5715559,0.031815812,0.051462963,0.1518394075334072,20.314379263669252
0.05511467,0.05609646,0.18874915,0.065722704,0.094313346,0.09199926629662514,18.21997432038188
0.00090357126,0.0020720107,0.032548256,0.0007939867,0.0030934587,0.007882256712764501,15.275878984946758
0.011190903,0.032334372,0.10841822,0.009220419,0.008316357,0.03389605414122344,16.18636189494282
0.058672033,0.16494912,0.47070897,0.10244403,0.060908172,0.1715364642441273,21.003776248544455
0.01256938,0.04581247,0.09829871,0.06691547,0.025329646,0.04978513512760401,16.74247972946614
0.15444954,0.1935704,0.59092623,0.09317126,0.33307245,0.27303797751665115,24.55632921308279
0.0006297097,0.0037474458,0.046099335,0.0016876116,0.00094001915,0.010620824224315583,15.371728847851045
0.07860709,0.10645861,0.202975,0.08920084,0.14112407,0.12367312312126161,19.328559309244156
0.0065827365,0.02141691,0.08655205,0.007759527,0.07455209,0.039372663199901584,16.378043211996555
0.055310242,0.23887008,0.46823704,0.14109357,0.078943536,0.19649089425802233,21.87718129903078
0.18278404,0.30894136,0.7130223,0.14988519,0.35831064,0.34258870482444764,26.990604668855667
0.00021531289,0.0010345525,0.027903639,0.00059999747,0.00029169497,0.00600903931481298,15.210316376018454
0.0008612592,0.0038046986,0.04863213,0.0019774907,0.0009166827,0.011238452245015653,15.393345828575548
0.0018270515,0.005790183,0.05460532,0.0023835679,0.0025855692,0.013438338297419252,15.470341840409674
0.0968419,0.17290853,0.4151221,0.07506928,0.25196686,0.20238173305988313,22.08336065709591
0.005839313,0.021331068,0.39550048,0.010257375,0.15604497,0.11779464250430464,19.122812487650663
0.00071009423,0.0030373859,0.03620432,0.0015704473,0.0011374375,0.008531936886720359,15.298617791035213
0.03422361,0.037706763,0.41336888,0.0188779,0.029616367,0.10675870366394521,18.736554628238082
0.057058312,0.06619808,0.40769482,0.012829962,0.1683875,0.1424337347969413,19.985180717892945
0.01755923,0.04296093,0.114914,0.010991566,0.019340655,0.04115327633917332,16.440364671871066
0.0017276239,0.010756031,0.06369464,0.006328754,0.0021627336,0.016933956649154425,15.592688482720405
0.11299098,0.15285343,0.7055083,0.05877266,0.15529454,0.23708398044109347,23.29793931543827
0.07385667,0.18061447,0.39930907,0.032902267,0.43656552,0.22464959844946863,22.8627359457314
0.04041326,0.08064125,0.1331922,0.027031207,0.10835365,0.07792631275951863,17.727420946583152
0.0011282639,0.0031508177,0.046637066,0.0021148468,0.0027285302,0.011151904868893326,15.390316670411266
0.101626724,0.0971774,0.5738296,0.050284714,0.26122212,0.21682811081409456,22.58898387849331
0.0028760757,0.010299848,0.063059434,0.017790552,0.002785892,0.019362360518425704,15.6776826181449
0.019748705,0.03830474,0.20419165,0.033068594,0.0126545075,0.06159363985061645,17.155777394771576
0.013146995,0.023572791,0.106273726,0.012564186,0.010136257,0.033138790912926194,16.159857681952417
0.0128423,0.03447355,0.41493377,0.023489762,0.031490464,0.10344596933573484,18.62060892675072
0.14641692,0.29618955,0.68074954,0.11186486,0.38480806,0.3240057840943336,26.340202443301678
0.003975735,0.005058913,0.13340946,0.0009120296,0.0049047447,0.02965217555174604,16.03782614431111
0.006892392,0.013798485,0.0763621,0.009312221,0.0074948515,0.02277201041579247,15.797020364552736
0.0067555746,0.042247586,0.10014568,0.05596255,0.011294185,0.04328111596405506,16.514839058741927
0.17926946,0.19697857,0.5989874,0.055119213,0.28884134,0.2638391964137554,24.23437187448144
0.0011360223,0.008842944,0.04388127,0.009723846,0.0014412132,0.013005059305578472,15.455177075695246
0.0009632637,0.0074770413,0.03862253,0.010265026,0.0011189721,0.011689366330392659,15.409127821563743
0.01911003,0.068578616,0.14533496,0.05951126,0.015459161,0.061598804965615275,17.155958173796535
0.011802482,0.096925616,0.25248957,0.042757764,0.014239757,0.0836430374532938,17.927506310865283
0.1311335,0.32031932,0.5380594,0.077909335,0.4699274,0.3074697941541672,25.76144279539585
0.12483269,0.24048458,0.7910458,0.09928504,0.35896817,0.3229232519865036,26.302313819527626
0.023278082,0.0148448795,0.4708119,0.0032507512,0.013653547,0.10516783250495791,18.680874137673527
0.055997528,0.21056111,0.73794466,0.04204944,0.4113785,0.2915862493216992,25.20551872625947
0.0008685878,0.002133715,0.037708346,0.00080949825,0.0017978991,0.008663609193172307,15.30322632176103
0.0036899613,0.014381322,0.08617877,0.010674268,0.0073617445,0.02445721360854805,15.856002476299182
0.10482463,0.21270995,0.5479135,0.11543627,0.0885263,0.2138821288943291,22.485874511301517
0.0075027333,0.035309345,0.100005515,0.039843034,0.009928105,0.03851774642243982,16.348121124785393
0.005472126,0.026863908,0.088784985,0.011924462,0.007109887,0.028031073790043597,15.981087582651526
0.003622393,0.015428065,0.07281127,0.015657378,0.0053328476,0.022570390487089753,15.789963667048141
0.012965137,0.09080072,0.21912271,0.052272845,0.022568213,0.07954592406749725,17.784107342362404
0.031296864,0.05134982,0.31658483,0.025973076,0.14544374,0.11412966437637806,18.994538253173232
0.003935196,0.031435944,0.084175766,0.028169263,0.010365476,0.03161632893607021,16.106571512762457
0.15353003,0.10069691,0.7092297,0.025403822,0.11404884,0.22058186121284962,22.720365142449737
0.020653838,0.034154363,0.3602062,0.018220037,0.0061642523,0.08787973551079631,18.07579074287787
0.124688156,0.09329757,0.5535511,0.13134106,0.17716162,0.21600789576768878,22.560276351869106
0.015812246,0.04699139,0.28596276,0.025195166,0.12719631,0.10023157484829426,18.5081051196903
0.013405292,0.016877837,0.14635788,0.0035069543,0.009553897,0.03794037206098438,16.327913022134453
0.0016200622,0.009743122,0.05036577,0.012348102,0.0016044443,0.015136299934238198,15.529770497698337
0.030137103,0.04017886,0.2818429,0.047193557,0.014990212,0.08286852426826954,17.900398349389434
0.10129634,0.29573402,0.56931114,0.036617212,0.36400735,0.2733932137489319,24.568762481212616
0.00064358435,0.0041540735,0.03661373,0.0033573343,0.0009594699,0.009145638183690609,15.320097336429171
0.017005369,0.031687316,0.26894608,0.010772498,0.008439819,0.06737021673470737,17.357957585714757
0.0007851653,0.0027758332,0.030873949,0.0015438639,0.002389111,0.007673584448639304,15.268575455702376
0.0014023808,0.0049566845,0.048674658,0.0024093254,0.002101357,0.01190888115670532,15.416810840484686
0.0017385721,0.008082728,0.058044206,0.005341956,0.0017434839,0.01499018925242126,15.524656623834744
0.0012429411,0.0043515163,0.037825685,0.0059835254,0.004414581,0.01076364980544895,15.376727743190713
0.026087586,0.028327072,0.21530366,0.023426423,0.0114840185,0.06092575173825026,17.13240131083876
0.017020432,0.04998536,0.3358948,0.019240754,0.05945176,0.09631861969828606,18.371151689440012
0.0011188654,0.0063905884,0.042626813,0.007203521,0.0012831338,0.011724584363400938,15.410360452719033
0.014161931,0.054374393,0.24904253,0.0128654735,0.113854505,0.08885976579040289,18.1100918026641
0.10580096,0.20192051,0.3289698,0.02855446,0.3128455,0.1956182461231947,21.846638614311814
0.00022164555,0.0020564406,0.024850406,0.0019364301,0.00028678926,0.005870342248817907,15.205461978708627
0.004149192,0.017817019,0.10929103,0.0030014236,0.0059430404,0.028040341287851336,15.981411945074797
0.032515764,0.0684152,0.30208766,0.012785878,0.15172797,0.11350649669766427,18.97272738441825
0.013485328,0.032010213,0.17042631,0.010447857,0.12995322,0.07126458548009397,17.49426049180329
0.013672311,0.0304251,0.20867395,0.013901811,0.005352633,0.0544051617383957,16.90418066084385
0.003963893,0.01355824,0.07218626,0.01093115,0.0044658924,0.02102108728140593,15.735738054849207
0.11410884,0.19837713,0.6725779,0.12262188,0.34845307,0.2912277683615685,25.192971892654896
0.013299968,0.017390398,0.10941782,0.013786356,0.012771357,0.03333317954093218,16.166661283932626
0.002324782,0.014316661,0.05855917,0.014816537,0.0024014602,0.018483722396194936,15.646930283866823
0.17612183,0.321033,0.43005142,0.04261862,0.32402974,0.25877092257142065,24.056982289999723
0.029004773,0.07308835,0.5547312,0.028519867,0.021279432,0.14132472202181817,19.946365270763636
0.0063123573,0.020781985,0.099136166,0.071384974,0.0054482077,0.040612737927585844,16.421445827465504
0.006673383,0.05337387,0.1510103,0.024679588,0.011137074,0.049374843854457146,16.728119534906
0.13544093,0.14671409,0.69707376,0.08922573,0.15999356,0.24568961411714554,23.599136494100094
0.068190776,0.23522834,0.56913173,0.10488474,0.06454635,0.20839638859033585,22.293873600661755
0.11875547,0.11883009,0.6276669,0.105503894,0.2613276,0.24641678780317308,23.624587573111057
0.10447707,0.21953022,0.67612404,0.05547369,0.13198079,0.237517162412405,23.313100684434175
0.09914696,0.14010876,0.23219395,0.23521917,0.21614571,0.18456290960311889,21.45970183610916
0.036540415,0.097802095,0.20931967,0.15380433,0.03194559,0.10588241964578629,18.70588468760252
0.0012689994,0.005596388,0.06956277,0.0017254411,0.0012947533,0.01588967046700418,15.556138466345146
0.0017563441,0.00889894,0.043921683,0.02144433,0.0031507113,0.015834401664324108,15.554204058251344
0.0035082945,0.010222241,0.07142305,0.0046645137,0.003753047,0.01871422855183482,15.654997999314219
0.0028808687,0.008390742,0.05406481,0.003946016,0.015639191,0.01698432578705251,15.594451402546838
0.010618467,0.013522024,0.34429598,0.0043948935,0.005396993,0.07564567122608425,17.647598492912948
0.0002762498,0.0010781809,0.0239501,0.00037762243,0.00072129635,0.005280689877690748,15.184824145719176
0.0048699887,0.025216812,0.13022804,0.024646267,0.0042497073,0.03784216362982989,16.324475727044046
0.077703916,0.20535731,0.6911898,0.049994614,0.30100697,0.26505052819848063,24.27676848694682
0.026842594,0.06937709,0.21685745,0.015034972,0.04395408,0.07441323660314084,17.60446328110993
0.00087096967,0.0051226355,0.044172257,0.0034142288,0.0009147396,0.010898966155946257,15.381463815458119
0.019365879,0.0445947,0.107548594,0.0214338,0.06764208,0.05211701057851315,16.82409537024796
0.037832003,0.09560843,0.29512364,0.06624068,0.027275685,0.10441608726978303,18.654563054442406
0.012225407,0.022305306,0.14868857,0.0050004264,0.053099643,0.048263870552182196,16.689235469326377
0.0018991017,0.00343593,0.047437236,0.00046684584,0.0054743993,0.011742702504852787,15.410994587669848
0.0033638296,0.011206511,0.07324089,0.0028938584,0.0057822145,0.019297460978850725,15.675411134259775
0.080728725,0.18543932,0.3780781,0.064652234,0.07923106,0.1576258882880211,20.516906090080738
0.0037191054,0.012406228,0.065740876,0.0112365,0.0043377457,0.0194880910217762,15.682083185762167
0.021680133,0.095152214,0.25803593,0.044926792,0.0148442015,0.08692785389721394,18.042474886402488
0.0006274954,0.0016958903,0.029048644,0.0005557903,0.0013142388,0.006648411764763296,15.232694411766715
0.10215661,0.2185465,0.654555,0.07789248,0.11335653,0.2333014279603958,23.165549978613853
0.009742363,0.009542214,0.16145825,0.002441205,0.0040190066,0.03744060853496194,16.310421298723668
0.0011198209,0.0101159485,0.04170406,0.010615657,0.0013862962,0.012988356268033385,15.454592469381168
0.13460387,0.17981222,0.27842194,0.09651745,0.14052173,0.16597544401884082,20.809140540659428
0.1933735,0.30896515,0.5687643,0.09388389,0.39402974,0.3118033200502396,25.913116201758385
0.024666816,0.049854238,0.7388977,0.011475827,0.13648023,0.19227495770901443,21.729623519815505
0.07490467,0.1693894,0.596666,0.0573619,0.10304585,0.20027355998754504,22.009574599564075
0.041990377,0.1313741,0.26000044,0.09574551,0.028431319,0.11150835007429123,18.902792252600193
0.0014429732,0.008560095,0.05220288,0.007073109,0.0017546152,0.014206734555773436,15.49723570945207
0.0036299212,0.016538301,0.073413685,0.017970964,0.0040185144,0.023114277282729745,15.808999704895541
0.0010454725,0.008085833,0.038650494,0.012839557,0.0011180711,0.012347885454073549,15.432175990892574
0.017194757,0.054824993,0.13820978,0.0039699953,0.03760539,0.05036098212003708,16.762634374201298
0.00035621933,0.003073521,0.03565495,0.003106605,0.000646907,0.008567640645196661,15.299867422581883
0.0043282975,0.02708354,0.10742927,0.00973925,0.009071092,0.031530290655791764,16.10356017295271
0.001806731,0.01256599,0.049601775,0.018170368,0.0024021834,0.01690940938424319,15.591829328448512
0.0003178792,0.0017479755,0.03064267,0.0020740821,0.0006665159,0.007089824473951013,15.248143856588285
0.010421234,0.025602307,0.12288345,0.005062277,0.011383014,0.03507045572623611,16.227465950418264
0.00019355504,0.0014148429,0.022569984,0.00127745,0.00030691124,0.005152548677870072,15.180339203725453
0.0014333294,0.014315774,0.059722662,0.009208883,0.0016529661,0.01726672288496047,15.604335300973617
0.007753244,0.035179038,0.15996572,0.02999105,0.007947902,0.04816739140078426,16.68585869902745
0.005098113,0.005421883,0.31590185,0.0016217413,0.00094948884,0.06579861433710903,17.302951501798816
0.004956974,0.006521443,0.1080095,0.000952039,0.00495911,0.025079813704360278,15.87779347965261
0.0014291137,0.0027079196,0.03528331,0.0005621235,0.008402879,0.009677068912424147,15.338697411934845
0.041149553,0.073730506,0.39394307,0.03662053,0.072450005,0.1235787332057953,19.325255662202835
0.0032060032,0.008030205,0.051887546,0.0019402103,0.0069788974,0.014408572344109418,15.50430003204383
0.0015938311,0.010023559,0.04929506,0.007763,0.0018871059,0.014112511393614115,15.493937898776494
0.16888325,0.36196452,0.48707035,0.084204555,0.4169231,0.30380915701389316,25.63332049548626
0.0010663052,0.0047894497,0.04593532,0.0030358704,0.0012805851,0.011221506400033832,15.392752724001184
0.026567366,0.074849166,0.17237763,0.03661553,0.01676549,0.06543503627181053,17.29022626951337
0.005071308,0.016850585,0.07296561,0.015730146,0.006016152,0.023326759692281485,15.816436589229852
0.013816789,0.016801883,0.46835494,0.00392666,0.03612953,0.10780596043914556,18.773208615370095
0.006567723,0.01313394,0.072819345,0.0061787115,0.009295015,0.02159894686192274,15.755963140167296
0.03350183,0.041458644,0.30033818,0.12131672,0.056923695,0.1107078142464161,18.874773498624563
0.049907707,0.082877204,0.19458,0.04329378,0.037583634,0.0816484659910202,17.857696309685707
0.042918958,0.08290278,0.248195,0.013772969,0.08747144,0.09505223128944634,18.326828095130622
0.17997742,0.08797326,0.68085915,0.02220699,0.13535205,0.22127377204596999,22.74458202160895
0.002171409,0.0097644,0.057559,0.017119111,0.0065075583,0.018624295527115465,15.651850343449041
0.09072846,0.120707124,0.18527968,0.040051408,0.27568313,0.1424899622797966,19.98714867979288
0.001063522,0.0029886772,0.03901119,0.00059489685,0.0014244044,0.00901653841137886,15.31557884439826
0.0044670035,0.03312225,0.079561695,0.038231373,0.0062267426,0.03232181267812848,16.131263443734497
0.003453842,0.012852684,0.070853844,0.011226116,0.006772862,0.021031869482249024,15.736115431878716
0.006551134,0.014637586,0.06956426,0.006553176,0.016528394,0.022766910027712587,15.79684185096994
0.043150317,0.07178914,0.15991281,0.036644373,0.0711419,0.07652770727872849,17.678469754755497
0.13366105,0.1459781,0.71543133,0.06189174,0.26788402,0.2649692453444004,24.273923587054014
0.048362847,0.09762154,0.31218818,0.027421694,0.022051815,0.10152921453118324,18.553522508591413
0.16795406,0.22945207,0.7153759,0.07191457,0.31386253,0.2997118264436722,25.489913925528526
0.21393646,0.2950554,0.71672094,0.16537653,0.34021854,0.3462615728378296,27.119155049324036
0.016052984,0.11459757,0.4164189,0.16628362,0.051111996,0.15289301574230194,20.351255550980568
0.0007017617,0.006924295,0.03496763,0.010190761,0.0007870939,0.010714308451861143,15.37500079581514
0.003653,0.005750061,0.099245235,0.00067043677,0.004231216,0.022709989827126263,15.79484964394942
0.23862818,0.19294205,0.5673383,0.061319537,0.24970676,0.26198696345090866,24.169543720781803
0.050999116,0.13217136,0.6033825,0.073604316,0.22215424,0.2164623133838177,22.57618096843362
0.011087317,0.084698305,0.20323943,0.043003533,0.012357283,0.07087717279791833,17.48070104792714
0.017495126,0.056227453,0.18713716,0.018684197,0.046929043,0.06529459506273269,17.285310827195644
0.027540894,0.043591943,0.1595299,0.020194866,0.07103106,0.06437773071229458,17.25322057493031
0.010979935,0.05635276,0.21471217,0.041603867,0.010294357,0.06678861845284702,17.337601645849645
0.14041798,0.16931586,0.5025396,0.10371672,0.13942783,0.21108359247446062,22.38792573660612
0.11560438,0.066654444,0.6894241,0.015646866,0.07138483,0.19174292348325256,21.71100232191384
0.2091623,0.2031918,0.694147,0.044856984,0.20914568,0.2721007503569126,24.52352626249194
0.040739134,0.062424555,0.2603109,0.021676952,0.09520587,0.09607148058712482,18.36250182054937
0.028039947,0.069208294,0.33345795,0.028796455,0.014277302,0.09475598894059659,18.31645961292088
0.11451851,0.08054954,0.43560666,0.059640642,0.08687716,0.15543850138783455,20.44034754857421
0.06936927,0.20560645,0.40458813,0.05656662,0.06127689,0.15948147177696229,20.58185151219368
0.0635309,0.12740913,0.40516862,0.03479273,0.3746677,0.20111381709575654,22.03898359835148
0.02351266,0.04541493,0.12326098,0.015047031,0.16385956,0.07421903256326914,17.59766613971442
0.044139475,0.24950442,0.5791345,0.15345354,0.0773339,0.22071317136287688,22.72496099770069
0.00096797413,0.0032442778,0.035680767,0.0020800617,0.0023878103,0.008872178208548576,15.3105262372992
0.01748698,0.058645636,0.15218204,0.072516955,0.032697935,0.06670590974390507,17.334706841036677
0.039161712,0.050695177,0.31873247,0.017810911,0.022230064,0.0897260669618845,18.140412343665957
0.033503927,0.15130019,0.27211648,0.18216778,0.02531037,0.132879750803113,19.650791278108954
0.0020624676,0.0049837544,0.041446824,0.0023299917,0.0055910465,0.01128281676210463,15.394898586673662
0.006345614,0.02138661,0.07953985,0.0055996794,0.024718584,0.027518067695200446,15.963132369332016
0.017995743,0.062149785,0.20550865,0.017912697,0.07939234,0.07659184224903584,17.680714478716254
0.0037563043,0.005178688,0.14976095,0.0008878959,0.0031382293,0.032544412824790925,16.139054448867682
0.005562197,0.017792152,0.090097025,0.03496424,0.0037131715,0.03042575735598803,16.06490150745958
0.0004358376,0.0026435102,0.028771905,0.0014998048,0.00083499355,0.006837210280355066,15.239302359812427
0.0010945059,0.0045394767,0.04602178,0.0014085592,0.001268191,0.010866502928547562,15.380327602499165
0.0022726075,0.014526313,0.058816865,0.019424492,0.0025368338,0.019515422405675054,15.683039784198627
0.017734215,0.058491413,0.18541297,0.046999484,0.014670352,0.06466168742626906,17.263159059919417
0.03556581,0.08191622,0.16697304,0.012213982,0.13033333,0.08540047686547042,17.989016690291464
0.022706555,0.04472519,0.086644106,0.012175692,0.03998635,0.04124757871031762,16.443665254861116
0.0024560147,0.006642343,0.037582196,0.002495193,0.026313366,0.015097822668030858,15.52842379338108
0.0083366735,0.023841659,0.105146825,0.033009265,0.0055380813,0.03517450066283345,16.23110752319917
0.008610116,0.008382875,0.34336752,0.0025042968,0.0056118774,0.07369533642195167,17.579336774768308
0.2281161,0.23681131,0.34646878,0.18454933,0.32073727,0.2633365571498871,24.216779500246048
0.0017756933,0.0077997283,0.056121457,0.0057918057,0.0021870274,0.014735142397694292,15.5157299839193
0.14809841,0.19199198,0.47264472,0.04428425,0.28428295,0.228260462731123,22.989116195589304
0.14640796,0.31280828,0.5204423,0.066108234,0.3517912,0.279511596262455,24.782905869185925
0.037399195,0.0667583,0.18234937,0.012504364,0.15965036,0.0917323162779212,18.210631069727242
0.003754866,0.007899594,0.06363743,0.005955711,0.004278702,0.017105260165408257,15.598684105789289
0.015591813,0.06444188,0.1438078,0.046328764,0.012080003,0.05645005218684673,16.975751826539636
0.0014246025,0.0066507487,0.041052982,0.017021302,0.0027731154,0.013784550176933408,15.48245925619267
0.17488237,0.285334,0.67888486,0.16081889,0.37808517,0.33560105562210085,26.74603694677353
0.047872134,0.060152046,0.37373495,0.020497797,0.020592205,0.1045698266476393,18.659943932667375
0.04559281,0.10508655,0.22993466,0.019822925,0.040311974,0.08814978450536728,18.085242457687855
0.009805742,0.05164382,0.14057004,0.034231,0.007947466,0.04883961416780949,16.709386495873332
0.00064082886,0.0041054334,0.037104774,0.0035438032,0.0008058613,0.009240140207111835,15.323404907248914
0.0009781679,0.0063707083,0.04103885,0.005451304,0.001010619,0.010969929513521492,15.383947532973252
0.0036589997,0.021647288,0.06872876,0.029373923,0.00671718,0.026025230064988136,15.910883052274585
0.026599402,0.07324411,0.12994805,0.033813465,0.07347114,0.06741523258388042,17.359533140435815
0.0071187187,0.026275117,0.092208154,0.02572632,0.00949327,0.032164316065609454,16.12575106229633
0.0011814997,0.006853478,0.050977495,0.0063949195,0.0016571324,0.01341290483251214,15.469451669137925
0.21109232,0.29419163,0.65672743,0.17811717,0.31702486,0.3314306825399399,26.600073888897896
0.008466829,0.03279861,0.16167614,0.0121113,0.06534038,0.0560786509886384,16.962752784602344
0.004987544,0.017035732,0.068668276,0.006717015,0.0059724553,0.020676204469054937,15.723667156416923
0.115318246,0.20084126,0.29153603,0.03509507,0.37511736,0.20358159467577935,22.125355813652277
0.097259596,0.18915504,0.37075892,0.044549722,0.39811343,0.21996734216809274,22.698856975883245
0.019103749,0.13664733,0.35533398,0.09243396,0.02586844,0.1258774921298027,19.405712224543095
0.0028507444,0.009915954,0.06918368,0.005960162,0.0046678158,0.018515670765191318,15.648048476781696
0.15144746,0.18175508,0.4646763,0.16962798,0.09266262,0.21203388571739196,22.42118600010872
0.091023594,0.27277923,0.36663535,0.0351077,0.50137544,0.25338426157832145,23.86844915524125
0.12268297,0.28898698,0.51745266,0.075047195,0.42541125,0.28591621071100237,25.007067374885082
0.0028119243,0.0033742462,0.1660493,0.00092113914,0.0032588202,0.0352830862859264,16.234908020007424
0.1977825,0.20072873,0.6000263,0.18363494,0.19943407,0.27632130980491637,24.671245843172073
0.117931455,0.20773424,0.49828836,0.06664439,0.16990238,0.21210016757249833,22.42350586503744
0.001351247,0.009146784,0.055049237,0.0156061575,0.0023305546,0.01669679607730359,15.584387862705626
0.0028289156,0.009543336,0.060501963,0.014102319,0.0081466725,0.019024641253054145,15.665862443856895
0.035201896,0.04486006,0.13410965,0.011848001,0.04445148,0.05409421660006046,16.893297581002116
0.005065417,0.029736128,0.09961553,0.016520444,0.0054564765,0.031278798915445806,16.094757962040603
0.050656393,0.10789177,0.2249115,0.037474964,0.17047,0.11828092411160471,19.139832343906164
0.00065668474,0.0016982735,0.033128563,0.00046419777,0.0011041473,0.007410373317543418,15.25936306611402
0.00069333974,0.00403153,0.034985866,0.0052851955,0.0010863707,0.00921646049246192,15.322576117236167
0.1926396,0.2721934,0.48071977,0.04009256,0.31088114,0.2593052960932255,24.07568536326289
0.014770182,0.011388537,0.26774126,0.0032684684,0.008318418,0.06109737348742784,17.138408072059974
0.18114725,0.11836325,0.6840558,0.03828675,0.14876449,0.23412350788712502,23.194322776049376
0.0023914091,0.014529849,0.062051777,0.011352131,0.0026501315,0.01859505958855152,15.650827085599303
0.12996328,0.13247186,0.54845375,0.04350324,0.06254505,0.18338743597269058,21.41856025904417
0.0061574257,0.023330959,0.103448525,0.015685072,0.003730373,0.030470470897853378,16.066466481424868
0.0037187927,0.009042249,0.084056124,0.0023979796,0.003943708,0.020631770649924875,15.72211197274737
0.0029924118,0.0065313606,0.053696126,0.0031763932,0.0062379274,0.01452684374526143,15.50843953108415
0.008395188,0.026587004,0.085653305,0.008834327,0.013969805,0.028687925636768342,16.004077397286892
0.045219805,0.09075105,0.14641538,0.012187926,0.0729043,0.07349569387733937,17.572349285706878
0.02442889,0.029088171,0.37551603,0.03436596,0.009731894,0.09462618827819824,18.31191658973694
0.009312103,0.03182994,0.08303253,0.057357375,0.01869157,0.040044703707098964,16.401564629748464
0.019541007,0.123505294,0.28620303,0.07043634,0.019277226,0.10379257947206497,18.632740281522274
0.016666947,0.016825585,0.4510562,0.0061448505,0.014384626,0.10101564414799213,18.535547545179725
0.03687415,0.08422541,0.1754881,0.033289626,0.045197748,0.07501500621438027,17.62552521750331
0.10150177,0.17484003,0.38053054,0.036644217,0.38074827,0.21485296562314035,22.51985379680991
0.0017336559,0.010742255,0.051069897,0.009640483,0.002217534,0.015080764866434039,15.527826770325191
0.064005,0.047310486,0.6412127,0.029543554,0.09964116,0.17634258083999158,21.171990329399705
0.004145901,0.019891193,0.06586116,0.027984489,0.00705064,0.024986676219850776,15.874533667694777
0.003597573,0.005564798,0.046218697,0.0016141414,0.043132238,0.020025489502586424,15.700892132590525
0.021099659,0.016377633,0.35482463,0.010452063,0.008393056,0.08222940862178803,17.87802930176258
0.003441826,0.010918383,0.05393053,0.001937874,0.044915747,0.023028871580027047,15.806010505300947
0.11785947,0.15707864,0.50820285,0.14036855,0.09112689,0.2029272794723511,22.102454781532288
0.14605467,0.2207826,0.6386792,0.15050386,0.10997136,0.25319833755493165,23.861941814422607
0.0010174409,0.0074218856,0.042545952,0.014536004,0.0027412416,0.01365250472445041,15.477837665355764
0.062463112,0.12537159,0.39808396,0.023012782,0.3541704,0.1926203701645136,21.741712955757976
0.038586237,0.050358023,0.44353962,0.08288186,0.1325923,0.14959160909056665,20.235706318169832
0.028841075,0.06795164,0.46708512,0.045189805,0.19616467,0.16104646250605584,20.636626187711954
0.0030193054,0.009973871,0.046371628,0.008732637,0.014659074,0.016551303025335074,15.579295605886728
0.013925146,0.027210506,0.162929,0.09786511,0.025156537,0.06541725993156433,17.28960409760475
0.05198637,0.12885238,0.6690818,0.08555919,0.21601671,0.23029929175972938,23.06047521159053
0.0041235043,0.004000576,0.26158094,0.000646361,0.0031176158,0.05469380026916042,16.914283009420615
0.09653375,0.262266,0.47384286,0.08781571,0.20066911,0.22422548830509187,22.847892090678215
0.001174066,0.002826036,0.034080837,0.0009019034,0.0024444074,0.008285449934192004,15.28999074769672
0.0023235548,0.019485548,0.07629481,0.0119278,0.0032935054,0.022665043640881778,15.793276527430862
0.02062697,0.04757053,0.46214417,0.018084377,0.02496099,0.11467740647494794,19.013709226623178
0.012302026,0.028477792,0.21308644,0.03738059,0.010248346,0.060299039259552954,17.110466374084353
0.0015973229,0.007723531,0.050452642,0.008281077,0.0023420302,0.014079320733435454,15.49277622567024
0.0039207577,0.008261661,0.056326013,0.01249816,0.009212686,0.018043855484575034,15.631534941960126
0.19416326,0.32251626,0.5122139,0.067882285,0.24753083,0.2688613057136536,24.410145699977875
0.050748643,0.11235238,0.2715056,0.028816415,0.34667113,0.162018832936883,20.670659152790904
0.19138765,0.284259,0.50728554,0.09978732,0.2996964,0.27648317664861677,24.676911182701588
0.071728095,0.10694306,0.29183343,0.13463601,0.0367171,0.12837154045701027,19.49300391599536
0.02008238,0.037993208,0.14705563,0.016312752,0.0119309705,0.04667498730123043,16.633624555543065
0.028043741,0.091024704,0.52050596,0.03208041,0.34053227,0.2024374183267355,22.085309641435742
0.1110692,0.10033594,0.51447517,0.062507264,0.23006813,0.203691141307354,22.12918994575739
0.01222033,0.025606656,0.4001667,0.022685468,0.01313388,0.09476260486990215,18.316691170446575
0.13929145,0.17009017,0.7526062,0.034009315,0.14376959,0.24795334786176684,23.67836717516184
0.02444675,0.16052634,0.32572794,0.10000036,0.02538931,0.12721813879907132,19.452634857967496
0.006296256,0.010059118,0.12128622,0.007883465,0.0043397523,0.029972962476313113,16.04905368667096
0.16346616,0.31300762,0.64438707,0.073463164,0.3724431,0.3133534237742424,25.967369832098484
0.03434174,0.052590683,0.122299105,0.010555195,0.03553111,0.05106356702744961,16.787224845960736
0.031837396,0.032549772,0.34904587,0.018657442,0.007860644,0.08799022547900678,18.079657891765237
0.081126265,0.13859722,0.6297493,0.07730434,0.06821488,0.19899840056896212,21.964944019913673
0.03948139,0.07270033,0.14726676,0.01665002,0.076629855,0.07054567076265812,17.469098476693034
0.019176165,0.05175949,0.122197725,0.05277426,0.035629645,0.05630745701491833,16.97076099552214
0.0008204507,0.003685777,0.052027512,0.0015899666,0.0012128784,0.01186731702182442,15.415356095763855
0.029684262,0.10763792,0.23215549,0.012434157,0.08602874,0.09358811303973198,18.27558395639062
0.09983866,0.17699672,0.7447213,0.065000065,0.14180502,0.2456723526120186,23.59853234142065
0.0012038449,0.0027521846,0.036851402,0.0005622317,0.0031593975,0.008905812224838883,15.311703427869361
0.0020725294,0.011739736,0.054410048,0.009959652,0.0034733005,0.016331053245812657,15.571586863603443
0.10257823,0.2850274,0.48968318,0.043654267,0.44152018,0.2724926553666592,24.53724293783307
0.0075853853,0.013719397,0.06600971,0.0035639429,0.014347803,0.021045247092843056,15.736583648249507
0.13332646,0.257424,0.3940994,0.041198306,0.3973569,0.2446810141205788,23.563835494220257
0.24939674,0.18187112,0.571235,0.13141413,0.25768068,0.2783195346593857,24.7411837130785
0.057140913,0.19939929,0.4054467,0.014998938,0.18933576,0.17326432298868896,21.064251304604113
0.173646,0.27961558,0.7079657,0.14712478,0.19194114,0.3000586360692978,25.502052262425423
0.018615494,0.04410812,0.11670196,0.015671495,0.020808978,0.043181209266185766,16.5113423243165
0.023654642,0.063774474,0.6832026,0.019355576,0.27589935,0.21317733339965345,22.46120666898787
0.12860623,0.26705748,0.7242619,0.08962157,0.18646725,0.2792028814554215,24.77210085093975
0.01706347,0.07460554,0.1957737,0.027888853,0.018648578,0.06679602935910224,17.33786102756858
0.04077418,0.17075427,0.299151,0.16457455,0.033892933,0.1418293870985508,19.964028548449278
0.08961366,0.34159026,0.70988804,0.06669824,0.25824764,0.29320756793022157,25.262264877557755
0.0022995074,0.008748882,0.08199188,0.012994442,0.0067200414,0.022550950897857545,15.789283281425014
0.0077290228,0.029356798,0.26107478,0.020033859,0.17202121,0.09804313424974681,18.431509698741138
0.0034946864,0.01842976,0.07402378,0.013592222,0.005117945,0.022931679245084526,15.802608773577958
0.0073802,0.022105675,0.10127959,0.010347115,0.0076608486,0.029754685051739217,16.041413976810873
0.17266275,0.29377916,0.68837714,0.08739657,0.32512534,0.3134681925177574,25.97138673812151
0.013777724,0.0504215,0.13753359,0.04755433,0.023021542,0.05446173660457134,16.906160781159997
0.010126702,0.03104652,0.117030516,0.024330603,0.0072696707,0.03796080248430372,16.32862808695063
0.0023186908,0.015263056,0.07070186,0.016022801,0.0040875515,0.021678791986778377,15.758757719537243
0.003423192,0.010855973,0.06727456,0.0016975737,0.023123464,0.02127495303284377,15.744623356149532
0.059465975,0.14007986,0.7648955,0.024886899,0.06684441,0.21123452782630922,22.393208473920822
0.0014416697,0.006462394,0.047280055,0.008763284,0.0028543617,0.013360352814197542,15.467612348496914
0.017736647,0.038324337,0.10234871,0.034804158,0.026919115,0.04402659311890602,16.54093075916171
0.13753341,0.35774696,0.6201904,0.067469545,0.43894854,0.3243777677416802,26.353221870958805
0.12415769,0.15838014,0.3750601,0.093240134,0.21137552,0.1924427181482315,21.735495135188103
0.0010371559,0.0026164537,0.03509489,0.00093184673,0.0021335038,0.008362770162057132,15.292696955672
0.14956102,0.24417493,0.35914448,0.039159227,0.33132103,0.2246721364557743,22.8635247759521
0.100330286,0.19723617,0.4093381,0.05091018,0.41534156,0.23463125452399256,23.21209390833974
0.030899955,0.065052144,0.18116695,0.018233754,0.09450165,0.07797089032828808,17.728981161490083
0.14390036,0.3144154,0.7253059,0.10195127,0.26242387,0.30959936380386355,25.835977733135223
0.025831481,0.10564052,0.22836539,0.030138468,0.027542809,0.08350373469293118,17.92263071425259
0.006255619,0.0068465136,0.26910198,0.0021176985,0.0027628043,0.05741692259907723,17.009592290967703
0.047282983,0.07115943,0.21996412,0.048097547,0.055677753,0.08843636587262155,18.095272805541754
0.013723255,0.047664188,0.1932412,0.03184606,0.051277436,0.0675504269078374,17.36426494177431
0.14208037,0.27597392,0.7541675,0.124713175,0.37808126,0.3350032433867455,26.72511351853609
0.029118588,0.04561046,0.18238883,0.023393713,0.07984218,0.07207075394690036,17.522476388141513
0.016484804,0.027989864,0.29480338,0.018124461,0.007631322,0.07300676656886937,17.555236829910427
0.0066447593,0.0115141235,0.11217734,0.03406089,0.0056377905,0.034006981458514926,16.190244351048023
0.0034710714,0.017923186,0.07137929,0.010951212,0.003923632,0.021529677975922826,15.753538729157299
0.09872026,0.1831262,0.72009075,0.10294258,0.32618228,0.2862124115228653,25.017434403300285
0.017160632,0.042394854,0.17807662,0.010600033,0.013787179,0.05240386463701725,16.834135262295604
0.15856719,0.31127915,0.57534766,0.110348135,0.4146987,0.31404816508293154,25.991685777902603
0.0028218867,0.014804639,0.06424557,0.018102098,0.0025578593,0.02050640997476876,15.717724349116907
0.02002953,0.03453513,0.14509058,0.026405241,0.018683223,0.04894874058663845,16.713205920532346
0.0008824596,0.004228175,0.036183313,0.008085771,0.0027385706,0.010423657856881619,15.364828024990857
0.0029659928,0.005842697,0.042799167,0.0007814022,0.008491644,0.012176180584356188,15.426166320452467
0.05993822,0.17485508,0.7773741,0.034506116,0.20844749,0.2510241985321045,23.785846948623657
0.004293405,0.0059100464,0.08932828,0.0012772329,0.004689372,0.021099667600356045,15.738488366012461
0.0012926216,0.00801021,0.08197478,0.005470512,0.0019671856,0.019743062159977853,15.691007175599225
0.0058021005,0.028506499,0.14278856,0.016586814,0.004897863,0.03971636714413763,16.390072850044817
0.018029029,0.049737975,0.13673685,0.010998197,0.017040692,0.046508549526333806,16.627799233421683
0.0005779912,0.0012958668,0.028205402,0.00042929623,0.0015750546,0.006416722200810909,15.224585277028382
0.0052560535,0.007919031,0.123326585,0.0020927826,0.0025308128,0.028225052962079642,15.987876853672788
0.026218079,0.061161373,0.13609216,0.023382735,0.19272788,0.08791644424200058,18.07707554847002
0.21136849,0.2514036,0.70736665,0.05504584,0.20076646,0.2851902060210705,24.981657210737467
0.0015109134,0.012341394,0.06079598,0.010082578,0.0023640685,0.017418987140990796,15.609664549934678
0.19335958,0.34432778,0.59033287,0.17669693,0.34198698,0.32934082746505744,26.526928961277008
0.055616647,0.25188753,0.6054625,0.14253372,0.14622146,0.2403443694114685,23.412052929401398
0.08309654,0.23436005,0.5317217,0.09030785,0.1011244,0.2081221103668213,22.284273862838745
0.013288166,0.040265087,0.13383701,0.015325059,0.008164396,0.0421759445220232,16.476158058270812
0.00217767,0.006815048,0.06562254,0.007141,0.0025842525,0.016868101758882405,15.590383561560884
0.023284754,0.04865189,0.33162332,0.023037242,0.007738529,0.08686714582145215,18.040350103750825
0.09260657,0.1983808,0.5538211,0.052774865,0.25205716,0.22992809638381007,23.04748337343335
0.0103357835,0.05117124,0.110762596,0.041186724,0.009062125,0.04450369365513325,16.557629277929664
0.10239835,0.22380355,0.6768752,0.059720874,0.10512616,0.23358482122421267,23.175468742847443
0.032346398,0.05883207,0.19895679,0.022128498,0.22300178,0.1070531066507101,18.746858732774854
0.16412163,0.31413874,0.6083093,0.08280095,0.31851387,0.29757690280675886,25.41519159823656
0.0010486225,0.0041650557,0.050019357,0.0017023317,0.001609083,0.011708890064619481,15.409811152261682
0.002631152,0.014692584,0.075145595,0.009587916,0.0021023534,0.02083191997371614,15.729117199080065
0.0016205583,0.0034710648,0.039016753,0.0008502411,0.0037710508,0.009745933709200471,15.341107679822017
0.029595777,0.043104086,0.49261796,0.029292261,0.03814347,0.12655071206390858,19.4292749222368
0.14181882,0.2265103,0.6048692,0.15576771,0.24904042,0.27560128867626194,24.646045103669167
0.009816299,0.049551405,0.17840238,0.027993433,0.05515291,0.06418328564614058,17.24641499761492
0.035227437,0.048380848,0.16589725,0.03233606,0.08014007,0.07239633277058602,17.53387164697051
0.028449861,0.13570367,0.30636057,0.067647085,0.05875646,0.11938352920114993,19.178423522040248
0.07603696,0.11314032,0.40219796,0.020326864,0.3008846,0.18251734152436258,21.38810695335269
0.124907814,0.29184222,0.79070103,0.10556833,0.39259404,0.34112268686294556,26.939294040203094
0.019339899,0.06734122,0.16052297,0.077781595,0.022044268,0.0694059904664755,17.429209666326642
0.24937725,0.30751273,0.5121015,0.11928867,0.35395154,0.30844633281230927,25.795621648430824
0.0724668,0.09943524,0.42446825,0.037897702,0.27322605,0.18149880841374397,21.35245829448104
0.036524177,0.12276501,0.2936609,0.0485357,0.0645753,0.11321221962571146,18.9624276868999
0.0018269888,0.004230071,0.12175844,0.0011077034,0.021591062,0.030102852685377,16.053599843988195
0.002901895,0.004072079,0.13583973,0.00080034713,0.0032853195,0.029379874223377556,16.028295597818214
0.012863305,0.017101347,0.2986856,0.023492714,0.013884864,0.07320556826889515,17.56219488941133
0.0010186373,0.0030735766,0.038522765,0.0016327493,0.0025264097,0.009354827599599958,15.327418965985999
0.042579472,0.057348404,0.16468284,0.06612558,0.10781057,0.08770937249064446,18.069828037172556
0.08006414,0.050324466,0.67437476,0.01319969,0.14371204,0.19233501981943849,21.731725693680346
0.00967784,0.007672429,0.34733203,0.0016883275,0.010352277,0.0753445809474215,17.637060333159752
0.0399246,0.16896008,0.33813643,0.116783954,0.040592175,0.14087944850325584,19.930780697613955
0.031108176,0.021876425,0.754488,0.003400346,0.026767071,0.16752800191752615,20.863480067113414
0.01986894,0.02730138,0.3464148,0.02882453,0.010319831,0.08654589727520942,18.02910640463233
0.0073981974,0.008632083,0.08726905,0.0017363928,0.01009855,0.02302685522008687,15.80593993270304
0.030873138,0.04252332,0.61574817,0.015162161,0.019625083,0.14478637389838694,20.067523086443543
0.008189529,0.034606826,0.15700069,0.019111495,0.005104216,0.04480255134403706,16.568089297041297
0.031593986,0.05338101,0.12423292,0.02895135,0.16939013,0.08150987848639489,17.85284574702382
0.0021179828,0.00656105,0.04847737,0.0015765948,0.0026714643,0.012280892487615347,15.429831237066537
0.0006409184,0.0038687054,0.040857684,0.004465282,0.0012143054,0.010209378995932638,15.357328264857642
0.0032953059,0.007884054,0.07458034,0.0042522987,0.003965674,0.01879553492181003,15.657843722263351
0.011282907,0.00977597,0.34678504,0.0028823921,0.014885595,0.07712238058447839,17.699283320456743
0.16769235,0.20493056,0.57127804,0.08835689,0.31131327,0.2687142208218575,24.40499772876501
0.0062330635,0.0134173175,0.106178366,0.008430538,0.0040634843,0.02766455374658108,15.968259381130338
0.0074030664,0.0179105,0.09111694,0.0031847537,0.009290554,0.02578116306103766,15.902340707136318
0.00056734815,0.0024825342,0.031910866,0.0025227617,0.0015697202,0.007810646144207567,15.273372615047265
0.011762047,0.04177013,0.19291194,0.0046682144,0.020801261,0.05438271816819906,16.903395135886967
0.14301574,0.14100896,0.62767696,0.043138083,0.13004771,0.21697749122977258,22.59421219304204
0.0056010126,0.024524257,0.08099651,0.021877037,0.005117534,0.027623270824551585,15.966814478859305
0.18106325,0.33655652,0.50404817,0.082193874,0.25632334,0.27203703075647356,24.521296076476574
0.17496361,0.19618121,0.2865368,0.040503033,0.2103553,0.18170799165964127,21.359779708087444
0.071320325,0.14698373,0.719103,0.03677417,0.32560128,0.2599564962089062,24.098477367311716
0.21038294,0.14027844,0.53424287,0.084629424,0.08409985,0.2107267051935196,22.375434681773186
0.14178714,0.11207757,0.43052992,0.05492166,0.18096404,0.1840560667216778,21.441962335258722
0.029134324,0.0862868,0.18176442,0.057348672,0.024624137,0.07583167105913163,17.654108487069607
0.0033236486,0.013583255,0.057014573,0.02842767,0.007473599,0.02196454918012023,15.768759221304208
0.13651466,0.26151913,0.7888904,0.11676093,0.3642392,0.3335848674178124,26.675470359623432
0.025233774,0.0497033,0.13993874,0.052924085,0.055223837,0.06460474766790866,17.261166168376803
0.06039775,0.19309002,0.70407695,0.033365056,0.3334852,0.264882992208004,24.27090472728014
0.10979029,0.09738833,0.25238037,0.03215997,0.046509303,0.1076456516981125,18.767597809433937
0.02468988,0.052493654,0.51271474,0.024978926,0.19910935,0.1627973098307848,20.697905844077468
0.034154993,0.052171793,0.14318757,0.034655932,0.089753516,0.07078476026654243,17.477466609328985
0.03629123,0.09799196,0.24120915,0.032905847,0.024392068,0.08655805066227913,18.02953177317977
0.016230067,0.035489082,0.3851448,0.022184627,0.2362813,0.13906597644090654,19.86730917543173
0.0014982675,0.008828337,0.047247678,0.007812159,0.0016589541,0.01340907921548933,15.469317772542126
0.004810661,0.0328492,0.079973705,0.035095476,0.005886466,0.03172310153022408,16.110308553557843
0.16266763,0.25933915,0.3323791,0.06524108,0.3300662,0.2299386352300644,23.047852233052254
0.12426052,0.25822008,0.51309365,0.07820381,0.37325895,0.2694074019789696,24.429259069263935
0.005125467,0.020118214,0.083731204,0.013720015,0.011284434,0.026795866992324592,15.93785534473136
0.0022329479,0.0050883465,0.05587265,0.002147041,0.0033824698,0.013744690828025341,15.481064178980887
0.02593828,0.072553046,0.17992033,0.08305385,0.01985807,0.07626471519470215,17.669265031814575
0.016480954,0.092598096,0.19515233,0.0568236,0.01927299,0.07606559358537197,17.66229577548802
0.021921774,0.06739149,0.30286875,0.091247775,0.018678809,0.10042172074317933,18.514760226011276
0.044047203,0.09443784,0.3113253,0.008145439,0.12787211,0.11716558020561935,19.100795307196677
0.013516855,0.032334775,0.09095343,0.011106731,0.09844907,0.04927217196673155,16.724526018835604
0.17789838,0.29586866,0.70016843,0.08120322,0.36605692,0.3242391228675843,26.348369300365448
0.003675466,0.019392576,0.06803708,0.02333059,0.006259148,0.024138971511274577,15.84486400289461
0.1067015,0.123715326,0.7820656,0.04488064,0.25171122,0.2618148513138294,24.16351979598403
0.0011938125,0.0043275165,0.051285133,0.0010626029,0.0016603668,0.011905886279419065,15.416706019779667
0.0075191343,0.011369702,0.1674402,0.002271507,0.0234688,0.04241386987268925,16.484485445544124
0.057870764,0.10222514,0.6673198,0.019701134,0.2214488,0.21371312141418458,22.47995924949646
0.006312683,0.03622406,0.13167074,0.030005805,0.011428905,0.04312843922525645,16.509495372883976
0.23958384,0.17992659,0.64668465,0.091673955,0.17412539,0.2663988828659058,24.3239609003067
0.041765973,0.120756954,0.3117642,0.092024714,0.084210716,0.13010451346635818,19.553657971322536
0.16043328,0.2913825,0.7166977,0.14907324,0.38086846,0.33969103395938877,26.889186188578606
0.042703852,0.04590825,0.23624621,0.06832342,0.06509839,0.0916560247540474,18.20796086639166
0.0015117027,0.01319902,0.08994669,0.008486663,0.002401097,0.023109034006483852,15.808816190226935
0.001635335,0.0068541826,0.07415425,0.004459897,0.001408236,0.01770238019526005,15.619583306834102
0.10405861,0.16197434,0.33997917,0.050622605,0.28372395,0.18807173520326617,21.582510732114315
0.017319197,0.030436771,0.11220664,0.007513742,0.07372959,0.04824118744581938,16.68844156060368
0.005141096,0.0086615905,0.0936864,0.005500182,0.010932929,0.02478443989530206,15.867455396335572
0.0813176,0.250093,0.50580186,0.14725707,0.1317723,0.2232483685016632,22.813692897558212
0.12464642,0.29418477,0.4890476,0.048759043,0.35653907,0.26263537853956226,24.192238248884678
0.12181491,0.17957759,0.78126574,0.028309764,0.13524985,0.24924356974661352,23.723524941131473
0.0034443536,0.014866525,0.07296458,0.017732289,0.003366107,0.022474770667031407,15.7866169733461
0.012478706,0.059877317,0.23772484,0.054865975,0.010144632,0.0750182943418622,17.625640301965177
0.0011444298,0.0058816792,0.04888278,0.00871774,0.001689359,0.013263197336345912,15.464211906772107
0.06163526,0.09427639,0.61470133,0.024772026,0.2825331,0.21558362320065502,22.545426812022924
0.001066579,0.0056976024,0.0961157,0.0037113181,0.00068142434,0.021454524958971887,15.750908373564016
0.018730162,0.06306911,0.48047063,0.020860841,0.25948638,0.16852342411875726,20.898319844156504
0.005095013,0.008118075,0.17697728,0.005286848,0.011180319,0.041331506427377464,16.44660272495821
0.09386345,0.15759806,0.2755373,0.048002668,0.38715348,0.19243099391460422,21.735084787011147
0.0032516536,0.010380155,0.052811015,0.003711819,0.0053515187,0.015101232426241042,15.528543134918436
0.04316614,0.13090687,0.22288276,0.08830704,0.027909216,0.10263440385460855,18.5922041349113
0.07322689,0.124874316,0.5810462,0.07226689,0.15685979,0.20165482163429263,22.05791875720024
0.0018165143,0.007815449,0.062368046,0.002294234,0.0022920084,0.0153172503458336,15.536103762104176
0.15718873,0.23827156,0.58707833,0.07001677,0.35310614,0.28113230764865876,24.839630767703056
0.058680385,0.10977179,0.20202702,0.0196209,0.307809,0.1395818181335926,19.88536363467574
0.0062729935,0.0090869265,0.12334926,0.0023785774,0.008561192,0.029929789248853925,16.047542623709887
0.0074325157,0.012476333,0.08225103,0.0038721582,0.009135634,0.023033533664420246,15.806173678254709
0.0037177028,0.015656328,0.050938018,0.00418577,0.06727806,0.028355175163596872,15.99243113072589
0.002350996,0.004239505,0.08852393,0.0008659203,0.0071629444,0.020628659531939778,15.722003083617892
0.018072605,0.03467847,0.080230996,0.01659334,0.06385907,0.04268689602613449,16.494041360914707
0.020527145,0.026735108,0.12679861,0.008506648,0.033426765,0.04319885633885861,16.51195997186005
0.046438992,0.11270391,0.43925577,0.07612124,0.028072186,0.14051842093467715,19.9181447327137
0.0006989936,0.0033176767,0.055591006,0.0025300798,0.00196931,0.012821413192432374,15.448749461735133
0.15710652,0.23112556,0.5030299,0.075464055,0.36828008,0.26700122058391573,24.34504272043705
0.0015167444,0.009532858,0.06749966,0.004454916,0.0012540581,0.016851647198200224,15.589807651937008
0.062738985,0.1265336,0.25435016,0.04154096,0.256277,0.14828813895583154,20.190084863454103
0.00097428146,0.0030646215,0.03239342,0.002107311,0.0058766403,0.008883254509419203,15.310913907829672
0.1448218,0.36625126,0.6886951,0.06638179,0.3166363,0.3165572419762611,26.07950346916914
0.0038827888,0.010344629,0.048947036,0.0058806976,0.013319262,0.016474882839247584,15.576620899373665
0.027467003,0.08822711,0.24341026,0.012423592,0.10877923,0.09606143832206726,18.362150341272354
0.16499183,0.16470152,0.5617587,0.034731437,0.3001436,0.24526541605591776,23.58428956195712
0.0028705702,0.009810026,0.06056947,0.024874602,0.007966044,0.021218142146244647,15.742634975118563
0.008907598,0.019437239,0.23937823,0.0074945576,0.07404562,0.06985264886170627,17.44484271015972
0.0014432162,0.0029966442,0.046821915,0.0008490365,0.0027195222,0.010966066760011016,15.383812336600386
0.0048248107,0.007889655,0.08575409,0.001530286,0.005744835,0.021148735214956107,15.740205732523464
0.021329008,0.060413238,0.15263493,0.012244464,0.062231403,0.061770609207451345,17.161971322260797
0.05708817,0.13910136,0.5700948,0.079051554,0.058850765,0.18083733394742013,21.329306688159704
0.00081687275,0.0027238412,0.05262593,0.0013322256,0.00080076087,0.01165992645546794,15.408097425941378
0.1150469,0.28241432,0.75047296,0.093382426,0.37025726,0.3223147734999657,26.2810170724988
0.0732134,0.13960478,0.69716305,0.060778163,0.07612926,0.2093777284026146,22.32822049409151
0.07021716,0.100132145,0.4179895,0.051595856,0.024518885,0.13289070799946787,19.651174779981375
0.068284154,0.17461793,0.83588314,0.046453487,0.29603675,0.2842550925910473,24.948928240686655
0.005849686,0.016965305,0.09589343,0.019726636,0.0051288824,0.02871278747916222,16.004947561770678
0.0657281,0.121858776,0.76189065,0.05309925,0.20330475,0.24117630496621134,23.441170673817396
0.020721849,0.06891004,0.21542276,0.04329325,0.019899992,0.07364957891404629,17.57773526199162
0.01598506,0.029481236,0.29695308,0.055661242,0.01962,0.08354012407362461,17.92390434257686
0.00941911,0.022344017,0.18948413,0.014029994,0.0437324,0.05580193120986224,16.953067592345178
0.070800096,0.1458218,0.58076614,0.048694428,0.27411875,0.22404024228453637,22.841408479958773
0.09152183,0.1375367,0.5586536,0.023995755,0.29112366,0.22056630812585354,22.719820784404874
0.03436629,0.035099916,0.42541826,0.040270433,0.01527952,0.11008688360452652,18.853040926158428
0.05366644,0.117989846,0.21349187,0.042744726,0.22918586,0.13141574934124947,19.59955122694373
0.13727298,0.30138606,0.6975329,0.13739118,0.21199787,0.2971161961555481,25.399066865444183
0.00020823164,0.0019763676,0.022419427,0.0029685956,0.00033429198,0.005581382670789026,15.195348393477616
0.01515873,0.024634384,0.26333857,0.008898986,0.00715581,0.06383729493245484,17.23430532263592
0.0143189095,0.060158473,0.15570833,0.04740717,0.009917157,0.05750200711190701,17.012570248916745
0.06760965,0.14478019,0.4507077,0.03411322,0.20692445,0.1808270439505577,21.32894653826952
0.00031426954,0.001988373,0.033651266,0.0008054529,0.00035561636,0.007422995602246374,15.259804846078623
0.008589647,0.02369957,0.10072046,0.017675195,0.097878516,0.049712677113711835,16.739943698979914
0.001053192,0.008658577,0.05204012,0.0074128592,0.0016655505,0.014166059438139202,15.495812080334872
0.08452865,0.20929874,0.7209194,0.104763195,0.14921176,0.2537443444132805,23.881052054464817
0.0032358323,0.011325789,0.06384338,0.012985761,0.0053115804,0.019340467918664218,15.676916377153248
0.13185188,0.2631852,0.4484184,0.04879516,0.44124576,0.2666992835700512,24.33447492495179
0.0015678784,0.0063471776,0.07565767,0.0037398997,0.0013867683,0.017739879433065656,15.620895780157298
0.07731917,0.063226976,0.5721754,0.036528546,0.19542669,0.1889353521168232,21.612737324088812
0.0005213557,0.0053650923,0.03136764,0.0075142607,0.00064755284,0.009083180502057076,15.317911317571998
0.023556076,0.04739836,0.11573068,0.023062864,0.047658127,0.05148122124373913,16.80184274353087
0.0004781279,0.0033080946,0.03325435,0.0034755806,0.0006929041,0.008241811732295901,15.288463410630357
0.005900087,0.024075177,0.09126498,0.012022741,0.005055192,0.027663634903728963,15.968227221630514
0.073929414,0.12665363,0.7189044,0.035476957,0.122869335,0.2155667416751385,22.544835958629847
0.009122685,0.019945532,0.102960706,0.035376646,0.021112416,0.03770359680056572,16.3196258880198
0.043060906,0.042734046,0.18112166,0.027581688,0.049642984,0.0688282571732998,17.408989001065493
0.07861594,0.084673405,0.2807226,0.0636336,0.15790641,0.1331103891134262,19.658863618969917
0.0019127512,0.008774281,0.050725784,0.013734729,0.0033038822,0.015690285433083772,15.549159990157932
0.0028045038,0.004246782,0.07429777,0.0010535135,0.0030244384,0.017085401713848116,15.597989059984684
0.10855179,0.1439177,0.27313498,0.094218515,0.13792042,0.15154868066310884,20.30420382320881
0.004890518,0.015447554,0.0823609,0.012147485,0.0043044086,0.02383017335087061,15.834056067280471
0.3487563,0.32804057,0.52777034,0.3200658,0.33674654,0.37227591276168825,28.029656946659088
0.0010178282,0.0032478692,0.03666998,0.0013366573,0.003000462,0.009054559492506088,15.316909582237713
0.0032912209,0.008527007,0.058815625,0.0069444003,0.0051118904,0.016538028605282307,15.57883100118488
0.00067687774,0.005611561,0.036047887,0.006771957,0.000855158,0.009992688125930725,15.349744084407575
0.009735411,0.022126064,0.07109645,0.0074729417,0.02983596,0.028053365275263788,15.981867784634233
0.09467478,0.27175564,0.3805714,0.042477883,0.4873335,0.2553626403212548,23.937692411243916
0.044857822,0.06022269,0.35800242,0.010645764,0.07828451,0.11040264181792737,18.864092463627458
0.24400963,0.17570162,0.5437177,0.09919663,0.12818818,0.2381627470254898,23.335696145892143
0.0033409693,0.011438514,0.09166048,0.0025879657,0.0056316936,0.02293192399665713,15.802617339883
0.0027278895,0.004085659,0.07103305,0.00079337676,0.0034626897,0.01642053361283615,15.574718676449265
0.0026537864,0.010852983,0.07228912,0.008171944,0.0037152274,0.019536611530929806,15.683781403582543
0.027997768,0.1007573,0.3680251,0.09764935,0.033546764,0.12559525556862355,19.395833944901824
0.0036201735,0.008526588,0.047945328,0.0023484507,0.015522538,0.015592615585774183,15.545741545502096
0.011912243,0.03368986,0.08614341,0.010749168,0.13204463,0.054907862283289435,16.92177517991513
0.1317444,0.14536114,0.370594,0.103368536,0.31279758,0.2127731293439865,22.447059527039528
0.08105173,0.10140524,0.36352253,0.07566011,0.027703747,0.12986867129802704,19.545403495430946
0.05372501,0.03416544,0.42553374,0.013473814,0.01225643,0.10783088728785516,18.77408105507493
0.059569124,0.14474455,0.8231285,0.02577036,0.28276,0.2671945091336966,24.35180781967938
0.029398024,0.06804546,0.13444747,0.041345306,0.066336825,0.06791461706161499,17.377011597156525
0.001222092,0.0023714032,0.054122534,0.0011694317,0.004722955,0.012721683131530883,15.44525890960358
0.004851914,0.015622705,0.113141336,0.0058436883,0.0050248317,0.028896894957870244,16.01139132352546
0.00025788762,0.00093164266,0.023396187,0.0003734503,0.0005950695,0.005110847321338952,15.178879656246863
0.015246696,0.10018917,0.19477484,0.049166925,0.02130829,0.07613718379288913,17.66480143275112
0.10901001,0.17733994,0.63343537,0.053565897,0.084057756,0.21148179471492767,22.40186281502247
0.0019316402,0.0076380083,0.054845523,0.0068127015,0.0020338865,0.014652351918630303,15.51283231715206
0.0013215382,0.011767984,0.0527456,0.013835911,0.0017429871,0.01628280393779278,15.569898137822747
0.06579643,0.17862971,0.3451492,0.09808862,0.048618797,0.1472565494477749,20.15397923067212
0.022074228,0.0364077,0.22576723,0.04625314,0.012134022,0.06852726358920337,17.398454225622118
0.0030269644,0.012404441,0.10899137,0.005722756,0.002045655,0.026438237167894844,15.92533830087632
0.12757042,0.21052942,0.4864646,0.0723683,0.38253185,0.25589291602373126,23.956252060830593
0.003462237,0.011298435,0.06567653,0.013473744,0.003636788,0.01950954725034535,15.682834153762087
0.034080368,0.03696718,0.36099964,0.034761805,0.035274815,0.10041676238179206,18.514586683362722
0.00068617566,0.0030797368,0.037720058,0.0022837222,0.0014458643,0.009043111419305205,15.316508899675682
0.019884376,0.042404052,0.187706,0.010527839,0.20034005,0.09217246156185867,18.226036154665053
0.19033532,0.24369138,0.47119185,0.077501684,0.3058895,0.257721945643425,24.020268097519875
0.0018152776,0.007922969,0.06684926,0.006227236,0.0019184147,0.016946631693281235,15.593132109264843
0.0018477215,0.0052942685,0.05363486,0.0012021117,0.012172539,0.01483030002564192,15.519060500897467
0.03173104,0.047009952,0.10675466,0.03513402,0.06484064,0.05709406211972238,16.998292174190283
0.009521636,0.023833374,0.10172503,0.010435228,0.011958467,0.031494746357202535,16.10231612250209
0.16138843,0.31082055,0.6125679,0.10592611,0.2737491,0.2928904205560684,25.251164719462395
0.0017562379,0.0033989567,0.034973893,0.0010780473,0.007846581,0.009810743224807085,15.343376012868248
0.15175067,0.34973985,0.472547,0.062603176,0.47184035,0.3016962081193924,25.559367284178734
0.115372956,0.31774205,0.6854488,0.14055614,0.3733473,0.3264934569597245,26.427270993590355
0.013228322,0.03637106,0.2961595,0.029339608,0.17333238,0.10968617480248213,18.839016118086874
0.0007458061,0.005474633,0.04175164,0.0040407516,0.0007536286,0.01055329223163426,15.369365228107199
0.0006514082,0.0034576284,0.032726504,0.002766192,0.0012180384,0.008163954177871347,15.285738396225497
0.0018359238,0.013517325,0.05793418,0.012155504,0.0019584117,0.017480268818326296,15.61180940864142
0.029353695,0.07752855,0.20521572,0.054151427,0.015721822,0.07639424353837967,17.67379852384329
0.12516278,0.24528974,0.85116714,0.044544585,0.28775868,0.3107845857739449,25.87746050208807
0.25496474,0.34847978,0.58802027,0.20088989,0.31162533,0.3407959997653961,26.927859991788864
0.007384634,0.020500189,0.09910106,0.0034149024,0.008848312,0.02784981932491064,15.974743676371872
0.008343188,0.023383606,0.08849062,0.0051771062,0.042846836,0.033648271393030886,16.17768949875608
0.23699407,0.34133258,0.78955215,0.13028274,0.3761582,0.37486395239830017,28.120238333940506
0.047237568,0.18926021,0.38265702,0.1104859,0.034255728,0.15277928560972215,20.347274996340275
0.068007894,0.13106528,0.652939,0.04540664,0.32708305,0.24490037709474563,23.571513198316097
0.022659082,0.064105876,0.17691249,0.022862118,0.07567229,0.07244237065315247,17.535482972860336
0.0004146389,0.0018994821,0.022595255,0.0010089792,0.0011782533,0.00541932163760066,15.189676257316023
0.00143991,0.0051884307,0.04001563,0.0048835026,0.004081337,0.01112176210153848,15.389261673553847
0.0060785706,0.029834347,0.18007423,0.017122474,0.003946267,0.0474111775867641,16.659391215536743
0.19135368,0.23814465,0.69224066,0.09471033,0.27652016,0.29859389513731005,25.45078632980585
0.0022342082,0.017247692,0.057520326,0.022445112,0.0027046222,0.020430392166599632,15.715063725830987
0.076190874,0.067602195,0.768192,0.042960268,0.19459033,0.2299071319401264,23.046749617904425
0.0030009612,0.0063624135,0.053902317,0.0014183815,0.006205537,0.01417792197316885,15.49622726906091
0.05350895,0.06566606,0.47290742,0.031349115,0.034757424,0.13163779377937318,19.60732278227806
0.0469963,0.042153634,0.38522512,0.046851806,0.014125129,0.1070703972131014,18.74746390245855
0.009501339,0.021952467,0.08964117,0.00566592,0.012737985,0.027899775933474303,15.9764921576716
0.013740704,0.04253329,0.09205324,0.07172196,0.04702514,0.05341486800462008,16.869520380161703
0.102147914,0.3447103,0.6754135,0.13802835,0.21575311,0.2952106311917305,25.332372091710567
0.005245177,0.014262594,0.06668612,0.0034532428,0.006582749,0.019245977373793723,15.67360920808278
0.005760421,0.014457382,0.078096844,0.0077178655,0.009689556,0.023144413903355598,15.810054486617446
0.006853306,0.025050728,0.12907192,0.015626857,0.0038467222,0.03608990684151649,16.263146739453077
0.06693526,0.1284052,0.27704036,0.023330964,0.34825918,0.16879419386386874,20.907796785235405
0.22914846,0.20622724,0.6192268,0.08494458,0.2470291,0.2773152396082878,24.706033386290073
0.0011090519,0.003809748,0.03944728,0.0028858506,0.0026370764,0.009977801679633557,15.349223058787175
0.029177638,0.05352837,0.17368202,0.007836427,0.02131734,0.05710835848003626,16.99879254680127
0.0075160814,0.021875057,0.122190066,0.013297109,0.05946772,0.04486920703202486,16.57042224612087
0.14372553,0.24973854,0.6711374,0.055953395,0.25018466,0.27414790317416193,24.595176611095667
0.015789125,0.036999084,0.08363343,0.01846312,0.054146394,0.04180623069405556,16.463218074291945
0.002342185,0.0051170075,0.045256566,0.0016518915,0.019658826,0.014805295318365098,15.518185336142778
0.0028382298,0.0058590802,0.098988615,0.0005424106,0.012626679,0.024171002849470827,15.845985099731479
0.121818215,0.22002557,0.65425426,0.10754855,0.36754772,0.29423886239528657,25.29836018383503
0.084339455,0.18804258,0.41551068,0.08927186,0.058507286,0.16713437288999558,20.849703051149845
0.0010918836,0.0037924934,0.042249713,0.001005356,0.0016368594,0.00995526108890772,15.34843413811177
0.004881691,0.014575845,0.080261976,0.030564435,0.003906814,0.02683815201744437,15.939335320610553
0.001832573,0.0083373515,0.066264875,0.009899611,0.003690459,0.01800497388467193,15.630174085963517
0.04181572,0.19012335,0.34582773,0.048048522,0.044153556,0.13399377539753915,19.68978213891387
0.0028701373,0.013924505,0.06591453,0.0118333995,0.0033522903,0.01957897166721523,15.685264008352533
0.0018391327,0.0037072583,0.04522839,0.0008576367,0.011363444,0.012599171954207122,15.44097101839725
0.1171545,0.2228755,0.36342922,0.036503717,0.15293594,0.17857977598905564,21.250292159616947
0.00067211647,0.003789252,0.03983918,0.0021442866,0.00054853363,0.00939867339329794,15.328953568765428
0.05553757,0.05861841,0.37083012,0.009954641,0.036856547,0.1063594575971365,18.722581015899777
0.07789151,0.24563885,0.6038535,0.10326193,0.07768531,0.22166622579097747,22.75831790268421
0.03193807,0.03496377,0.6636452,0.008983344,0.034071006,0.15472027957439424,20.415209785103798
0.0017607412,0.0069162757,0.045519035,0.0048530954,0.0034868172,0.012507192976772788,15.437751754187047
0.049721085,0.18796968,0.43233615,0.18989632,0.17905438,0.20779552310705185,22.272843308746815
0.05800827,0.07356838,0.31666148,0.012227296,0.0925644,0.11060596387833357,18.871208735741675
0.0024725678,0.007388169,0.047844294,0.0027983112,0.0036677173,0.01283421195112169,15.449197418289259
0.1069567,0.12746008,0.36905992,0.1540719,0.049633797,0.16143647804856304,20.650276731699705
0.02007532,0.06769987,0.14304322,0.011512805,0.02342132,0.053150507062673574,16.860267747193575
0.17136978,0.23470016,0.606624,0.21315876,0.14394723,0.2739599853754044,24.588599488139153
0.0027108584,0.008882142,0.04032181,0.004815873,0.018953864,0.015136909019201996,15.52979181567207
0.0011589763,0.004260116,0.029208113,0.0040018857,0.020319568,0.01178973165806383,15.412640608032234
0.27226013,0.33610716,0.556436,0.23790267,0.3659994,0.35374107360839846,27.380937576293945
0.0033255985,0.014514045,0.088595666,0.006570792,0.002062502,0.02301372066140175,15.805480223149061
0.15360194,0.28112823,0.60365057,0.051322844,0.28643507,0.2752277307212353,24.632970575243235
0.0010831914,0.0027109473,0.033003066,0.000788707,0.0046459367,0.008446369611192495,15.295622936391737
0.003463157,0.012698767,0.0494705,0.007523306,0.04211269,0.023053683713078497,15.806878929957747
0.15419607,0.17660366,0.6686409,0.10791229,0.13615704,0.24870199263095857,23.70456974208355
0.00192641,0.009103519,0.065119796,0.004892089,0.002870065,0.016782375657930972,15.587383148027584
0.0014152572,0.008262098,0.044491317,0.013389227,0.0014894216,0.013809464150108397,15.483331245253794
0.0073578847,0.013400588,0.21175395,0.011431285,0.0041787024,0.049624481983482835,16.7368568694219
0.16396914,0.28411543,0.39685166,0.049033344,0.2811624,0.2350263983011246,23.22592394053936
0.049046516,0.10141523,0.3791109,0.049510974,0.31223214,0.17826315239071847,21.239210333675146
0.0060756244,0.023647787,0.07026511,0.0050079026,0.06914079,0.03482744256034494,16.218960489612073
0.23116185,0.13388784,0.62263805,0.0787954,0.14983298,0.24326322376728057,23.51421283185482
0.0007385714,0.0062944368,0.038501684,0.009150702,0.0014082299,0.011218724655918775,15.392655362957157
0.0010614126,0.0065269563,0.041858397,0.0085121645,0.0021005445,0.01201189507264644,15.420416327542625
0.072691634,0.22256608,0.5300473,0.032492552,0.27161247,0.2258820064365864,22.905870225280523
0.07395983,0.07125287,0.56333756,0.07026291,0.09060396,0.17388342618942262,21.08591991662979
0.1008027,0.14585006,0.6581207,0.04227231,0.070855945,0.20358034148812296,22.125311952084303
0.005647556,0.021669596,0.07332778,0.014806685,0.008690968,0.02482851706445217,15.868998097255826
0.08745743,0.10331886,0.22346766,0.051928036,0.22212662,0.1376597225666046,19.81809028983116
0.0024186221,0.009175339,0.041313555,0.002588532,0.008983119,0.012895833468064666,15.451354171382263
0.0036057679,0.0122887315,0.04886907,0.0039513665,0.06542411,0.02682780851610005,15.938973298063502
0.014924431,0.054484136,0.14963888,0.015464642,0.02778705,0.05245982725173235,16.836093953810632
0.07171441,0.14196174,0.35882857,0.03952787,0.18436885,0.15928028821945192,20.574810087680817
0.0011015733,0.0072263945,0.04131702,0.00868703,0.0013806354,0.011942530493251979,15.41798856726382
0.008528345,0.038743876,0.20142008,0.026702223,0.007820771,0.05664305984973907,16.982507094740868
0.13497123,0.24368481,0.3073481,0.11742038,0.35809973,0.23230485171079637,23.130669809877872
0.03372537,0.1966107,0.37304926,0.031179477,0.069094166,0.1407317951321602,19.925612829625607
0.07264239,0.13724892,0.37870678,0.035708793,0.047066454,0.13427466824650766,19.699613388627768
0.031012263,0.0623697,0.1725496,0.0115152085,0.16351722,0.08819279987365009,18.086747995577753
0.02726463,0.041021205,0.32003948,0.035078764,0.011256389,0.08693209402263166,18.042623290792108
0.018766444,0.034359362,0.11024597,0.0063997814,0.061001897,0.046154691465198995,16.615414201281965
0.08112343,0.120663576,0.34107524,0.084981,0.11272342,0.14811333268880844,20.183966644108295
0.0013962333,0.0070963646,0.063575655,0.004750267,0.0010892713,0.015581558318808674,15.545354541158304
0.015212325,0.030669378,0.33439443,0.0082713,0.008153514,0.0793401885777712,17.77690660022199
0.1071799,0.15824129,0.6193144,0.0453349,0.3220098,0.25041605308651926,23.764561858028173
0.0016080713,0.0047973134,0.04874811,0.0014020824,0.002049803,0.01172107590828091,15.410237656789832
0.0017433513,0.008783749,0.057426766,0.007211665,0.0019280418,0.015418714634142816,15.539655012194999
0.15950622,0.14058028,0.3016866,0.09555289,0.2596857,0.19140233993530276,21.699081897735596
0.02137046,0.05118464,0.14830904,0.008537103,0.0521706,0.05631436798721552,16.971002879552543
0.18223074,0.30267116,0.5972899,0.08615033,0.39638197,0.3129448264837265,25.953068926930428
0.023959944,0.04000182,0.13106954,0.014203144,0.06292857,0.05443260446190834,16.905141156166792
0.0031965647,0.028067693,0.1493838,0.020159025,0.0035805698,0.04087753011845052,16.43071355414577
0.00953828,0.021194406,0.08651246,0.038807403,0.015713714,0.034353252872824674,16.202363850548863
0.000563108,0.0027028942,0.040178847,0.0014129895,0.00065545447,0.00910265853162855,15.318593048607
0.007958211,0.037279226,0.115411215,0.03624399,0.010904579,0.04155944418162108,16.454580546356738
0.1524158,0.20887092,0.6497021,0.12682548,0.319584,0.29147965610027315,25.20178796350956
0.016768334,0.018148271,0.4277698,0.004137297,0.004983095,0.09436136158183217,18.302647655364126
0.1661328,0.28652382,0.6456069,0.100503124,0.33879265,0.30751185268163683,25.76291484385729
0.0016045116,0.007107534,0.048824884,0.010196607,0.0038375969,0.014314226619899274,15.500997931696475
0.06581404,0.11782155,0.25505045,0.043551523,0.3520582,0.16685915365815165,20.840070378035307
0.007856685,0.019432573,0.14558347,0.012103402,0.0057599028,0.03814720558002591,16.335152195300907
0.00076178525,0.003450169,0.041937374,0.0030698343,0.00093776395,0.01003138521919027,15.35109848267166
0.09538648,0.07160226,0.6174222,0.01785842,0.13666947,0.18778777197003366,21.572572018951178
0.016648967,0.024746366,0.20735027,0.078131005,0.014155541,0.06820642948150635,17.387225031852722
0.0011234869,0.005753522,0.045953903,0.0039172173,0.000981192,0.011545864259824156,15.404105249093845
0.004667295,0.011847213,0.100423306,0.0020686383,0.007782959,0.02535788230597973,15.88752588070929
0.012645228,0.033934977,0.12463224,0.011982188,0.07023209,0.05068534500896931,16.773987075313926
0.14936462,0.13310853,0.55942553,0.15732819,0.18364336,0.23657404482364655,23.28009156882763
0.009171698,0.021635314,0.07755014,0.01060473,0.020009609,0.027794298902153968,15.972800461575389
0.007030668,0.020687193,0.15008682,0.006671149,0.004455872,0.03778634034097195,16.322521911934018
0.01243716,0.023052529,0.11594539,0.0054749707,0.009093072,0.033200624585151675,16.16202186048031
0.04199763,0.091483586,0.39234152,0.06711206,0.097979926,0.13818294480443002,19.83640306815505
0.040657155,0.10255481,0.61256415,0.060194492,0.27155343,0.21750480681657794,22.612668238580227
0.0006246676,0.002979688,0.034215476,0.0025426282,0.0017392648,0.008420345024205746,15.294712075847201
0.036787838,0.11519608,0.29875124,0.026151652,0.07565285,0.11050793118774893,18.867777591571212
0.006133829,0.018167969,0.10358777,0.0052246023,0.004381592,0.027499152161180974,15.962470325641334
0.0325804,0.059282817,0.44412348,0.031936508,0.03453932,0.12049250453710557,19.217237658798695
0.035463057,0.047762726,0.28163606,0.020737264,0.0775152,0.09262286126613617,18.241800144314766
0.0033000421,0.010718874,0.18491149,0.0034064825,0.06692823,0.05385302361100912,16.88485582638532
0.0049735145,0.018049186,0.08211196,0.013393101,0.004808881,0.024667328968644146,15.863356513902545
0.053926334,0.10045748,0.28486967,0.011144839,0.09117582,0.10831482857465743,18.79101900011301
0.0023904252,0.012980132,0.06719061,0.01672998,0.0038359512,0.020625419868156313,15.721889695385471
0.011391753,0.023047145,0.08830524,0.003973791,0.0454012,0.03442382654175163,16.204833928961307
0.01755719,0.020062247,0.26885733,0.018079571,0.0053176503,0.06597479796037078,17.309117928612977
0.006099964,0.012897949,0.15186968,0.003948918,0.0056581935,0.03609494175761938,16.26332296151668
0.005224354,0.017379623,0.076443814,0.016909039,0.008062663,0.02480389839038253,15.868136443663388
0.12721883,0.32074696,0.63811773,0.09550196,0.42227018,0.32077113091945647,26.226989582180977
0.0025763835,0.0060817148,0.0601275,0.0009439502,0.0029690247,0.014539714728016406,15.508890015480574
0.09855592,0.15792765,0.26081657,0.036005072,0.33423504,0.1775080516934395,21.212781809270382
0.0023957244,0.006983536,0.07097035,0.0048726355,0.0019889106,0.017442231066524982,15.610478087328374
0.09468081,0.1782,0.3318787,0.026743758,0.31468424,0.18923750147223473,21.623312551528215
0.024612835,0.026977133,0.24655981,0.01341403,0.008779781,0.06406871844083072,17.242405145429075
0.114236735,0.22851041,0.43163797,0.09595072,0.068005495,0.18766826689243318,21.56838934123516
0.029032707,0.05186768,0.11616268,0.03448525,0.13216491,0.07274264544248582,17.545992590487003
0.001968213,0.014512722,0.07420321,0.011926508,0.0024288797,0.021007906133309006,15.735276714665815
0.045799024,0.023651212,0.44377887,0.010684898,0.011765761,0.10713595375418664,18.749758381396532
0.010136644,0.0076640826,0.33584931,0.0026664839,0.0018979829,0.07164290172513574,17.50750156037975
0.03362072,0.028934117,0.43078026,0.013469954,0.011969504,0.10375491119921208,18.631421891972423
0.12539217,0.22859739,0.3819336,0.09147655,0.14528842,0.19453762620687484,21.80881691724062
0.10457989,0.16285796,0.70702916,0.054411743,0.09051269,0.22387829050421718,22.8357401676476
0.11915429,0.19291534,0.26571706,0.046628404,0.29042974,0.18296896591782572,21.4039138071239
0.19238165,0.21352248,0.5949846,0.04303615,0.26093552,0.26097207739949224,24.13402270898223
0.12698184,0.08037132,0.42504138,0.089355886,0.09167519,0.16268512308597566,20.693979308009148
0.04128219,0.03350831,0.27221555,0.013194673,0.01708407,0.07545695677399636,17.640993487089872
0.0006059842,0.0027231132,0.037193183,0.0026782472,0.0010355395,0.008847213385161012,15.309652468480635
0.1519827,0.18455099,0.2914877,0.044707716,0.12384102,0.15931402146816256,20.57599075138569
0.17641461,0.34066266,0.6147546,0.25144216,0.26026893,0.3287085950374603,26.50480082631111
0.0018384684,0.013928479,0.04968945,0.014874197,0.0022443123,0.016514981049112976,15.578024336718954
0.012825337,0.046471465,0.12569293,0.02847738,0.010888273,0.04487107787281274,16.570487725548446
0.03621563,0.060877502,0.13627298,0.030381277,0.09013541,0.07077656015753747,17.47717960551381
0.007000639,0.02069693,0.10344634,0.0034152041,0.010392226,0.02899026842787862,16.01465939497575
0.05765215,0.19971874,0.6163729,0.068990655,0.09297554,0.20714199468493463,22.24996981397271
0.0013768905,0.0058656414,0.036209296,0.0033417537,0.002779694,0.009914655215106906,15.347012932528742
0.10071096,0.22551838,0.5251807,0.0385885,0.17231679,0.21246306449174882,22.43620725721121
0.23271795,0.34807953,0.69908935,0.16982645,0.39674306,0.3692912667989731,27.925194337964058
0.018190047,0.02785674,0.40521467,0.020245029,0.19624744,0.13355078510940074,19.674277478829026
0.040735744,0.04086342,0.5334963,0.018348584,0.014847439,0.12965830154716967,19.53804055415094
0.046408236,0.074878365,0.22671318,0.01582953,0.04747373,0.08226060792803763,17.879121277481318
0.036578063,0.08660713,0.50300175,0.01691803,0.12291197,0.15320338755846022,20.36211856454611
0.00020745539,0.0012069219,0.027069524,0.00084333675,0.00035672382,0.005936792353168131,15.207787732360885
0.0020619251,0.0032228732,0.10904069,0.0005901648,0.0022500108,0.023433133284561338,15.820159664959647
0.18941633,0.25983042,0.5586097,0.10913229,0.22709641,0.26881703436374665,24.408596202731133
0.12954089,0.091104284,0.3525304,0.20330994,0.13581014,0.18245912790298463,21.38606947660446
0.11547461,0.1280462,0.4591501,0.17779906,0.05598566,0.1872911274433136,21.555189460515976
0.0053845984,0.009976226,0.16855426,0.0025909706,0.016473196,0.04059585053473711,16.4208547687158
0.012261436,0.04160555,0.11647141,0.03122529,0.012608269,0.042834391258656984,16.499203694052994
0.02876389,0.09067828,0.35667628,0.034909945,0.102630384,0.1227317564189434,19.29561147466302
0.0015423879,0.008383818,0.05538945,0.0054147243,0.001676082,0.014481292245909572,15.506845228606835
0.010258145,0.008119342,0.32207802,0.0017006132,0.008801428,0.07019150936976076,17.456702827941626
0.08902931,0.16912735,0.43364286,0.05984949,0.11631849,0.17359349951148034,21.07577248290181
0.018322015,0.036569424,0.18362942,0.006690756,0.012864917,0.05161530701443553,16.806535745505244
0.07528653,0.16329089,0.56685597,0.04654011,0.27785203,0.22596510499715808,22.90877867490053
0.045699965,0.063973814,0.16092545,0.12170372,0.07893314,0.09424721822142601,18.29865263774991
0.027423244,0.08034021,0.23399374,0.020124886,0.022713576,0.07691913023591043,17.692169558256865
0.03754731,0.12552834,0.28971878,0.02037858,0.07189231,0.10901306308805943,18.81545720808208
0.0033173899,0.013286722,0.06911478,0.0074398075,0.0040393355,0.01943960734643042,15.680386257125065
0.1690904,0.18954098,0.41577646,0.05369126,0.299684,0.22555661946535113,22.89448168128729
0.124372914,0.11059335,0.57377565,0.034931142,0.11037128,0.19080886617302895,21.678310316056013
0.043664,0.030524552,0.54652965,0.03233706,0.101098485,0.15083074942231178,20.279076229780912
0.0045928215,0.021806076,0.094707236,0.014206911,0.006028103,0.028268229588866236,15.989388035610318
0.14632854,0.2973682,0.71935874,0.14222163,0.26167485,0.3133903920650482,25.968663722276688
0.0075097885,0.014794788,0.11047045,0.027503774,0.0065655084,0.033368862047791485,16.167910171672702
0.26509663,0.2458018,0.5885171,0.09037186,0.27655572,0.29326862990856173,25.26440204679966
0.09538557,0.10170451,0.5528559,0.07383661,0.18467614,0.20169174671173096,22.059211134910583
0.023865663,0.0696568,0.23123522,0.040168583,0.012612194,0.0755076915025711,17.64276920258999
0.04115734,0.072044276,0.3223843,0.025428366,0.25174144,0.1425511434674263,19.98929002135992
0.10009737,0.22186102,0.3719731,0.041003257,0.44623086,0.23623312115669254,23.268159240484238
0.031938322,0.053126752,0.18590797,0.026937159,0.060004555,0.07158295251429081,17.50540333800018
0.20380482,0.30840436,0.7097209,0.09865032,0.31289366,0.32669481337070466,26.434318467974663
0.016349297,0.034642465,0.19247691,0.028388549,0.13812648,0.08199674040079118,17.86988591402769
0.0056262943,0.01041851,0.09082715,0.0041820076,0.0044388575,0.023098564334213735,15.80844975169748
0.007886688,0.021563727,0.092553854,0.013280765,0.007459542,0.028548915311694147,15.999212035909295
0.021566741,0.049631502,0.10848652,0.08177835,0.03864649,0.06002191975712776,17.10076719149947
0.037475143,0.16903347,0.36665934,0.07410568,0.04067237,0.13758920058608057,19.81562202051282
0.0007436036,0.001964451,0.029813781,0.00071426656,0.0018472536,0.007016671251039953,15.245583493786398
0.0053504505,0.015863448,0.071102306,0.032245383,0.006315822,0.026175481919199228,15.916141867171973
0.004990285,0.01650254,0.084733814,0.0066691013,0.035357963,0.029650740791112188,16.037775927688926
0.0016089849,0.00821021,0.05376246,0.0047553917,0.0012710297,0.013921614945866169,15.487256523105316
0.06797041,0.16525978,0.6981097,0.042203523,0.05590767,0.20589021369814875,22.206157479435205
0.01766518,0.030236777,0.10606085,0.023884144,0.021404551,0.03985029980540276,16.394760493189096
0.18740189,0.25081187,0.7059408,0.16801949,0.3506032,0.3325554460287094,26.63944061100483
0.000810643,0.004655426,0.037823092,0.0075769722,0.0007821114,0.010329648957122118,15.361537713499274
0.110233955,0.25935227,0.5688526,0.11130416,0.11743013,0.23343462198972703,23.170211769640446
0.0017299232,0.013201903,0.052168302,0.01891905,0.0018588498,0.017575605702586473,15.615146199590527
0.08760702,0.2522161,0.5433414,0.052090786,0.12437883,0.21192682683467864,22.417438939213753
0.00364514,0.033075195,0.113021016,0.025673594,0.006018819,0.03628675281070173,16.27003634837456
0.0768931,0.054321833,0.26597616,0.018433366,0.09235778,0.10159644708037377,18.55587564781308
0.00262534,0.008509311,0.056543846,0.009347944,0.0048136734,0.01636802270077169,15.57288079452701
0.04442492,0.077610016,0.5447047,0.06835888,0.25052562,0.19712482392787936,21.899368837475777
0.17282504,0.17577645,0.64768285,0.057350185,0.15337597,0.24140209779143335,23.449073422700167
0.05961883,0.115612574,0.54163265,0.052059542,0.05989404,0.16576352789998053,20.80172347649932
0.007484285,0.008853567,0.2692375,0.0020453131,0.003511752,0.05822648112662137,17.037926839431748
0.0063896254,0.043789327,0.16115111,0.017945273,0.0068005067,0.047215168643742804,16.652530902530998
0.0143386945,0.014011153,0.35656357,0.0069193486,0.027672432,0.08390103932470083,17.93653637636453
0.003407201,0.016583135,0.08010822,0.008362189,0.0038053037,0.02245320938527584,15.785862328484654
0.0012230031,0.0060060406,0.056601416,0.004447512,0.0012855522,0.013912704819813371,15.486944668693468
0.0008747748,0.0024330541,0.03318293,0.00071957824,0.0016751671,0.007777100906241686,15.272198531718459
0.0046297684,0.012077441,0.051245704,0.0068358188,0.019517733,0.018861293140798808,15.660145259927958
0.0012091779,0.0028655177,0.04042924,0.0010207429,0.009743302,0.011053595785051584,15.386875852476805
0.0060848226,0.016067427,0.064492874,0.0052144905,0.05188086,0.028748094476759436,16.00618330668658
0.002891102,0.0044118827,0.0649293,0.0008374645,0.0029479268,0.015203535032924265,15.53212372615235
0.001830338,0.0047114394,0.060440905,0.0018559732,0.0019060032,0.014148931833915412,15.49521261418704
0.011421338,0.015924675,0.1744407,0.024358703,0.004826812,0.04619444496929646,16.616805573925376
0.021846779,0.06553203,0.18757246,0.015089252,0.0155397225,0.06111604925245047,17.139061723835766
0.15437445,0.28610626,0.6471532,0.1213228,0.3910837,0.3200080797076225,26.20028278976679
0.14417619,0.15902242,0.45068792,0.115168676,0.26074317,0.22595967352390292,22.9085885733366
0.058193777,0.09717384,0.44503656,0.08792119,0.024901241,0.1426453210413456,19.992586236447096
0.0053144204,0.008772804,0.06316091,0.008069404,0.020148862,0.021093280520290136,15.738264818210155
0.053806014,0.12253318,0.17793512,0.13912775,0.13640332,0.12596107721328736,19.408637702465057
0.006546663,0.039000228,0.10223013,0.03151519,0.0071383673,0.037286115717142826,16.3050140501
0.00088156585,0.0046914336,0.046749145,0.0021694729,0.001045242,0.011107371817342938,15.388758013607003
0.035224706,0.0547383,0.3347734,0.017871523,0.2675308,0.14202774427831175,19.97097104974091
0.07046279,0.05667761,0.4622952,0.014430867,0.02686445,0.12614618483930828,19.41511646937579
0.20017542,0.35180697,0.50380355,0.053042624,0.36211094,0.2941879011690617,25.296576540917158
0.08174717,0.16455962,0.306306,0.022826344,0.33049545,0.18118691593408587,21.341542057693005
0.20910178,0.34201875,0.50813454,0.05581428,0.31579998,0.28617386817932133,25.016085386276245
0.05643208,0.079931416,0.22761124,0.025319953,0.19543068,0.11694507449865342,19.09307760745287
0.016611932,0.033092484,0.38455996,0.028328136,0.031061463,0.09873079471290112,18.45557781495154
0.016145092,0.029751468,0.17057037,0.012785805,0.033090282,0.05246860422194004,16.8364011477679
0.0058454447,0.025141435,0.12761675,0.022170667,0.01061381,0.038277620915323496,16.339716732036322
0.0040008975,0.019515788,0.09147164,0.008506037,0.0035357533,0.02540602372027934,15.889210830209777
0.026401535,0.05382119,0.15809993,0.11025472,0.02449363,0.07461420185863972,17.61149706505239
0.014785407,0.027943322,0.107953325,0.007469405,0.032094456,0.03804918313398958,16.331721409689635
0.0028791872,0.007484044,0.07749699,0.0032430876,0.0023972942,0.01870012069121003,15.654504224192351
0.0009154306,0.007010281,0.04360912,0.0102125,0.0012600902,0.012601484288461508,15.441051950096153
0.015672194,0.055652197,0.13762623,0.0803778,0.012484971,0.06036267913877964,17.112693769857287
0.014513145,0.055407688,0.13399665,0.008521485,0.021878768,0.04686354734003544,16.64022415690124
0.008758953,0.032262225,0.160774,0.0066810907,0.0073216246,0.04315958004444837,16.510585301555693
0.12725285,0.33472645,0.58361393,0.061117865,0.33198825,0.2877398684620857,25.070895396173
0.19469376,0.1936867,0.6287565,0.15667817,0.21697879,0.278158786892891,24.735557541251183
0.010706775,0.012380887,0.10716523,0.0013347619,0.01812817,0.02994316511321813,16.048010778962635
0.21866263,0.14354205,0.5696519,0.070701465,0.09270988,0.21905358582735063,22.66687550395727
0.0024680675,0.01311798,0.056559537,0.005393669,0.006417863,0.016791423270478844,15.58769981446676
0.0056780893,0.024384962,0.07226464,0.009305999,0.03181032,0.028688802570104602,16.00410808995366
0.0039822683,0.014758087,0.08269493,0.0052990713,0.005656402,0.022478152252733707,15.78673532884568
0.00093633635,0.0059375586,0.054870747,0.005104802,0.0015257456,0.013675037934444845,15.47862632770557
0.0005768407,0.0036074352,0.03677118,0.0022900717,0.0006096904,0.008771043235901744,15.306986513256561
0.036463633,0.049779233,0.19128446,0.01131647,0.028496234,0.06346800643950701,17.221380225382745
0.008438191,0.013631096,0.16148184,0.015898034,0.005684249,0.04102668259292841,16.435933890752494
0.0012107891,0.0072776345,0.048364427,0.00853431,0.001229088,0.013323249784298241,15.466313742450438
0.022742696,0.026175521,0.58589715,0.0068373373,0.07726263,0.14378306698054075,20.032407344318926
0.003686026,0.012483843,0.04865883,0.0042253956,0.06193739,0.026198297040537003,15.916940396418795
0.033505965,0.06927616,0.4388163,0.04306112,0.01963307,0.12085852473974228,19.23004836589098
0.039114557,0.027314622,0.4721704,0.020277584,0.015445255,0.11486448608338834,19.02025701291859
0.13208863,0.21837668,0.5375199,0.03792953,0.27343488,0.2398699186742306,23.39544715359807
0.004537736,0.0077712433,0.051836055,0.0042667026,0.012664234,0.01621519420295954,15.567531797103584
0.16834891,0.31902236,0.71816653,0.1478181,0.3928768,0.34924654066562655,27.22362892329693
0.0030541557,0.007801654,0.073747784,0.008620033,0.005130357,0.019670796720311048,15.688477885210887
0.0006186739,0.0035437865,0.044239994,0.0026623632,0.0007926267,0.010371488891541958,15.363002111203969
0.02438483,0.062114853,0.28997892,0.016193023,0.016485762,0.08183147795498373,17.86410172842443
0.046522953,0.07006501,0.20424366,0.17374256,0.048724476,0.1086597315967083,18.80309060588479
0.111494996,0.13457653,0.36705104,0.027302748,0.06752687,0.14159043543040753,19.955665240064263
0.002305032,0.007912287,0.057167277,0.008421642,0.0030695202,0.01577515145763755,15.552130301017314
0.0064928113,0.020640971,0.059869938,0.010358396,0.014434619,0.022359346970915798,15.782577143982053
0.024566706,0.040046077,0.5157185,0.012721265,0.120402694,0.1426910523325205,19.994186831638217
0.1205886,0.21535005,0.29195684,0.043951932,0.4345759,0.2212846614420414,22.74496315047145
0.006652566,0.021150662,0.0957747,0.008527628,0.004675048,0.02735612131655216,15.957464246079326
0.12300983,0.0772797,0.78013,0.014234625,0.16879508,0.23268985301256181,23.144144855439663
0.003001395,0.005880642,0.07910272,0.0007169972,0.003591005,0.018458551331423226,15.646049296599813
0.032741856,0.030728882,0.45198402,0.010652621,0.023551602,0.10993179585784674,18.847612855024636
0.005967308,0.006788749,0.29414457,0.0021868963,0.0029081518,0.06239913511089981,17.183969728881493
0.049328458,0.06407628,0.50292623,0.03236881,0.023274131,0.1343947820365429,19.703817371279
0.122062705,0.07090255,0.40768734,0.032313835,0.09719018,0.14603132084012033,20.11109622940421
0.0038650448,0.0055308905,0.21805933,0.0007548131,0.010070359,0.04765608778689057,16.66796307254117
0.07461519,0.11579346,0.37021077,0.062896356,0.29349038,0.18340122997760774,21.41904304921627
0.032879103,0.0604655,0.24637148,0.022652745,0.209333,0.11434036567807197,19.00191279873252
0.10981597,0.1636155,0.5463168,0.053782947,0.18623443,0.2119531288743019,22.418359510600567
0.0028032134,0.024068428,0.07628134,0.0207005,0.00376207,0.025523110013455152,15.89330885047093
0.0027831937,0.0033952245,0.13970187,0.0008706121,0.0024984942,0.02984987951349467,16.044745782972313
0.076070674,0.11142565,0.6157242,0.07468526,0.11735273,0.1990517050027847,21.966809675097466
0.003133568,0.014402032,0.064685866,0.014728856,0.0036146136,0.02011298718862236,15.703954551601782
0.012802548,0.0356996,0.12696876,0.016387045,0.006645921,0.03970077382400633,16.38952708384022
0.0331976,0.03380384,0.2056287,0.010869191,0.026337726,0.06196740996092558,17.168859348632395
0.05154823,0.2129654,0.73490924,0.0609883,0.43296105,0.2986744426190853,25.453605491667986
0.14413191,0.22316267,0.62330645,0.112132795,0.23413318,0.2673734024167061,24.358069084584713
0.016660929,0.015329549,0.20784444,0.010959805,0.007816818,0.051722307316958906,16.81028075609356
0.12485042,0.33781725,0.5157858,0.111619085,0.43195474,0.3044054627418518,25.654191195964813
0.0019172182,0.005551267,0.053448364,0.0019925286,0.0025692852,0.013095732615329326,15.458350641536526
0.04302702,0.07095805,0.16373247,0.047106154,0.110934384,0.08715161532163619,18.050306536257267
0.003045166,0.013941518,0.07762812,0.0127563765,0.0048536942,0.022444975096732378,15.785574128385633
0.0006183267,0.0044506714,0.043444756,0.0046849763,0.0009772629,0.010835198732092977,15.379231955623254
0.014069605,0.04743628,0.13281262,0.0393041,0.012754359,0.049275392293930055,16.724638730287552
0.0015054302,0.014909921,0.050282575,0.0145407235,0.0016032907,0.01656838816124946,15.579893585643731
0.0011219613,0.0034625712,0.042289242,0.0022754981,0.0014083674,0.010111528029665352,15.353903481038287
0.0065157088,0.02128627,0.09061062,0.016918449,0.008385903,0.02874339073896408,16.006018675863743
0.13506198,0.30335656,0.70425445,0.119000524,0.40137902,0.3326105058193207,26.641367703676224
0.002447932,0.016301638,0.08381216,0.0107258735,0.003286886,0.023314898274838926,15.816021439619362
0.20663746,0.39044878,0.7083502,0.141446,0.38369435,0.3661153525114059,27.814037337899208
0.12762547,0.10291837,0.4283453,0.07261511,0.14986601,0.1762740507721901,21.169591777026653
0.07331718,0.23483863,0.5387024,0.02758039,0.2311823,0.2211241874843836,22.739346561953425
0.039735496,0.10944301,0.24844079,0.046290375,0.0641931,0.10162055343389513,18.55671937018633
0.0010386691,0.008660006,0.04444051,0.009970039,0.0010173914,0.01302532353438437,15.455886323703453
0.02532779,0.055516314,0.18446235,0.011667132,0.12466472,0.0803276613354683,17.81146814674139
0.003429309,0.023894155,0.10248767,0.011806999,0.0040515065,0.029133927728980782,16.019687470514327
0.045668513,0.059399772,0.2863009,0.045567255,0.07070462,0.10152821093797683,18.55348738282919
0.0080231475,0.049597282,0.10437574,0.04737178,0.010910543,0.04405569862574339,16.54194945190102
0.08135509,0.064920954,0.40771484,0.027740546,0.0710263,0.1305515468120575,19.569304138422012
0.17141108,0.396863,0.6959994,0.14915177,0.3925705,0.3611991494894028,27.641970232129097
0.008383846,0.014462717,0.07527537,0.014009335,0.01622448,0.025671149231493474,15.898490223102272
0.0041644187,0.009436223,0.11883578,0.0019880882,0.0030774071,0.02750038276426494,15.962513396749273
0.00419921,0.016368287,0.110397935,0.011212632,0.0032882986,0.029093272471800446,16.018264536513016
0.02025789,0.017222952,0.31563383,0.013893871,0.006760908,0.07475389083847404,17.61638617934659
0.007888345,0.036612052,0.10817844,0.0156115405,0.010859598,0.035829994641244416,16.254049812443554
0.001232409,0.009521258,0.05412408,0.00581464,0.001387296,0.014415936521254481,15.504557778243907
0.093548454,0.18386285,0.72213125,0.06751413,0.23302253,0.26001584231853486,24.10055448114872
0.01804315,0.030531058,0.3570551,0.047887415,0.012174138,0.09313817154616118,18.25983600411564
0.019256616,0.03558145,0.08962069,0.013786434,0.0646292,0.04457487706094981,16.560120697133243
0.06517999,0.093740106,0.20102933,0.02015505,0.04356672,0.0847342386841774,17.96569835394621
0.056954063,0.09248461,0.43922326,0.05865929,0.047420982,0.1389484405517578,19.863195419311523
0.006433376,0.028812507,0.1209078,0.0090615945,0.0058119283,0.034205440897494555,16.19719043141231
0.026130714,0.050379768,0.13048956,0.0122816255,0.12535562,0.0689274562522769,17.41246096882969
0.27850497,0.2436625,0.5212446,0.24551131,0.25790763,0.30936619937419896,25.827816978096962
0.0009964311,0.0071977773,0.037626505,0.012303209,0.0009749964,0.011819783726241439,15.41369243041845
0.12210246,0.27948716,0.7791338,0.07048268,0.3759936,0.32543994188308717,26.39039796590805
0.10745034,0.34703207,0.6350142,0.102362595,0.2310493,0.28458169698715213,24.960359394550323
0.037433457,0.11554755,0.25053272,0.050165296,0.027310297,0.09619786366820336,18.366925228387117
0.0038525115,0.014112685,0.07709459,0.021665327,0.0028969708,0.02392441732808948,15.837354606483132
0.12199613,0.23300661,0.48722395,0.06502628,0.3923413,0.25991885215044025,24.097159825265408
0.0037677777,0.023079429,0.08450509,0.017941123,0.0037773042,0.026614144444465637,15.931495055556297
0.0019112208,0.003747298,0.038560312,0.0010116686,0.005094102,0.010064920340664685,15.352272211923264
0.07289573,0.14212897,0.29317388,0.03867585,0.34070715,0.17751631662249567,21.213071081787348
0.064367145,0.19681393,0.7164732,0.04949001,0.39457947,0.28434475436806683,24.952066402882338
0.14018157,0.2627938,0.33539745,0.053018138,0.42153835,0.2425858646631241,23.490505263209343
0.1966424,0.44546518,0.6662118,0.12995882,0.3646492,0.3605854779481888,27.620491728186607
0.11165326,0.14642052,0.67965764,0.099440746,0.109317034,0.22929784059524538,23.025424420833588
0.11163769,0.3072228,0.59244025,0.054501027,0.4518505,0.30353045612573626,25.62356596440077
0.0009005385,0.004365838,0.04031785,0.013282034,0.0025524804,0.012283747806213796,15.429931173217483
0.04784734,0.13633706,0.36955714,0.015298588,0.15118898,0.14404582269489766,20.041603794321418
0.0472485,0.21341318,0.4926319,0.07869746,0.055877265,0.17757366299629213,21.215078204870224
0.0036600758,0.016798345,0.071147956,0.024079958,0.004128446,0.023962956201285125,15.83870346704498
0.0029825934,0.007329784,0.07046242,0.002995522,0.0026923234,0.017292528646066785,15.605238502612337
0.066773124,0.15425949,0.9230123,0.008405638,0.2669926,0.2838886329904199,24.936102154664695
0.006712814,0.011027474,0.2252311,0.0057575107,0.003607646,0.05046730814501644,16.766355785075575
0.017248953,0.024244353,0.260583,0.012010779,0.0065560355,0.06412862678989768,17.24450193764642
0.0065025846,0.005737758,0.21050362,0.0011284089,0.004770115,0.045728497835807506,16.600497424253263
0.08936818,0.056114182,0.5528213,0.05189598,0.07320692,0.16468130722641947,20.76384575292468
0.14157824,0.1902087,0.42638212,0.23743223,0.16576734,0.23227372765541077,23.129580467939377
0.1342962,0.13501088,0.37497288,0.06581605,0.17953064,0.1779253289103508,21.227386511862278
0.16214299,0.29960945,0.7158545,0.10561726,0.30890435,0.31842571645975115,26.14490007609129
0.007976187,0.02720501,0.073925644,0.064890504,0.014337684,0.037667006067931656,16.318345212377608
0.007194868,0.025250152,0.07711586,0.009293324,0.115107834,0.04679240835830569,16.6377342925407
0.010345904,0.015397867,0.15108554,0.016158815,0.0071342527,0.04002447603270412,16.400856661144644
0.0026720387,0.008120875,0.054142926,0.0047533563,0.0041289185,0.01476362287066877,15.516726800473407
0.0004579094,0.0032984237,0.032538768,0.004343089,0.000841351,0.008295908238505945,15.290356788347708
0.12519884,0.3038578,0.6900069,0.16664548,0.2645759,0.31005698740482335,25.851994559168816
0.017846499,0.07169524,0.25565943,0.064399734,0.017728824,0.0854659453034401,17.991308085620403
0.12759352,0.3707291,0.65224606,0.13338153,0.43770558,0.3443311542272568,27.051590397953987
0.11283839,0.10721463,0.2538869,0.12567838,0.16263093,0.1524498462677002,20.335744619369507
0.002538031,0.006366813,0.15628982,0.0035640716,0.0011108033,0.03397390698082745,16.18908674432896
0.009489639,0.0069849575,0.23726074,0.0019883702,0.0035708381,0.051858909707516436,16.815061839763075
0.0008069994,0.003101283,0.0362632,0.0017122118,0.0013489916,0.0086465374333784,15.302628810168244
0.0011350758,0.0066949846,0.04296046,0.005732923,0.0010889097,0.011522470833733678,15.403286479180679
0.0057857074,0.035973903,0.09434618,0.036354374,0.00823146,0.03613832499831915,16.26484137494117
0.052360114,0.07570863,0.31302938,0.02550068,0.23536901,0.14039356224238872,19.913774678483605
0.114859395,0.14834237,0.2918964,0.057775468,0.32201266,0.18697725981473926,21.544204093515873
0.013321143,0.022567702,0.20316406,0.018111847,0.006983694,0.052829688508063556,16.849039097782224
0.0023826938,0.014988086,0.06288284,0.019188883,0.002317566,0.020352013874799013,15.712320485617965
0.005421274,0.015013252,0.08438271,0.0036496175,0.005143489,0.022722069174051285,15.795272421091795
0.048007734,0.067973174,0.3720036,0.019778045,0.052421413,0.11203679032623767,18.92128766141832
0.009783478,0.0322824,0.10312256,0.011492316,0.008249343,0.03298602011054755,16.154510703869164
0.10584797,0.32234558,0.70721954,0.10146169,0.26062542,0.2995000422000885,25.482501477003098
0.013994062,0.018317977,0.274018,0.009978656,0.008057314,0.06487319972366096,17.270561990328133
0.08704903,0.1287079,0.37098718,0.08156627,0.32079723,0.1978215217590332,21.923753261566162
0.0027739543,0.0044127377,0.081007786,0.0004748391,0.005257934,0.01878545020590536,15.657490757206688
0.040867683,0.086742625,0.16280632,0.020752609,0.22374795,0.10698343738913536,18.744420308619738
0.0051647387,0.0094054025,0.17621528,0.0048505836,0.002520863,0.03963137278333306,16.387098047416657
0.04222317,0.06883952,0.22560884,0.06712127,0.019755252,0.08470961004495622,17.964836351573467
0.062211584,0.11437407,0.22014275,0.016257865,0.060780533,0.09475336112082006,18.3163676392287
0.2123181,0.28026962,0.6141674,0.13502474,0.36607867,0.3215717047452927,26.255009666085243
0.0035000874,0.005228782,0.045546282,0.0011292289,0.010671167,0.013215109426528216,15.462528829928488
0.00045483198,0.00383252,0.035229776,0.0041683298,0.0006474603,0.008866583614144474,15.310330426495057
0.003121437,0.01656376,0.0625533,0.015359781,0.0029955078,0.02011875743046403,15.704156510066241
0.07312991,0.04419348,0.7366064,0.012076048,0.086503245,0.1905018199235201,21.667563697323203
0.18955036,0.1514135,0.5297504,0.118820935,0.22194964,0.24229696691036223,23.48039384186268
0.005915815,0.015585548,0.10444193,0.012579386,0.0045149913,0.02860753480345011,16.001263718120754
0.03626746,0.060379952,0.4536362,0.095264085,0.04823329,0.13875619694590569,19.8564668931067
0.034494273,0.08087624,0.22386527,0.040444635,0.017091516,0.07935438677668573,17.777403537184
0.040885143,0.065110795,0.14748156,0.016946739,0.11892897,0.07787064127624035,17.725472444668412
0.085182406,0.18863429,0.7629625,0.040034764,0.15169433,0.2457016617059708,23.599558159708977
0.18873873,0.26076865,0.36504757,0.056863196,0.28629407,0.23154244571924212,23.103985600173473
0.04740049,0.14360772,0.319811,0.118543655,0.054634437,0.13679945766925813,19.787981018424034
0.001519083,0.003815634,0.037929777,0.0018410954,0.003410483,0.009703214489854872,15.33961250714492
0.0020320814,0.006388215,0.068197414,0.0036704438,0.0012672383,0.016311078518629077,15.570887748152018
0.0060084183,0.043241493,0.09930399,0.05236362,0.009091569,0.04200181812047959,16.470063634216785
0.16805476,0.20793016,0.6311686,0.19421169,0.1684372,0.27396048307418824,24.588616907596588
0.002042713,0.005959795,0.06358593,0.00873589,0.0032517898,0.016715223388746384,15.585032818606123
0.0727679,0.1802894,0.35203275,0.03464625,0.43721345,0.21538995057344437,22.538648270070553
0.040472917,0.062544495,0.23232806,0.01888677,0.052490465,0.08134454078972339,17.84705892764032
0.0019511136,0.0064055813,0.055200193,0.004538591,0.0024108114,0.014101258059963585,15.493544032098725
0.032849174,0.027226092,0.49261644,0.0058036684,0.012066568,0.11411238955333829,18.99393363436684
0.00057726447,0.005061852,0.031431466,0.0073988666,0.00092887634,0.009079665108583868,15.317788278800435
0.019338954,0.031609073,0.13130955,0.025797198,0.09233016,0.060076987370848656,17.102694557979703
0.06844861,0.04107541,0.6195409,0.024047952,0.045756098,0.15977379977703093,20.592082992196083
0.021749074,0.03476595,0.6191124,0.011124761,0.046516195,0.1466536706313491,20.132878472097218
0.017970804,0.042116582,0.08966201,0.035781074,0.065879025,0.0502818986773491,16.759866453707218
0.17492136,0.32402307,0.71853894,0.13249062,0.36972415,0.34393962919712073,27.037887021899223
0.12969139,0.25221893,0.42264152,0.03611901,0.28678864,0.2254918985068798,22.892216447740793
0.028287591,0.034400616,0.28123465,0.006153844,0.01554227,0.07312379451468588,17.559332808014005
0.026234962,0.047618516,0.1277335,0.015595603,0.13029638,0.06949579175561667,17.432352711446583
0.032410577,0.036100987,0.12284478,0.02057765,0.057128225,0.053812443464994426,16.883435521274805
0.29539558,0.26270124,0.60993207,0.15324092,0.2884884,0.3219516396522522,26.268307387828827
0.006663317,0.05277408,0.16949318,0.027203565,0.011072191,0.05344126727432013,16.870444354601204
0.004180616,0.0102426205,0.0559047,0.0022423526,0.005910822,0.01569622247479856,15.54936778661795
0.010039409,0.028352546,0.10682412,0.05503862,0.008900672,0.041831073723733424,16.46408758033067
0.01816362,0.015599865,0.5140615,0.0029397542,0.020022295,0.1141574088484049,18.99550930969417
0.006247068,0.022382716,0.11269276,0.015804322,0.005195982,0.03246456924825907,16.136259923689067
0.0033545117,0.015146432,0.07962448,0.016239168,0.005527946,0.023978507984429596,15.839247779455036
0.00083408866,0.007287001,0.047129273,0.008268415,0.000974082,0.012898571963887662,15.451450018736068
0.04091435,0.06161056,0.1333702,0.07012409,0.1001396,0.0812317617237568,17.843111660331488
0.000493894,0.0049706222,0.03789228,0.0064572277,0.0006983674,0.01010247793747112,15.35358672781149
0.034645773,0.05662152,0.22168344,0.025242161,0.015146576,0.07066789492964745,17.47337632253766
0.21134672,0.3576008,0.71116394,0.141536,0.35570505,0.35547050237655636,27.441467583179474
0.013534765,0.031515323,0.15366416,0.029280478,0.0075031673,0.047099577914923425,16.64848522702232
0.03840301,0.057453718,0.29703915,0.04797142,0.06272954,0.10071936771273612,18.525177869945765
0.0072964584,0.031385742,0.10245433,0.033308223,0.008862208,0.03666139161214233,16.28314870642498
0.14199112,0.27264085,0.63597393,0.15519667,0.2749111,0.2961427360773087,25.364995762705803
0.09129138,0.2748382,0.5163,0.041810382,0.4168289,0.2682137794792652,24.387482281774282
0.11946122,0.1776226,0.7916803,0.039851736,0.095628574,0.24484888240695,23.56971088424325
0.0022196125,0.013328615,0.05469049,0.013299875,0.0026475075,0.017237220192328095,15.603302706731483
0.0019418251,0.002882439,0.07531888,0.00054309866,0.0026959237,0.016676433361135425,15.58367516763974
0.0029152688,0.0056113745,0.06037998,0.0008297924,0.009762755,0.01589983372250572,15.5564941802877
0.062081806,0.10461275,0.3119248,0.09067691,0.083658986,0.13059104830026627,19.57068669050932
0.01083548,0.022870192,0.36996007,0.006125713,0.11151526,0.10426134318113327,18.649147011339664
0.15488985,0.31637916,0.77282906,0.115598686,0.29630747,0.3312008455395699,26.592029593884945
0.02070719,0.06654241,0.19647545,0.02731214,0.011836947,0.06457482669502497,17.260118934325874
0.028800668,0.03823425,0.2224338,0.007622999,0.0643521,0.07228876482695341,17.53010676894337
0.19393347,0.17546284,0.6612044,0.06754377,0.2736899,0.27436687499284745,24.60284062474966
0.015691184,0.018764358,0.17956802,0.023216305,0.0076327086,0.048974515590816746,16.714108045678586
0.0005160435,0.005429778,0.03355197,0.004520565,0.0006430323,0.008932277408894152,15.312629709311295
0.05627775,0.12895599,0.28357312,0.040147983,0.39906937,0.18160484209656716,21.35616947337985
0.10742593,0.20137346,0.45603645,0.05018736,0.253973,0.21379924044013024,22.482973415404558
0.005919052,0.016950393,0.06164837,0.002472456,0.04658122,0.02671429794281721,15.935000427998602
0.003386325,0.0075391163,0.06335028,0.0009203276,0.021594489,0.01935810809955001,15.67753378348425
0.017997563,0.023033598,0.1749691,0.0041157184,0.01305919,0.046635035239160065,16.632226233370602
0.0063707987,0.026161078,0.08511425,0.023877352,0.0052412055,0.02935293661430478,16.027352781500667
0.1571142,0.13528141,0.70817614,0.02823898,0.23987032,0.25373620949685577,23.88076733238995
0.0049519693,0.030775841,0.077848524,0.04346458,0.008525201,0.033113222848623995,16.15896279970184
0.13395399,0.2689354,0.6525466,0.05843877,0.383419,0.29945875257253646,25.481056340038776
0.0050457255,0.024942718,0.11718172,0.014479703,0.004356258,0.033201224729418756,16.162042865529656
0.0010380618,0.005877574,0.0420253,0.0074440944,0.0016243283,0.01160187202040106,15.406065520714037
0.004177796,0.011580751,0.0718331,0.004670333,0.0048202886,0.019416453130543233,15.679575859569013
0.0032807789,0.007554166,0.05258021,0.0016976746,0.005945517,0.01421166961081326,15.497408436378464
0.005538063,0.015065515,0.07870207,0.013791291,0.0051803296,0.02365545378997922,15.827940882649273
0.004417518,0.018139955,0.07344879,0.023355257,0.0064174975,0.025155803840607407,15.88045313442126
0.002667699,0.0045139757,0.0649322,0.0014231211,0.008351812,0.016377761051990094,15.573221636819653
0.00071292586,0.0019650196,0.028756134,0.00039111177,0.0016469478,0.0066944278543815015,15.234304974903353
0.007498176,0.006589575,0.31010455,0.003921948,0.0018680665,0.06599646287504583,17.309876200626604
0.007499414,0.025744222,0.09780074,0.010451677,0.005810424,0.029461295343935493,16.031145337037742
0.008085458,0.021807272,0.08127688,0.005574031,0.0077912854,0.02490698490291834,15.871744471602142
0.0007272325,0.0035871356,0.040503483,0.0027479655,0.00094195793,0.009701554954517633,15.339554423408117
0.002145683,0.008036951,0.054429658,0.008474827,0.0020633414,0.015030091907829045,15.526053216774017
0.101416305,0.15772486,0.32926753,0.035595402,0.3402653,0.19285387992858888,21.74988579750061
0.0036758396,0.013907284,0.09224988,0.008085011,0.004076922,0.024398986669257286,15.853964533424005
0.0038442565,0.01568067,0.08086948,0.007606194,0.0039872243,0.022397565282881258,15.783914784900844
0.012689737,0.08639339,0.24649064,0.045035154,0.013050072,0.08073179963976145,17.82561298739165
0.007824172,0.02586233,0.13527422,0.02006492,0.08000454,0.053806036524474625,16.88321127835661
0.14339365,0.27510846,0.5082017,0.05649864,0.4217884,0.2809981718659401,24.834936015307903
0.004606394,0.018218555,0.16356021,0.011202318,0.0047770105,0.04047289770096541,16.41655141953379
0.028424218,0.04983119,0.11670229,0.039558224,0.122230604,0.07134930491447448,17.497225672006607
0.002902091,0.0055428343,0.04940109,0.0011882354,0.0036739088,0.012541631795465948,15.438957112841308
0.002556632,0.005984606,0.04724456,0.0010551247,0.0044737454,0.012262933654710652,15.429202677914873
0.16306491,0.13808316,0.64413255,0.046569552,0.09927001,0.21822403743863106,22.637841310352087
0.0009461017,0.005799785,0.04713991,0.0064879376,0.0016938121,0.012413509062025697,15.4344728171709
0.13823695,0.15841734,0.2983403,0.04817219,0.097177714,0.1480688989162445,20.182411462068558
0.010143392,0.033891913,0.16430713,0.008324793,0.084553815,0.06024420894682408,17.108547313138843
0.0047427434,0.013877495,0.08411585,0.014577968,0.004658507,0.02439451236277819,15.853807932697237
0.0125387255,0.028081328,0.14723167,0.057034034,0.03568687,0.05611452497541904,16.964008374139667
0.08689877,0.21612753,0.599599,0.042966828,0.4036982,0.26985806673765184,24.445032335817814
0.00030767647,0.0026938592,0.025774186,0.0032730976,0.0005091048,0.0065115848963614555,15.227905471372651
0.029825227,0.052903328,0.3766186,0.032608204,0.013510237,0.10109311807900669,18.538259132765234
0.096408755,0.08765306,0.6308164,0.028114935,0.23703387,0.21600540541112426,22.560189189389348
0.20991142,0.33660555,0.61573964,0.14430755,0.40034825,0.34138248264789584,26.948386892676353
0.001234795,0.013182608,0.06160063,0.01734842,0.0046747467,0.019608239829540252,15.686288394033909
0.00055919104,0.006447849,0.038771786,0.004891843,0.0006060226,0.010255338274873795,15.358936839620583
0.26185268,0.30987018,0.58120745,0.1830869,0.3038121,0.3279658615589142,26.478805154561996
0.088296644,0.1870653,0.55857456,0.09304646,0.08015898,0.20142838805913926,22.049993582069874
0.07330983,0.14045481,0.31383938,0.040578455,0.26098645,0.16583378463983536,20.804182462394238
0.03660652,0.05735058,0.16943331,0.021678105,0.027708193,0.06255534179508686,17.18943696282804
0.0071762465,0.025141044,0.27383524,0.011632194,0.102342725,0.08402549009770155,17.940892153419554
0.005848616,0.012209468,0.09944926,0.008375228,0.0063248416,0.026441483106464148,15.925451908726245
0.018216036,0.052199554,0.14565068,0.06160333,0.011233169,0.05778055470436812,17.022319414652884
0.004094114,0.010221421,0.06898929,0.0032640982,0.0040094,0.018115664971992376,15.634048274019733
0.0093991,0.08399821,0.23367633,0.037507776,0.013811255,0.07567853424698115,17.64874869864434
0.096084096,0.20522512,0.45354986,0.03916958,0.2156285,0.20193143337965014,22.067600168287754
0.12820132,0.34796625,0.5167637,0.06562286,0.4733793,0.30638668686151505,25.723534040153027
0.12809652,0.22040626,0.5146552,0.0493306,0.40226692,0.26295109540224076,24.203288339078426
0.011309163,0.029530112,0.08594238,0.01734,0.015853163,0.03199496362358332,16.119823726825416
0.0062182364,0.053777646,0.12579334,0.048555505,0.008555252,0.04857999542728067,16.700299839954823
0.021139193,0.027003424,0.57934177,0.0068937894,0.07174619,0.14122487381100654,19.94287058338523
0.02684358,0.030386545,0.46565008,0.013686857,0.009728347,0.10925908200442791,18.824067870154977
0.036224823,0.073358335,0.14942753,0.028202808,0.15440881,0.08832446224987507,18.091356178745627
0.0028473956,0.004984717,0.049151808,0.0021582732,0.010047691,0.013837976939976215,15.484329192899168
0.004001661,0.006571788,0.17530121,0.0030829492,0.0049823904,0.038787999562919145,16.35757998470217
0.03128064,0.08785597,0.32066864,0.040861923,0.078051314,0.11174369752407075,18.911029413342476
0.00257645,0.016107574,0.06920623,0.009877057,0.0020266098,0.01995878419838846,15.698557446943596
0.116135664,0.10492314,0.6683585,0.05137814,0.05690537,0.19954016283154485,21.98390569910407
0.01429458,0.03873114,0.10308334,0.009540442,0.059398577,0.04500961601734162,16.575336560606956
0.011874899,0.0231492,0.12909323,0.0049322154,0.025879005,0.03898570984601975,16.36449984461069
0.0027368588,0.00839294,0.060608275,0.019186342,0.0030000624,0.018784895772114396,15.657471352024004
0.00976892,0.030932285,0.11153546,0.042487796,0.0058678663,0.04011846547946334,16.404146291781217
0.01883264,0.06510013,0.3197068,0.027440224,0.011607522,0.08853746354579926,18.098811224102974
0.0022219666,0.010986834,0.101564355,0.0060182083,0.033733927,0.03090505814179778,16.081677034962922
0.0054145544,0.016448693,0.06113406,0.0065231547,0.08476385,0.03485686173662544,16.21999016078189
0.0012492185,0.009376697,0.048309524,0.008639672,0.0016607842,0.013847179082222282,15.48465126787778
0.012240624,0.041454043,0.13236877,0.0024038123,0.025722513,0.04283795314840973,16.49932836019434
0.018066773,0.09941225,0.32308778,0.08154631,0.034092072,0.11124103628098965,18.893436269834638
0.0011119377,0.0051070936,0.043865982,0.002871942,0.0012868985,0.01084877084940672,15.379706979729235
0.027195547,0.06339649,0.13716222,0.011277977,0.123337016,0.0724738508462906,17.53658477962017
0.18144631,0.14930944,0.56488603,0.05178993,0.12795421,0.21507718637585643,22.527701523154974
0.00076163135,0.0036054268,0.043907326,0.0035468573,0.0006408616,0.010492420534137637,15.367234718694817
0.17163974,0.19153072,0.5073037,0.080527656,0.31207672,0.2526157096028328,23.841549836099148
0.009022646,0.042656936,0.2101966,0.028122168,0.0063334457,0.05926635889336467,17.074322561267763
0.008592473,0.033583183,0.097679235,0.05046052,0.009651302,0.03999334294348955,16.399767003022134
0.0011339923,0.0035101438,0.032683466,0.0026452797,0.007594192,0.009513414697721602,15.332969514420256
0.019858724,0.08275421,0.19285671,0.015394811,0.03139821,0.06845253370702267,17.395838679745793
0.016182575,0.042224962,0.40719074,0.023387488,0.035784725,0.10495409816503526,18.673393435776234
0.14114338,0.35858622,0.64389163,0.09200286,0.21636367,0.2903975531458855,25.16391436010599
0.073206246,0.10126479,0.2239477,0.12759499,0.17326656,0.1398560583591461,19.894962042570114
0.00052430015,0.0037612736,0.04069231,0.0019069705,0.0005390417,0.009484779345802963,15.331967277103104
0.0009904971,0.004370886,0.040647794,0.0036387169,0.0014612044,0.010221819556318224,15.357763684471138
0.119443625,0.17700782,0.3365062,0.043586392,0.22569019,0.1804468430578709,21.31563950702548
0.06680367,0.12801231,0.24167065,0.02581227,0.08162802,0.1087853852659464,18.807488484308124
0.015536695,0.09799408,0.25460356,0.06436573,0.01512969,0.08952595219016077,18.133408326655626
0.099707924,0.09635489,0.31471246,0.094575204,0.10031817,0.14113373011350633,19.93968055397272
0.0004997084,0.0013850076,0.022908902,0.00026304688,0.002325811,0.00547649513464421,15.191677329712547
0.1572175,0.2677195,0.5604419,0.07260968,0.3835023,0.2882981806993484,25.090436324477196
0.10308439,0.33562502,0.76099086,0.08072287,0.24665076,0.30541477948427204,25.68951728194952
0.0032128142,0.017166626,0.06368077,0.023693034,0.003108623,0.022172373067587615,15.776033057365566
0.0004209673,0.0011268299,0.02584658,0.0005028136,0.0014696199,0.005873362149577588,15.205567675235216
0.008504035,0.025742847,0.19238716,0.028481722,0.08297931,0.06761901490390301,17.366665521636605
0.0802345,0.11871238,0.5014298,0.088110864,0.044335134,0.1665645346045494,20.82975871115923
0.008939454,0.01604973,0.32737526,0.004195224,0.07769264,0.08685046276077628,18.03976619662717
0.0471339,0.100843094,0.3489999,0.008845151,0.16942026,0.13504845816642047,19.726696035824716
0.06790928,0.1302653,0.5988703,0.06546433,0.25353318,0.22320847362279894,22.812296576797962
0.06628364,0.07006469,0.46412787,0.025289075,0.023785973,0.1299102507531643,19.54685877636075
0.15203801,0.28627962,0.7348507,0.09570448,0.31542426,0.3168594151735306,26.09007953107357
0.05895322,0.0829746,0.44006944,0.029858124,0.026317226,0.1276345204561949,19.46720821596682
0.08387417,0.08842059,0.2870726,0.06421732,0.13718782,0.13215450197458267,19.625407569110394
0.0009707817,0.004537508,0.05000033,0.0017420091,0.0009908009,0.01164828563341871,15.407689997169655
0.0063166,0.022028819,0.07000311,0.043599218,0.014396341,0.03126881690695882,16.09440859174356
0.0012580989,0.0026238994,0.04415342,0.0011481477,0.003415292,0.010519771254621446,15.36819199391175
0.0030481713,0.007262087,0.048003394,0.0014815651,0.0049330536,0.012945654219947755,15.453097897698171
0.04453994,0.08034519,0.3879901,0.0132482,0.22425357,0.1500753965228796,20.252638878300786
0.009326511,0.03404349,0.114779055,0.01352779,0.009950559,0.03632548116147518,16.27139184065163
0.0058706123,0.012586122,0.066265196,0.0027641894,0.007765641,0.019050352135673163,15.66676232474856
0.0074177273,0.01899414,0.11367291,0.013419123,0.010166654,0.03273411132395268,16.145693896338344
0.013612485,0.07557748,0.15747267,0.077801146,0.016068868,0.06810653023421764,17.383728558197618
0.0064476165,0.03140088,0.26335424,0.010405815,0.08759709,0.07984112845733762,17.794439496006817
0.0034798887,0.016272048,0.06898996,0.015789185,0.0027939156,0.021464999765157703,15.75127499178052
0.050492562,0.09592128,0.3138708,0.042180102,0.2581616,0.15212526693940162,20.324384342879057
0.044141624,0.0762971,0.12669435,0.025077818,0.27770427,0.10998303182423115,18.84940611384809
0.0071849967,0.025688699,0.1127523,0.011368261,0.0081904465,0.033036941196769476,16.15629294188693
0.025238313,0.07180951,0.18247336,0.053617734,0.022030748,0.07103393301367761,17.486187655478716
0.0022426313,0.010671665,0.050885774,0.0041738083,0.0038010133,0.014354978408664466,15.502424244303256
0.07944225,0.35192516,0.6571169,0.08158495,0.15417124,0.26484809964895245,24.269683487713337
0.011418113,0.024065556,0.07248519,0.015800266,0.03800927,0.03235567975789309,16.132448791526258
0.14515601,0.33934557,0.5465688,0.073515795,0.2854899,0.27801521569490434,24.73053254932165
0.018579163,0.04785283,0.4389856,0.009636424,0.076790355,0.11836887132376434,19.14291049633175
0.0013452037,0.007962601,0.049541894,0.008968495,0.0022456537,0.014012769563123584,15.490446934709325
0.09765108,0.1681791,0.57425106,0.02489142,0.29704908,0.23240434490144254,23.13415207155049
0.032278232,0.05100137,0.16790767,0.023860054,0.034328636,0.061875192448496825,17.16563173569739
0.0006078862,0.0031658376,0.031892084,0.0010994582,0.0011362697,0.007580307044554501,15.265310746559408
0.009222358,0.013444639,0.19298701,0.0040447973,0.0034734707,0.044634455023333436,16.56220592581667
0.004808242,0.026781565,0.07478299,0.028585274,0.0064124563,0.028274105302989485,15.989593685604632
0.021422407,0.05242171,0.37048542,0.02353462,0.113964655,0.11636576354503632,19.07280172407627
0.0036606097,0.013678138,0.072948374,0.02281984,0.0030086637,0.023223124956712127,15.812809373484924
0.09422368,0.14917476,0.20287284,0.052429494,0.30570215,0.16088058575987815,20.630820501595736
0.0727601,0.16633761,0.4923227,0.04089414,0.40307292,0.23507749661803248,23.227712381631136
0.038123794,0.042827208,0.37247157,0.010720826,0.1560158,0.12403183933347464,19.341114376671612
0.042706233,0.052914,0.27193552,0.06802556,0.1559479,0.11830584183335305,19.140704464167356
0.01682856,0.059519,0.12237922,0.03400117,0.022549817,0.05105555392801762,16.786944387480617
0.0028159826,0.011740611,0.055540647,0.023121763,0.0042115785,0.019486116478219632,15.682014076737687
0.004272537,0.014033482,0.072754785,0.0070117917,0.003983914,0.020411302056163552,15.714395571965724
0.18110225,0.27985728,0.7000797,0.09636284,0.3388249,0.31924538761377336,26.173588566482067
0.050997365,0.08705777,0.1701922,0.017909694,0.20194383,0.10562017112970352,18.696705989539623
0.0070381686,0.018130878,0.058170624,0.007041976,0.051608916,0.02839811258018017,15.993933940306306
0.017443856,0.09003139,0.24227698,0.090124644,0.014583427,0.0908920604735613,18.181222116574645
0.0017465906,0.008042153,0.10437121,0.0036436284,0.0013548067,0.0238316782284528,15.834108737995848
0.003901338,0.017886836,0.09533884,0.0070562675,0.0032330407,0.02548326370306313,15.89191422960721
0.043832447,0.12392532,0.28371182,0.048909634,0.04094206,0.10826425701379776,18.78924899548292
0.0032460238,0.008202211,0.054965906,0.00898196,0.006526165,0.016384453140199186,15.573455859906971
0.0026454772,0.0061906483,0.04724323,0.0016723584,0.0056734174,0.012685026251710951,15.443975918809883
0.08440539,0.15988243,0.7396628,0.033483893,0.2515889,0.2538046896457672,23.883164137601852
0.037441265,0.070959084,0.2083438,0.03189744,0.25026795,0.11978190913796426,19.19236681982875
0.0033704466,0.015614416,0.08407727,0.027553419,0.0058763926,0.02729838863015175,15.955443602055311
0.0018045617,0.003323061,0.045766972,0.0010932939,0.0032730524,0.011052188184112311,15.38682658644393
0.06773913,0.10067119,0.72969264,0.03209344,0.20077659,0.22619459703564646,22.916810896247625
0.066511184,0.14803125,0.23188347,0.047963917,0.3905113,0.17698022425174714,21.19430784881115
0.004042186,0.0082241995,0.057545405,0.00796667,0.009839821,0.017523656226694585,15.61332796793431
0.0004058066,0.0024284015,0.034396157,0.0024600402,0.0008163689,0.008101354766404256,15.283547416824149
0.0077405106,0.023365732,0.08017815,0.03827474,0.014185277,0.032748881541192536,16.14621085394174
0.030786056,0.021929136,0.56125426,0.004237221,0.03043694,0.12972872322425247,19.540505312848836
0.05283147,0.08483755,0.28084973,0.01767185,0.2709834,0.14143479838967324,19.950217943638563
0.0068703145,0.011741363,0.15055634,0.0021238856,0.007090618,0.035676504438743,16.248677655356005
0.0009391539,0.002630269,0.02550991,0.0009680023,0.013222548,0.008653976791538297,15.30288918770384
0.017033424,0.017657205,0.22181512,0.016011596,0.0052315807,0.05554978605359793,16.944242511875927
0.11948009,0.21790345,0.6981175,0.104170494,0.35965434,0.29986517280340197,25.495281048119068
0.049584832,0.12474968,0.27020353,0.016081909,0.15390055,0.12290410064160824,19.30164352245629
0.085584655,0.19773167,0.61211926,0.056905072,0.39397553,0.2692632369697094,24.42421329393983
0.07937047,0.19261605,0.45990598,0.033418015,0.18420102,0.18990230560302734,21.646580696105957
0.00090172427,0.003200435,0.04202815,0.0010602438,0.0010212769,0.00964236630825326,15.337482820788864
0.007462949,0.026281225,0.120808475,0.016813325,0.0047112736,0.03521544933319092,16.232540726661682
0.010790266,0.013572762,0.23170744,0.0052749976,0.024606014,0.05719029558822513,17.00166034558788
0.0005050612,0.0019657714,0.03202944,0.0008126899,0.00069411786,0.007201415824238212,15.252049553848337
0.0062813186,0.0059564398,0.2654397,0.001840568,0.0068071154,0.057265026192180817,17.00427591672633
0.12772544,0.26140073,0.48558065,0.07155094,0.32640985,0.2545335218310356,23.908673264086246
0.0023114693,0.0055722124,0.04203357,0.0022644482,0.008431555,0.012122651282697917,15.424292794894427
0.0032789458,0.00878975,0.051464126,0.0032909408,0.0050834385,0.014381440076977016,15.503350402694196
0.00039318018,0.0019809185,0.039837215,0.0010372052,0.00061366224,0.00877243623835966,15.307035268342588
0.03433409,0.089664534,0.29125527,0.011310677,0.15945652,0.11720421742647888,19.10214760992676
0.119426146,0.1970781,0.6871633,0.03139946,0.228559,0.25272519886493683,23.84538196027279
0.011696575,0.008906702,0.25790313,0.0025871953,0.008406278,0.05789997573010624,17.026499150553718
0.0009488839,0.0026229671,0.03380786,0.0010490167,0.0023932026,0.00816438583424315,15.28575350419851
0.0022913236,0.014194114,0.063265964,0.012714127,0.0026950648,0.0190321187954396,15.666124157840386
0.009875011,0.04665622,0.17087044,0.02948789,0.0083548855,0.05304888896644116,16.85671111382544
0.0029633343,0.016621018,0.06547259,0.01436004,0.004108374,0.020705070905387403,15.724677481688559
0.068700485,0.0871776,0.73748124,0.052800868,0.25233936,0.23969990983605385,23.389496844261885
0.0008136089,0.004979904,0.033417907,0.008623428,0.0011502579,0.009797020978294314,15.342895734240301
0.034329977,0.20253594,0.42536336,0.0986278,0.043111548,0.16079372540116313,20.62778038904071
0.010196906,0.0563997,0.14894044,0.03410169,0.008684889,0.05166472587734461,16.80826540570706
0.020333782,0.012253875,0.38582057,0.0033345306,0.011102631,0.08656907714903354,18.029917700216174
0.001783915,0.004624882,0.054385915,0.0017533695,0.0015721059,0.012824037508107722,15.44884131278377
0.10343642,0.14918277,0.6495537,0.10821254,0.27590138,0.2572573632001877,24.00400771200657
0.0045186747,0.0110823875,0.1004061,0.0028681306,0.0032937056,0.02443380025215447,15.855183008825406
0.038197156,0.064785436,0.19069089,0.09263554,0.057957,0.08885320499539376,18.10986217483878
0.008063605,0.013368973,0.110949636,0.0017203662,0.027353244,0.03229116464499384,16.130190762574784
0.014779672,0.016344689,0.2721012,0.005401144,0.022105716,0.06614648289978504,17.315126901492476
0.21774244,0.2190292,0.5212639,0.110545255,0.19144665,0.2520054891705513,23.820192120969296
0.14276345,0.31553957,0.7006086,0.099966995,0.35474056,0.3227238371968269,26.295334301888943
0.01771765,0.056083925,0.2526931,0.044184197,0.013470531,0.07682987805455924,17.689045731909573
0.0013382037,0.0043872558,0.04719802,0.0012347832,0.0015448764,0.011140627786517145,15.3899219725281
0.039352678,0.09741739,0.40161785,0.13575792,0.07822853,0.15047487616539001,20.26662066578865
0.0026845105,0.004896476,0.09426035,0.0007466965,0.0023411647,0.020985839515924455,15.734504383057356
0.16280931,0.31421638,0.5076054,0.064098604,0.42246112,0.2942381575703621,25.298335514962673
0.13001987,0.1045492,0.7351719,0.035027105,0.20836772,0.24262716248631477,23.491950687021017
0.13678798,0.25036582,0.6550717,0.08241414,0.37670445,0.3002688154578209,25.50940854102373
0.00081809575,0.0046674567,0.04251046,0.005074083,0.0014028009,0.010894579463638365,15.381310281227343
0.04775082,0.18784244,0.47366762,0.053823616,0.051847845,0.16298646926879884,20.70452642440796
0.12481263,0.25755188,0.57058555,0.0684772,0.39226928,0.28273930847644807,24.895875796675682
0.08920287,0.101264894,0.7150326,0.031184776,0.0647241,0.20028184466063975,22.00986456312239
0.004141592,0.01990432,0.09068921,0.010772574,0.004596418,0.0260208229534328,15.910728803370148
0.1553897,0.3051958,0.535754,0.06472751,0.3036783,0.272949068248272,24.553217388689518
0.025041621,0.03714868,0.1502454,0.028144175,0.05433972,0.0589839193969965,17.064437178894877
0.11315364,0.25426826,0.45134968,0.043361597,0.3761485,0.24765633195638656,23.66797161847353
0.12207168,0.13498725,0.37928912,0.07504963,0.18134674,0.1785488858819008,21.249211005866528
0.005865786,0.018241152,0.09312826,0.0051868404,0.013975988,0.027279604692012075,15.954786164220423
0.050248798,0.04903052,0.31976524,0.06757149,0.13958739,0.12524068728089333,19.383424054831266
0.024768028,0.09970016,0.2038438,0.049577374,0.018997835,0.07937743999063969,17.77821039967239
0.07231685,0.17106938,0.65983117,0.08173482,0.12309854,0.2216101512312889,22.756355293095112
0.006252386,0.023953278,0.18266028,0.0071486253,0.046319623,0.05326683865860105,16.864339353051037
0.01907807,0.031893678,0.24107066,0.01480482,0.056825455,0.07273453623056411,17.545708768069744
0.12025907,0.30895582,0.7215478,0.12539837,0.22382586,0.299997378885746,25.49990826100111
0.0014994878,0.0079994025,0.061544485,0.0045241453,0.0013938533,0.01539227485191077,15.538729619816877
0.14671637,0.19712757,0.663679,0.11124547,0.11668043,0.24708976745605468,23.648141860961914
0.15002595,0.2992605,0.633597,0.07356479,0.37220743,0.3057311370968819,25.700589798390865
0.10877105,0.11979629,0.46346268,0.071759336,0.3029094,0.21333975195884708,22.466891318559647
0.04114192,0.08400529,0.29687846,0.012342824,0.04524267,0.09592223204672337,18.357278121635318
0.0102635445,0.012035384,0.16553158,0.007726741,0.007016279,0.04051470477133989,16.418014666996896
0.15148526,0.13128042,0.66895163,0.024992576,0.23349597,0.24204117171466355,23.471441010013223
0.0021090293,0.009291568,0.06886806,0.007090125,0.0016086065,0.017793478374369443,15.62277174310293
0.090657234,0.06542003,0.41370445,0.04726167,0.14237578,0.15188383460044863,20.3159342110157
0.1519046,0.23888029,0.6336563,0.07201362,0.36474922,0.2922408103942871,25.22842836380005
0.15927468,0.11508874,0.49636462,0.08306482,0.056041125,0.1819667972624302,21.368837904185057
0.11184138,0.14543183,0.44636476,0.053565316,0.32357958,0.21615657359361648,22.565480075776577
0.004107424,0.012555078,0.07080128,0.002460596,0.0053184447,0.01904856455512345,15.66669975942932
0.16225974,0.17064722,0.67273206,0.04370523,0.09684163,0.22923717573285105,23.023301150649786
0.01620821,0.0930667,0.33494455,0.10407813,0.038468707,0.11735325828194619,19.107364039868116
0.033601277,0.13956498,0.38310468,0.08039189,0.024910089,0.13231458291411402,19.63101040199399
0.013749839,0.08444494,0.20319228,0.07975144,0.014307633,0.07908922601491213,17.768122910521924
0.09622392,0.18842389,0.68734777,0.051813915,0.36079615,0.2769211292266846,24.69223952293396
0.101396054,0.22325076,0.7827786,0.061954767,0.31618208,0.2971124559640885,25.398935958743095
0.052782457,0.03941416,0.54897684,0.014466965,0.022190176,0.13556611929088833,19.74481417518109
0.0023562058,0.0070592947,0.055971697,0.0033133626,0.00240775,0.014221662050113082,15.497758171753958
0.000893052,0.0057564927,0.075343244,0.0048473417,0.003271348,0.018022295658010987,15.630780348030385
0.00022647735,0.001987272,0.02569586,0.002850289,0.00045750252,0.006243480238481426,15.21852180834685
0.0014756204,0.010496781,0.05541348,0.00618688,0.0015295547,0.015020463475957514,15.525716221658513
0.028383326,0.04567827,0.284038,0.034231387,0.018368602,0.08213991820812226,17.87489713728428
0.010901402,0.028334476,0.25618714,0.030697355,0.03024383,0.07127284090965987,17.494549431838095
0.018525064,0.04073982,0.11481095,0.015081301,0.0467736,0.047186147421598434,16.651515159755945
0.011354593,0.012684367,0.3523657,0.007958606,0.0032343718,0.07751952786929905,17.713183475425467
0.011496683,0.059748586,0.27756053,0.060547765,0.0075661805,0.083383949380368,17.91843822831288
0.001094802,0.0062323487,0.04366701,0.007881071,0.0023687629,0.012248799204826355,15.428707972168922
0.05411067,0.058630493,0.35207507,0.057849474,0.15374161,0.13528146371245386,19.734851229935884
0.000589381,0.0056048757,0.029923938,0.00900696,0.00068072724,0.009161176497582347,15.320641177415382
0.09549607,0.19920897,0.5491604,0.035484232,0.38629344,0.25312862843275075,23.859501995146275
0.008909843,0.023005405,0.1007782,0.015996434,0.038478233,0.03743362296372652,16.310176803730428
0.15273362,0.14932655,0.5500302,0.14648719,0.107704334,0.22125637382268906,22.743973083794117
0.049663924,0.05146906,0.40314594,0.053790845,0.198591,0.15133215263485908,20.296625342220068
0.032471903,0.05552733,0.10183706,0.040614985,0.086037815,0.06329781860113144,17.2154236510396
0.2649502,0.21407554,0.43436915,0.12751389,0.26775536,0.2617328226566315,24.1606487929821
0.00822872,0.023253093,0.0771031,0.025720675,0.023657057,0.03159252908080817,16.105738517828286
0.01568332,0.018291974,0.2965007,0.021859724,0.015084647,0.07348407544195652,17.571942640468478
0.020282412,0.1048226,0.2922708,0.05590859,0.022249892,0.09910686053335668,18.468740118667483
0.008629696,0.018694747,0.07632752,0.0052727764,0.022697764,0.026324500236660248,15.921357508283108
0.0909825,0.112090506,0.5108746,0.05476526,0.2980298,0.2133485406637192,22.46719892323017
0.01791503,0.04769294,0.120182544,0.026118193,0.027059998,0.04779374077916146,16.67278092727065
0.00551282,0.03251952,0.07849803,0.030551111,0.0067043905,0.030757173895835876,16.076501086354256
0.008505804,0.029857682,0.07521502,0.030501267,0.031129539,0.03504186235368252,16.226465182378888
0.0009590755,0.0024935175,0.035393998,0.0014228392,0.0039037645,0.00883463895879686,15.30921236355789
0.0039951764,0.029265262,0.08431954,0.025000362,0.006081796,0.029732427094131708,16.04063494829461
0.16424674,0.08967791,0.58157897,0.036666047,0.088309154,0.19209576323628427,21.72335171326995
0.0015631567,0.0055020317,0.046722163,0.0037984864,0.002317341,0.011980635672807693,15.41932224854827
0.0029925215,0.014238834,0.06564877,0.026558045,0.0025869014,0.022405014885589485,15.784175520995632
0.01440174,0.02837597,0.0933838,0.034164194,0.05959219,0.0459835784509778,16.609425245784223
0.0010098731,0.0033776474,0.041432623,0.0012338039,0.0011808426,0.00964695797301829,15.33764352905564
0.0035197723,0.0046371007,0.17773987,0.0009138623,0.005208088,0.038403739396017045,16.344130878860597
0.001190228,0.003140581,0.032252014,0.001965332,0.004428616,0.008595354133285582,15.300837394664995
0.060183145,0.09889019,0.22113062,0.09581567,0.1285666,0.12091724574565889,19.23210360109806
0.001451502,0.008144125,0.05263757,0.0061352914,0.0011204333,0.0138977843336761,15.486422451678663
0.1309248,0.31484324,0.70695895,0.12576926,0.2692807,0.30955539047718045,25.834438666701317
0.24305867,0.30984434,0.60366225,0.11725877,0.37559724,0.3298842549324036,26.545948922634125
0.0053837374,0.014800105,0.0993418,0.01437849,0.038557027,0.034492232277989386,16.20722812972963
0.003239184,0.0077338805,0.095301546,0.0018160838,0.003156328,0.02224940450396389,15.778729157638736
0.26169798,0.33391583,0.6344336,0.22405678,0.30785108,0.35239105820655825,27.333687037229538
0.022525605,0.05791534,0.23215446,0.018166693,0.014154243,0.06898326817899941,17.41441438626498
0.07199748,0.11485223,0.30441225,0.10459884,0.032384403,0.1256490394473076,19.397716380655766
0.0049879747,0.011336397,0.10526907,0.0030210214,0.0031710514,0.025557102356106046,15.894498582463712
0.002464091,0.0060140165,0.080126874,0.0012990023,0.0021124743,0.018403291632421315,15.644115207134746
0.006014758,0.015287887,0.067032024,0.014225529,0.056590963,0.03183023221790791,16.114058127626777
0.0063365195,0.019062407,0.14977081,0.019144468,0.0037753326,0.03961790772154928,16.386626770254225
0.118551746,0.21373683,0.6731973,0.06765631,0.35941774,0.2865119904279709,25.02791966497898
0.010588393,0.049490266,0.10661863,0.055530176,0.011759504,0.04679739307612181,16.637908757664263
0.0059788474,0.0068430807,0.19284885,0.002253964,0.0022017006,0.042025287821888926,16.470885073766112
0.0069444496,0.0170465,0.15738834,0.0028522045,0.005488374,0.037943974463269116,16.32803910621442
0.081458494,0.23730676,0.57561195,0.07223557,0.15329209,0.2239809721708298,22.839334025979042
0.11378357,0.28544977,0.52956545,0.04803546,0.24587302,0.24454145506024363,23.558950927108526
0.15661785,0.21738912,0.6812639,0.12057181,0.24484539,0.28413761854171754,24.944816648960114
0.034939397,0.051254224,0.69311893,0.008259832,0.01791242,0.16109696049243213,20.638393617235124
0.011944345,0.030692644,0.15186255,0.004034997,0.013360144,0.04237893540412188,16.483262739144266
0.16370793,0.30557692,0.72411615,0.11439471,0.3001021,0.3215795636177063,26.25528472661972
0.0080368435,0.008257243,0.14055514,0.00412617,0.005677569,0.03333059381693602,16.16657078359276
0.03686264,0.1471438,0.39964506,0.041499328,0.036213405,0.13227284625172617,19.629549618810415
0.002702407,0.00775575,0.05936169,0.0029408517,0.003496992,0.015251537878066303,15.53380382573232
0.0009505815,0.0023608499,0.033098035,0.00059352204,0.0017480495,0.007750207500066609,15.271257262502331
0.08651638,0.1648024,0.2297079,0.14155093,0.16809061,0.15813364386558534,20.534677535295486
0.0029197936,0.008274787,0.057339925,0.003114064,0.0038739701,0.01510450802743435,15.528657780960202
0.054331783,0.22060624,0.4955244,0.06299978,0.0869582,0.1840840809047222,21.442942831665277
0.0021491314,0.0054793474,0.051791865,0.0014126793,0.0029418068,0.012754966062493621,15.446423812187277
0.014734281,0.018897187,0.22675765,0.010633306,0.005319661,0.05526841608807445,16.934394563082606
0.023783477,0.066981405,0.6202468,0.01666647,0.24937601,0.19541083872318266,21.839379355311394
0.0033306913,0.007394501,0.11399027,0.0041135317,0.0018233184,0.026130462391301987,15.91456618369557
0.0019315042,0.015249094,0.060672395,0.020924196,0.0035162868,0.020458695129491392,15.716054329532199
0.0057280436,0.017467886,0.10706647,0.02656199,0.014611558,0.0342871891334653,16.200051619671285
0.07589361,0.19082093,0.4558139,0.11777095,0.0693569,0.18193126171827317,21.36759416013956
0.009151898,0.015300204,0.11925086,0.0044941283,0.024482217,0.03453586073592305,16.208755125757307
0.09312604,0.16973266,0.51650006,0.03284963,0.29155147,0.2207519717514515,22.726319011300802
0.013725643,0.046664156,0.15932281,0.035033166,0.009165598,0.052782275341451176,16.84737963695079
0.1607227,0.24813396,0.42863005,0.026861515,0.3008578,0.23304120823740962,23.156442288309336
0.045829687,0.07436781,0.27910423,0.02003018,0.29358062,0.14258250556886198,19.99038769491017
0.0040650885,0.0076469886,0.06428927,0.0060319323,0.021724505,0.02075155731290579,15.726304505951703
0.2117565,0.31803906,0.66234016,0.21608584,0.27499607,0.33664352595806124,26.782523408532143
0.0046762554,0.006125161,0.09727523,0.003735997,0.0032107257,0.02300467328168452,15.805163564858958
0.14351337,0.24960282,0.31899896,0.03996356,0.35193324,0.22080239057540896,22.728083670139313
0.030465377,0.07444937,0.14420542,0.029519407,0.043485984,0.06442511156201362,17.254878904670477
0.0077807023,0.029416706,0.099260986,0.0073493533,0.012228822,0.03120731404051185,16.092255991417915
0.0776946,0.20476769,0.4781077,0.026308939,0.20627895,0.19863157421350477,21.952105097472668
0.24124587,0.33295444,0.6114102,0.19432148,0.38761517,0.35350943207740787,27.372830122709274
0.11350081,0.1475736,0.621279,0.021863721,0.24875516,0.23059445917606353,23.070806071162224
0.0020671338,0.01223943,0.05465356,0.013445151,0.002215832,0.01692422116175294,15.592347740661353
0.16808598,0.2328135,0.67154056,0.10402689,0.3032179,0.29593696445226675,25.357793755829334
0.008863724,0.017463828,0.13258544,0.0037878985,0.011044293,0.034749035723507404,16.21621625032276
0.048086356,0.09596117,0.23242621,0.024279967,0.028503053,0.08585135117173195,18.004797291010618
0.021943182,0.056698043,0.28916636,0.060905717,0.0113762645,0.08801791351288558,18.080626972950995
0.0010995122,0.010179305,0.04553997,0.0101797525,0.0013285878,0.013665425870567561,15.478289905469865
0.16515645,0.32582003,0.37372175,0.06254841,0.46442953,0.2783352330327034,24.74173315614462
0.004570876,0.019320432,0.093263574,0.02054054,0.006596052,0.02885829461738467,16.010040311608464
0.070887364,0.10624242,0.34098682,0.10571398,0.052986868,0.13536348938941956,19.737722128629684
0.029647695,0.06461868,0.26678416,0.016789803,0.13937142,0.10344235226511957,18.620482329279184
0.013823354,0.0244792,0.13821523,0.0033087614,0.067323275,0.049429963622242216,16.730048726778477
0.003467242,0.008981082,0.054357782,0.0018945092,0.039895386,0.02171920007094741,15.76017200248316
0.0032758336,0.013020245,0.064414516,0.013132916,0.0041400446,0.019596711080521346,15.685884887818247
0.0017685764,0.006980362,0.053110983,0.0038906883,0.00201596,0.013553313957527279,15.474365988513455
0.022010539,0.06201876,0.24226338,0.03144371,0.07920445,0.08738816678524017,18.058585837483406
0.045102496,0.09870866,0.19741356,0.08445628,0.06255056,0.09764631167054177,18.41762090846896
0.007667532,0.01918405,0.09494136,0.0054289848,0.0060704006,0.026658465899527077,15.933046306483448
0.010413458,0.038312335,0.16171584,0.018709673,0.010989265,0.048028112947940835,16.68098395317793
0.026483344,0.17407627,0.3143816,0.08896859,0.029489163,0.12667979411780836,19.433792794123292
0.11020383,0.13843146,0.24223356,0.038640086,0.27570722,0.1610432304441929,20.63651306554675
0.020968592,0.17629749,0.3638294,0.10447041,0.036984693,0.14051011689007284,19.91785409115255
0.0528581,0.15733026,0.28279024,0.042277813,0.042511437,0.11555357053875924,19.044374968856573
0.15997384,0.27299514,0.5670363,0.06604976,0.26271623,0.26575425118207935,24.301398791372776
0.011004308,0.035610422,0.09229767,0.04445958,0.02581795,0.041837986931204794,16.464329542592168
0.0034076674,0.008912917,0.17139447,0.0063367025,0.042565595,0.04652346996590495,16.628321448806673
0.06663144,0.09506389,0.23475514,0.062435113,0.0676259,0.10530229657888412,18.685580380260944
0.00265901,0.007729158,0.054235004,0.00254176,0.0026401998,0.013961026305332781,15.488635920686647
0.0025101104,0.002886191,0.20855692,0.0004911061,0.0016258786,0.043214041285682465,16.512491444998886
0.18666583,0.19179033,0.39437467,0.122924246,0.22100607,0.22335222810506822,22.817327983677387
0.00786253,0.016209995,0.08098659,0.0023834151,0.0445201,0.030392525624483826,16.063738396856934
0.045270454,0.10711569,0.30808836,0.040647976,0.04761481,0.10974745899438859,18.8411610648036
0.008819729,0.015824495,0.25299984,0.005228328,0.0042916667,0.05743281217291951,17.010148426052183
0.047599748,0.087134615,0.37400937,0.09704251,0.04687263,0.13053177446126937,19.56861210614443
0.100902505,0.12667431,0.49308467,0.10477196,0.05696071,0.17647882997989656,21.17675904929638
0.094833165,0.18757024,0.60558534,0.08195173,0.34258384,0.2625048622488976,24.187670178711414
0.0809633,0.13968909,0.19713429,0.05564681,0.3908809,0.17286287918686868,21.050200771540403
0.040656548,0.06318655,0.7183571,0.023901666,0.2036092,0.20994220934808255,22.34797732718289
0.0037189622,0.014657049,0.09173729,0.01135802,0.0028511754,0.024864499922841787,15.870257497299463
0.01866976,0.05516011,0.19225144,0.02848299,0.02119132,0.06315112449228764,17.210289357230067
0.27962568,0.31499708,0.5869962,0.1482723,0.27471024,0.3209203004837036,26.232210516929626
0.020097263,0.05826935,0.8886776,0.007916076,0.215902,0.23817245773971082,23.33603602088988
0.18234855,0.23731539,0.6926552,0.07881841,0.23694293,0.2856160968542099,24.996563389897346
0.095678315,0.25160405,0.5935451,0.06639676,0.42648134,0.28674110770225525,25.035938769578934
0.0014257208,0.0064304112,0.038233303,0.0045396877,0.0026787415,0.010661572730168701,15.373155045555905
0.041764677,0.19717394,0.41500816,0.10056217,0.058172114,0.16253621131181717,20.6887673959136
0.21728207,0.2029069,0.6113765,0.15964994,0.2772756,0.2936982065439224,25.279437229037285
0.027463054,0.043117646,0.11345478,0.010296428,0.05985582,0.05083754565566779,16.779314097948372
0.0016974597,0.0051964503,0.073108524,0.0019367527,0.0012000416,0.01662784568034113,15.58197459881194
0.1541682,0.28643158,0.59711933,0.090788096,0.3008315,0.28586774170398715,25.00537095963955
0.0025807861,0.017033521,0.07511771,0.012453278,0.0023425093,0.02190556027926505,15.766694609774277
0.010808499,0.098813064,0.21142136,0.07214924,0.016520962,0.081942624039948,17.86799184139818
0.017455647,0.015765565,0.40635082,0.009490212,0.0036117174,0.09053479246795178,18.168717736378312
0.004849548,0.01401564,0.09993142,0.008861973,0.0032526136,0.026182238711044192,15.916378354886547
0.06770064,0.1958704,0.33921927,0.03801724,0.18178815,0.16451913937926294,20.758169878274202
0.043593135,0.056897633,0.3196421,0.011465846,0.1077984,0.1078794214874506,18.77577975206077
0.0036163742,0.024511764,0.06306403,0.031578824,0.004060843,0.02536636725999415,15.887822854099795
0.025856122,0.044514034,0.3202852,0.015712474,0.25104326,0.1314822182059288,19.601877637207508
0.01200502,0.020353882,0.15272783,0.032636307,0.0067780986,0.04490022696554661,16.57150794379413
0.020113911,0.14799231,0.24771348,0.03484871,0.035677206,0.09726912304759026,18.40441930666566
0.012147307,0.01598191,0.2656386,0.01599823,0.0035989985,0.06267300718463958,17.193555251462385
0.000924446,0.0052078757,0.05520651,0.002464785,0.0010601984,0.012972763262223453,15.45404671417782
0.084021285,0.14104782,0.76569873,0.03550566,0.13916856,0.23308841139078143,23.15809439867735
0.084797226,0.16070442,0.7397596,0.06292185,0.30002508,0.26964163929224017,24.437457375228405
0.081663884,0.0842845,0.48223194,0.05243481,0.080163576,0.15615574270486832,20.46545099467039
0.10422677,0.27585566,0.6677689,0.061497685,0.35792336,0.2934544734656811,25.270906571298838
0.08937806,0.20750937,0.64211386,0.11850046,0.09227974,0.22995629906654358,23.048470467329025
0.030623801,0.0340739,0.17448902,0.04022165,0.047647472,0.06541116908192635,17.289390917867422
0.075175256,0.20356677,0.2989394,0.03159831,0.48207703,0.21827135607600212,22.639497462660074
0.00056077354,0.0019869467,0.03052038,0.00089573127,0.0010351618,0.006999798561446369,15.244992949650623
0.13375805,0.26024684,0.7172817,0.06401703,0.30243477,0.295547679066658,25.34416876733303
0.0051321923,0.008012119,0.1573925,0.005722137,0.0024258038,0.0357369507662952,16.250793276820332
0.01255418,0.019685637,0.12670986,0.00780446,0.01002258,0.03535534404218197,16.23743704147637
0.0077601727,0.032454684,0.08708293,0.026959201,0.023249075,0.03550121262669563,16.242542441934347
0.02150729,0.15058184,0.3306794,0.04482888,0.0407249,0.11766445860266685,19.11825605109334
0.0049037742,0.0145836,0.073264554,0.019357605,0.006083557,0.023638617992401124,15.82735162973404
0.07471209,0.22017421,0.59862405,0.040672716,0.42358097,0.2715528078377247,24.504348274320364
0.041301083,0.064796515,0.29015,0.014048078,0.16351,0.1147611314430833,19.016639600507915
0.083711304,0.1318361,0.27486983,0.05327371,0.22552449,0.15384308621287346,20.38450801745057
0.04296852,0.13129105,0.49441558,0.05487569,0.040991493,0.1529084660112858,20.351796310395002
0.0064327153,0.017790135,0.15996674,0.0118591655,0.0065386454,0.04051747964695096,16.418111787643284
0.004693485,0.021017186,0.091254875,0.014133837,0.0038837993,0.02699663653038442,15.944882278563455
0.1082425,0.28115678,0.6655374,0.088947244,0.42413163,0.313603113591671,25.976108975708485
0.00064824376,0.0042154556,0.03832635,0.003577536,0.0009125281,0.009536022506654262,15.3337607877329
0.0065077953,0.029010473,0.08288917,0.026165118,0.0066566956,0.030245850328356028,16.05860476149246
0.015717873,0.019285666,0.118412435,0.014996535,0.02444637,0.038571775890886784,16.350012156181037
0.0028996319,0.017282188,0.06921978,0.017431218,0.0036748634,0.022101536858826876,15.77355379005894
0.073134154,0.10155805,0.20109564,0.024745677,0.08865651,0.0978380061686039,18.424330215901136
0.15988398,0.3309408,0.73406154,0.12464185,0.37085304,0.3440762430429459,27.042668506503105
0.060801312,0.090285815,0.31404516,0.020847144,0.028108032,0.10281749293208123,18.598612252622843
0.02133586,0.16780353,0.39329183,0.08834942,0.030537546,0.14026363603770733,19.909227261319757
0.0004602572,0.0027428637,0.039553903,0.0016196767,0.0005133856,0.00897801725077443,15.314230603777105
0.014977411,0.038513802,0.19078673,0.040017556,0.13336708,0.08353251609951258,17.92363806348294
0.008278916,0.009967624,0.19041146,0.0013268896,0.016716622,0.04534030293580145,16.58691060275305
0.09986706,0.22998081,0.7787537,0.083737485,0.31616467,0.30170074552297593,25.559526093304157
0.01558225,0.041514296,0.17420264,0.023554195,0.21348439,0.09366755373775959,18.278364380821586
0.0018007862,0.007479009,0.056769155,0.0030931323,0.0019530728,0.014219031110405922,15.497666088864207
0.0035091664,0.0074899117,0.041929,0.0022718073,0.020901041,0.015220185136422516,15.532706479774788
0.052173797,0.15633762,0.7114764,0.02540741,0.3657682,0.262232680991292,24.17814383469522
0.0007302406,0.005507861,0.04443356,0.0044292696,0.0009718474,0.011214555718470366,15.392509450146463
0.04989091,0.054895133,0.27668288,0.019061903,0.17452464,0.11501109264791012,19.025388242676854
0.03527085,0.051919106,0.12773749,0.01478254,0.091622934,0.06426658462733031,17.24933046195656
0.12519774,0.31158274,0.564873,0.056605376,0.18229336,0.2481104388833046,23.68386536091566
0.011304354,0.018689426,0.11387743,0.005288664,0.009009613,0.03163389740511775,16.10718640917912
0.13173915,0.2242949,0.6981373,0.037351284,0.24570349,0.26744522228837014,24.360582780092955
0.001768478,0.005476232,0.047564514,0.0011471142,0.027964909,0.01678424938581884,15.58744872850366
0.06163397,0.09101663,0.19630943,0.027263157,0.055254087,0.08629545494914055,18.02034092321992
0.0030926825,0.005454322,0.044893764,0.0014611814,0.008073264,0.01259504270274192,15.440826494595967
0.0024319643,0.015903227,0.10090404,0.016382504,0.0066099367,0.028446334460750226,15.995621706126258
0.0041859136,0.016140487,0.079352744,0.022002298,0.0034373638,0.025023761345073583,15.875831647077575
0.015953207,0.038475707,0.17506522,0.030415632,0.01977992,0.05593793727457524,16.957827804610133
0.0010300095,0.0048655397,0.036148455,0.0062104645,0.0055243243,0.01075575859285891,15.376451550750062
0.0011707346,0.006933091,0.042382527,0.018126948,0.0013341449,0.013989489129744471,15.489632119541056
0.17826003,0.15375425,0.46058708,0.110251,0.14749965,0.21007040292024615,22.352464102208614
0.0006697458,0.004990522,0.038018975,0.005002709,0.001239878,0.00998436602531001,15.34945281088585
0.004834126,0.012542434,0.1660478,0.013973832,0.035124294,0.046504496689885856,16.627657384146005
0.09690122,0.13052824,0.50368637,0.027740661,0.31634104,0.21503950729966162,22.526382755488157
0.001411379,0.008986613,0.045812216,0.012221693,0.0018291501,0.01405221011955291,15.491827354184352
0.008302871,0.044358153,0.1387013,0.02044044,0.006864025,0.043733358848840005,16.5306675597094
0.117554896,0.2879458,0.5300853,0.047118753,0.38160387,0.27286172956228255,24.55016053467989
0.020087725,0.14241047,0.3152784,0.058179248,0.025451727,0.1122815165668726,18.92985307984054
0.012715648,0.036813967,0.13897313,0.00608147,0.0482654,0.04856992354616523,16.699947324115783
0.00068967795,0.0017916869,0.03164926,0.00083975267,0.0015305921,0.007300194259732963,15.255506799090654
0.027990865,0.048959307,0.27974153,0.030474631,0.24046318,0.12552590221166612,19.393406577408314
0.0028681075,0.0124890935,0.07210823,0.008922539,0.0024522592,0.019768046075478198,15.691881612641737
0.01586729,0.044278424,0.11953386,0.011488848,0.011443314,0.04052234701812268,16.418282145634294
0.008986893,0.0088095395,0.16721988,0.0011192615,0.008393167,0.038905747584067285,16.361701165442355
0.0012714802,0.009181375,0.045736704,0.014751881,0.0031786861,0.014824025286361576,15.518840885022655
0.047249872,0.17259935,0.40402102,0.0762806,0.06736457,0.1535030834376812,20.372607920318842
0.04863735,0.1661729,0.35436952,0.09445235,0.044951417,0.14171670898795127,19.960084814578295
0.0028765642,0.0057859817,0.044972025,0.0027734411,0.010608299,0.013403262104839088,15.469114173669368
0.0011004568,0.005045936,0.038091924,0.014624553,0.002103425,0.012193258944898845,15.42676406307146
0.140567,0.28267118,0.5535172,0.07825329,0.39621583,0.2902449056506157,25.15857169777155
0.00069857977,0.0038442363,0.034481693,0.0043942095,0.001232743,0.008930292318109424,15.31256023113383
0.00041034695,0.0020114875,0.03347308,0.0020051254,0.000819481,0.007743903796654196,15.271036632882897
0.036608856,0.1235639,0.25468668,0.026845783,0.026953056,0.09373165592551232,18.28060795739293
0.024471633,0.04830731,0.18438101,0.03213255,0.012015753,0.060261651314795016,17.109157796017826
0.06556964,0.07937798,0.21526141,0.055873442,0.10475706,0.10416790768504143,18.64587676897645
0.140776,0.27624792,0.719847,0.1073512,0.22849524,0.29454347491264343,25.30902162194252
0.024392428,0.044545677,0.28295097,0.032406252,0.1661342,0.110085903480649,18.853006621822715
0.049259786,0.06048148,0.2932492,0.012552088,0.06659749,0.09642800725996496,18.374980254098773
0.0569631,0.06937295,0.32372907,0.1202857,0.03415641,0.12090144529938698,19.231550585478544
0.006709384,0.020033639,0.07884316,0.015663156,0.0071029663,0.025670461356639862,15.898466147482395
0.003825105,0.0066828826,0.12761728,0.0017859837,0.003501616,0.028682574373669924,16.003890103078447
0.040210962,0.09827579,0.23614071,0.015009594,0.10949218,0.09982584808021784,18.493904682807624
0.0022021218,0.007826631,0.06307199,0.004344335,0.0015584715,0.01580070951022208,15.553024832857773
0.049252585,0.02587264,0.48165166,0.008212702,0.02099867,0.11719765216112138,19.101917825639248
0.010642867,0.05460234,0.16943339,0.039153144,0.015098594,0.05778606589883566,17.022512306459248
0.026060207,0.08910437,0.19663408,0.11269522,0.016203951,0.08813956566154957,18.084884798154235
0.10736543,0.12541924,0.59201586,0.023131993,0.12419484,0.19442547336220742,21.80489156767726
0.15232116,0.30965215,0.84019595,0.07368465,0.36333415,0.3478376120328903,27.17431642115116
0.008271179,0.03516501,0.094995506,0.03676325,0.014890967,0.038017182238399984,16.330601378344
0.13815308,0.20222877,0.59399647,0.09436967,0.34327924,0.27440544515848164,24.604190580546856
0.10374087,0.27453372,0.52805,0.06864349,0.3196472,0.2589230552315712,24.062306933104992
0.023494061,0.060057614,0.17454444,0.012879045,0.07507608,0.06921024788171053,17.42235867585987
0.116924204,0.29667097,0.47519448,0.064599745,0.4018417,0.2710462212562561,24.486617743968964
0.028605118,0.08723552,0.2542645,0.07054066,0.03137162,0.09440348371863366,18.304121930152178
0.04736786,0.1548157,0.32401413,0.06928066,0.034570817,0.12600983381271363,19.410344183444977
0.1129686,0.22247702,0.61597943,0.100318745,0.09337182,0.22902312427759172,23.01580934971571
0.0029231913,0.011834676,0.06333572,0.020264056,0.0050433963,0.02068020724691451,15.723807253642008
0.04026304,0.05130106,0.34959006,0.014168762,0.024621831,0.09598895125091077,18.359613293781877
0.00062559766,0.005284351,0.03854334,0.004742327,0.0007360637,0.009986335830762983,15.349521754076704
0.17150155,0.3731451,0.5278546,0.06437513,0.40662417,0.3087001144886017,25.80450400710106
0.0014115187,0.011366456,0.05253901,0.011527649,0.0016519867,0.01569932398851961,15.549476339598186
0.0026615986,0.01734821,0.09939991,0.014553506,0.0043754037,0.027667725412175062,15.968370389426127
0.09151193,0.08330477,0.704632,0.03315256,0.15801552,0.2141233526170254,22.494317341595888
0.008070251,0.013232046,0.14705183,0.002620941,0.009907054,0.03617642354220152,16.266174823977053
0.004343929,0.013935613,0.061619923,0.02025197,0.006783654,0.02138701789081097,15.748545626178384
0.11989094,0.20256679,0.38779393,0.07836565,0.368788,0.23148106187582018,23.101837165653706
0.032999657,0.11565445,0.3089881,0.018998614,0.17306317,0.1299407985061407,19.547927947714925
0.08646175,0.105737925,0.47364268,0.041372433,0.29117882,0.19967872202396394,21.988755270838737
0.0020687378,0.008861956,0.064626254,0.0035389487,0.0029051006,0.016400199476629497,15.574006981682032
0.16994923,0.14026353,0.73993856,0.03411869,0.16296908,0.24944781810045244,23.730673633515835
0.00635842,0.037118517,0.14775872,0.029620202,0.011423664,0.04645590512081981,16.625956679228693
0.11024193,0.18816325,0.4021871,0.1264393,0.12306017,0.19001835137605666,21.650642298161983
0.035292365,0.078103654,0.17659333,0.013873163,0.12306808,0.08538611885160208,17.988514159806073
0.02028069,0.04865879,0.16549577,0.012229404,0.12109271,0.07355147171765566,17.574301510117948
0.0063944072,0.017407134,0.0850661,0.0013996749,0.015700636,0.02519359104335308,15.881775686517358
0.083659604,0.24193326,0.52708536,0.025914978,0.15842214,0.2074030689895153,22.259107414633036
0.0018420964,0.008636189,0.058912545,0.008546282,0.001471968,0.01588181604165584,15.555863561457954
0.00043632815,0.0039564464,0.033626266,0.0027639857,0.00042100504,0.008240806218236685,15.288428217638284
0.0053675612,0.016093712,0.09298421,0.0063391174,0.0058550127,0.025327922124415637,15.886477274354547
0.10887194,0.20802896,0.29592806,0.029351467,0.39529258,0.20749460048973564,22.262311017140746
0.1729971,0.336137,0.5142784,0.14940368,0.42038384,0.3186400055885315,26.152400195598602
0.010829216,0.025469474,0.101701066,0.04144133,0.007517331,0.03739168317988515,16.30870891129598
0.043875452,0.09245208,0.19317167,0.021651292,0.2280447,0.11583903841674328,19.054366344586015
0.10385376,0.10266607,0.5862483,0.03149488,0.250524,0.21495740115642548,22.52350904047489
0.001913549,0.00729917,0.038505547,0.0034895027,0.0047536157,0.01119227681774646,15.391729688621126
0.043331005,0.16606648,0.36726487,0.19420259,0.027161809,0.15960534997284415,20.586187249049544
0.120922476,0.25968865,0.5674113,0.109070346,0.15337373,0.24209330081939698,23.473265528678894
0.0010030881,0.0018723222,0.04238657,0.0005278818,0.0029831708,0.00975460638292134,15.341411223402247
0.0037837047,0.0066861846,0.10792807,0.0009965365,0.0030751857,0.024493935774080457,15.857287752092816
0.0021413746,0.0064099105,0.04395644,0.003486559,0.007923055,0.012783467909321188,15.447421376826242
0.13237925,0.118432485,0.5722784,0.047265396,0.09187483,0.19244606792926788,21.735612377524376
0.009865602,0.023304213,0.07348998,0.030406862,0.041414864,0.03569630403071642,16.249370641075075
0.0007029953,0.003364319,0.030940682,0.0076685953,0.0023767746,0.009010673162993043,15.315373560704757
0.03107795,0.05427087,0.19631211,0.018104907,0.13599648,0.08715246357023716,18.0503362249583
0.0028334523,0.009793416,0.060464077,0.013021661,0.003082127,0.017838946543633938,15.624363129027188
0.038656686,0.07044306,0.18963861,0.0196596,0.1786628,0.09941215254366399,18.47942533902824
0.07530611,0.20088294,0.40364587,0.07641019,0.17118949,0.18548692017793655,21.49204220622778
0.0023580391,0.0040785368,0.06283879,0.0009037692,0.0042565307,0.014887133718002588,15.52104968013009
0.030762674,0.0518376,0.16238521,0.0154802,0.023086023,0.05671034157276154,16.984861955046654
0.22764075,0.25038332,0.54752916,0.19824362,0.14406946,0.2735732614994049,24.57506415247917
0.10290626,0.28389567,0.4817305,0.048639465,0.4702554,0.27748545780777933,24.711991023272276
0.024258079,0.0489592,0.1396461,0.027409464,0.022653392,0.05258524641394615,16.840483624488115
0.011124069,0.030837474,0.09691314,0.02586781,0.018281879,0.036604873836040504,16.281170584261417
0.014776005,0.04841761,0.16391808,0.02872625,0.017386708,0.05464493017643691,16.91257255617529
0.01175609,0.03418849,0.33599287,0.016240722,0.035427183,0.08672107160091401,18.03523750603199
0.022144385,0.08357853,0.25870246,0.04861452,0.031826373,0.08897325247526168,18.11406383663416
0.02326176,0.022222709,0.19026959,0.024923336,0.013472737,0.05483002606779337,16.919050912372768
0.035606623,0.039675694,0.6043215,0.0315422,0.045553695,0.15133993849158286,20.2968978472054
0.0808902,0.105187595,0.2475828,0.043131515,0.19092539,0.133543498814106,19.67402245849371
0.036601964,0.095351055,0.21919794,0.07482956,0.056009267,0.09639795869588853,18.373928554356098
0.05800001,0.1640642,0.778906,0.044341054,0.3425827,0.27757879048585893,24.715257667005062
0.0045057763,0.022299452,0.08545867,0.021201435,0.003581497,0.027409366797655824,15.959327837917954
0.0105287535,0.019887805,0.0819581,0.009456461,0.027256759,0.029817575775086883,16.04361515212804
0.015011426,0.03265974,0.18869208,0.023288904,0.006515184,0.05323346620425582,16.863171317148954
0.013883369,0.01775841,0.28719142,0.0028522236,0.03987339,0.07231176304630935,17.530911706620827
0.09207618,0.34345302,0.57484823,0.052264024,0.40652382,0.2938330568373203,25.28415698930621
0.1551958,0.16311443,0.39407557,0.25485256,0.13175271,0.21979821622371676,22.692937567830086
0.0009900974,0.0030722881,0.046231866,0.001522982,0.0010471866,0.010572883998975158,15.37005093996413
0.011558667,0.020991618,0.09812861,0.023828302,0.015486525,0.03399874418973923,16.189956046640873
0.03462064,0.035507277,0.28226528,0.007190992,0.030967994,0.07811043541878462,17.73386523965746
0.039652735,0.11923381,0.5853134,0.05465288,0.29571015,0.2189125902950764,22.661940660327673
0.14665808,0.24580301,0.67346984,0.11799572,0.17497632,0.27178059369325636,24.512320779263973
0.016749863,0.01064372,0.38442138,0.006381838,0.005669478,0.08477325532585382,17.967063936404884
0.099352516,0.21523486,0.64099854,0.056289475,0.16606787,0.23558865264058115,23.24560284242034
0.0076751704,0.02351443,0.07835411,0.0064305943,0.051216595,0.033438180293887856,16.170336310286075
0.12255023,0.20930089,0.62372774,0.038986064,0.23699129,0.24631124138832092,23.620893448591232
0.104053184,0.12651873,0.43430802,0.028612358,0.11734543,0.16216754429042338,20.67586405016482
0.010517726,0.03155858,0.23197372,0.013260984,0.050590713,0.06758034508675337,17.365312078036368
0.0006098755,0.0027369668,0.045204766,0.0013271265,0.0011097012,0.010197687230538578,15.35691905306885
0.08140792,0.13088903,0.21531923,0.041598193,0.2858376,0.1510103926062584,20.285363741219044
0.0040120003,0.013087225,0.077423155,0.009054669,0.0036715232,0.021449714619666337,15.750740011688322
0.005063168,0.016457628,0.058167282,0.0064045675,0.07334429,0.03188738729804754,16.116058555431664
0.037767056,0.061775807,0.33351585,0.054812055,0.12856674,0.12328750267624856,19.3150625936687
0.00045463198,0.0010825776,0.026119484,0.00038658179,0.0036608884,0.006340832688147203,15.221929144085152
0.0065732105,0.011543902,0.17604809,0.0058958544,0.015929943,0.04319819891825319,16.51193696213886
0.15494572,0.11177495,0.69156826,0.022384651,0.13209125,0.2225529655814171,22.789353795349598
0.07275398,0.07964412,0.37352207,0.13531034,0.04306827,0.1408597566187382,19.930091481655836
0.0027466593,0.009981935,0.05502988,0.0038929603,0.004647053,0.01525969752110541,15.53408941323869
0.0026839976,0.020507727,0.062324364,0.027027559,0.003241551,0.02315703956410289,15.810496384743601
0.0016555056,0.014099449,0.063917816,0.011999038,0.0032358635,0.018981534359045326,15.664353702566586
0.0825199,0.19192156,0.45709693,0.02486035,0.2384332,0.19896638803184033,21.96382358111441
0.00095648796,0.001921046,0.046419144,0.0004981532,0.0011430265,0.010187571460846812,15.356565001129638
0.0016449625,0.008255787,0.05072767,0.01000353,0.0019080507,0.0145079999929294,15.507779999752529
0.007539584,0.028702019,0.12866348,0.024725495,0.0095368745,0.03983349045738578,16.394172166008502
0.07779261,0.17739734,0.29160675,0.031368062,0.4459642,0.20482579022645953,22.168902657926083
0.10133472,0.14030924,0.24235499,0.031255443,0.086944625,0.12043980434536936,19.215393152087927
0.06381386,0.10089789,0.31731048,0.07207123,0.03611497,0.11804168671369554,19.131459034979343
0.104240775,0.25355685,0.8268643,0.054576825,0.28053468,0.30395468696951866,25.638414043933153
0.07129068,0.0946104,0.51213837,0.044982366,0.2666012,0.1979246035218239,21.927361123263836
0.14241338,0.33986965,0.6486331,0.057680145,0.29676336,0.29707193076610566,25.397517576813698
0.0009233856,0.001941341,0.031824525,0.0006565333,0.004024192,0.007873995508998633,15.275589842814952
0.00050024193,0.0027086304,0.045568023,0.0021082517,0.001092816,0.010395592579152435,15.363845740270335
0.0067289267,0.02589851,0.16708079,0.005531263,0.034804374,0.04800877282395959,16.680307048838586
0.0027991522,0.016794195,0.06022847,0.025914242,0.0037600228,0.02189921671524644,15.766472585033625
0.0028198962,0.018557413,0.06956717,0.017568568,0.0027788416,0.022258378379046918,15.779043243266642
0.019368824,0.014350115,0.37015265,0.007853656,0.0064317733,0.08363140411674976,17.92709914408624
0.007444373,0.013294288,0.15732992,0.012084931,0.0032945212,0.038689606031402944,16.354136211099103
0.007007783,0.02210007,0.08541451,0.013332904,0.010240311,0.027619114983826874,15.96666902443394
0.026861196,0.03883517,0.5455941,0.04032962,0.047442902,0.13981259725987913,19.89344090409577
0.010769068,0.027436381,0.14152206,0.0063277017,0.0080046225,0.03881196770817042,16.358418869785964
0.010209137,0.026735066,0.10569733,0.009870564,0.018459799,0.034194378182291985,16.19680323638022
0.010454489,0.023387063,0.086164095,0.0318257,0.033277508,0.03702177070081234,16.295761974528432
0.09932458,0.18766463,0.6941498,0.045542136,0.10492522,0.22632127106189728,22.921244487166405
0.088390365,0.17226776,0.3961935,0.031345766,0.33569545,0.20477856919169427,22.1672499217093
0.049595945,0.13481048,0.3709955,0.13759899,0.0327835,0.14515688121318818,20.080490842461586
0.0028699273,0.0042091934,0.11020264,0.00084045995,0.002378986,0.024100241390988233,15.843508448684588
0.010507275,0.08993686,0.17970657,0.032225028,0.015954383,0.06566602382808924,17.298310833983123
0.001295037,0.0027020485,0.03387076,0.000687061,0.0039228997,0.008495561312884092,15.297344645950943
0.0018044568,0.0077834153,0.055141095,0.0074213655,0.0025187128,0.014933809079229832,15.522683317773044
0.0034117913,0.03205578,0.1356334,0.016791157,0.005321642,0.03864275300875306,16.352496355306357
0.16564211,0.27076232,0.7075361,0.12609443,0.27634066,0.3092751264572144,25.824629426002502
0.00079208234,0.0071853576,0.05124574,0.01087154,0.0020610667,0.01443115760339424,15.505090516118798
0.04815042,0.08174647,0.41588062,0.019539641,0.28417072,0.16989757306873798,20.94641505740583
0.0059932326,0.012352303,0.064819306,0.0015540504,0.00933433,0.01881064444314688,15.658372555510141
0.004019654,0.016912336,0.087601244,0.016249495,0.0038620718,0.025728960055857897,15.900513601955026
0.047649343,0.112779066,0.27943537,0.04783595,0.07117718,0.11177538037300111,18.91213831305504
0.008310193,0.02025191,0.06214596,0.012336251,0.070669435,0.03474274966865778,16.215996238403022
0.0034742265,0.008501828,0.08279236,0.0011744978,0.0046174354,0.020112068788148463,15.703922407585196
0.21427655,0.25880688,0.700674,0.060625397,0.22719243,0.29231505244970324,25.231026835739613
0.013416144,0.013407456,0.24332796,0.009591276,0.006595715,0.05726771019399166,17.004369856789708
0.063021965,0.15833077,0.5718745,0.038727745,0.09739612,0.18587021976709367,21.505457691848278
0.17323257,0.33905634,0.44394806,0.048500393,0.4046371,0.28187489286065104,24.865621250122786
0.12488486,0.25008547,0.674052,0.074299544,0.2613373,0.27693183720111847,24.692614302039146
0.0034798526,0.007994893,0.061968986,0.00505846,0.0048731463,0.016675067553296685,15.583627364365384
0.036164194,0.067023866,0.21108654,0.019568598,0.14470187,0.0957090135663748,18.349815474823117
0.0016451401,0.0034921286,0.037790384,0.0010107331,0.003263661,0.00944040936883539,15.330414327909239
0.00028513928,0.0011109844,0.024213422,0.0005598203,0.000595874,0.0053530480072367945,15.187356680253288
0.011690811,0.024039881,0.14616793,0.03549767,0.0065171034,0.04478267980739474,16.567393793258816
0.027052179,0.12372724,0.30372897,0.049614325,0.032331485,0.10729083940386773,18.75517937913537
0.08394495,0.057201818,0.6446255,0.009232738,0.024658652,0.16393272783607243,20.737645474262536
0.0033808239,0.011713962,0.114393234,0.004716954,0.0022721016,0.027295415196567776,15.955339531879872
0.07446021,0.13271488,0.24799173,0.03999513,0.33518305,0.16606900021433832,20.81241500750184
0.18887149,0.33908752,0.777162,0.108740024,0.31554812,0.3458818331360817,27.10586415976286
0.14923143,0.12289036,0.46602938,0.1101983,0.10092154,0.18985420167446138,21.644897058606148
0.0046206103,0.032297615,0.17129235,0.026744789,0.016836515,0.050358375627547504,16.762543146964163
0.104100294,0.21342717,0.5855899,0.04739148,0.3844197,0.26698570847511294,24.344499796628952
0.0018826213,0.008668242,0.052386276,0.010053911,0.0020737348,0.015012957155704498,15.525453500449657
0.22335829,0.19007337,0.65028274,0.10459449,0.15340683,0.2643431439995766,24.25201003998518
0.039586894,0.041668907,0.3670574,0.04509293,0.022449702,0.10317116901278496,18.610990915447474
0.007960925,0.027083378,0.10731328,0.042572826,0.011825702,0.03935122285038233,16.37729279976338
0.073022686,0.18484768,0.38060147,0.050283927,0.0886349,0.1554781325161457,20.4417346380651
0.001604831,0.014971369,0.062218156,0.017996985,0.0028029508,0.01991885837633163,15.697160043171607
0.09411569,0.2297244,0.40984288,0.034649726,0.45493233,0.2446530066430569,23.56285523250699
0.09839415,0.15992276,0.5247813,0.04031401,0.32286727,0.22925589680671696,23.023956388235092
0.0187731,0.045762163,0.11165928,0.015845168,0.034180246,0.045243991538882256,16.58353970386088
0.16574593,0.23957567,0.43296474,0.053043716,0.1520205,0.20867011100053787,22.303453885018826
0.017569622,0.058703814,0.123474605,0.089480415,0.05747243,0.06934017725288869,17.426906203851104
0.23362504,0.36200017,0.6737733,0.17593111,0.31949368,0.3529646575450897,27.35376301407814
0.017621946,0.038251847,0.086441286,0.03184263,0.068538316,0.048539204895496374,16.698872171342373
0.0011016158,0.005686937,0.04066375,0.010443875,0.002766325,0.01213250025175512,15.42463750881143
0.011337198,0.0314186,0.09482208,0.05749828,0.018031865,0.04262160435318947,16.49175615236163
0.19534878,0.28615957,0.700575,0.0997221,0.30106246,0.31657358407974245,26.080075442790985
0.0024768491,0.0053430987,0.058209877,0.0018171353,0.0028936092,0.014148113946430384,15.495183988125063
0.13759927,0.24656756,0.2995479,0.05743091,0.35865685,0.21996050253510477,22.698617588728666
0.0040647504,0.0133096585,0.071167216,0.0039965427,0.005505594,0.019608752243220808,15.686306328512728
0.01384555,0.018731235,0.21860002,0.0133163305,0.0041418457,0.053726996108889584,16.880444863811135
0.00035732353,0.0010328483,0.02310276,0.00028997916,0.0010193211,0.00516044648247771,15.18061562688672
0.0266137,0.04724801,0.1467588,0.014532787,0.106165744,0.06826380696147681,17.389233243651688
0.16024332,0.26975805,0.46666637,0.04808653,0.3635374,0.26165833324193954,24.158041663467884
0.001642933,0.007940263,0.05828814,0.003207474,0.001370311,0.01448982378933579,15.507143832626753
0.22578806,0.22412357,0.52577555,0.16210954,0.17735234,0.26302981078624726,24.206043377518654
0.026629291,0.050177094,0.20931083,0.049854416,0.011687137,0.06953175365924835,17.433611378073692
0.0010403229,0.0033077833,0.04275188,0.0028796005,0.002508788,0.010497674625366927,15.367418611887842
0.0033783505,0.01422181,0.06284866,0.018694403,0.00387751,0.02060414608567953,15.721145112998784
0.0029417817,0.008586553,0.06263235,0.0033110676,0.0037365968,0.016241670213639738,15.56845845747739
0.040064547,0.08202914,0.313556,0.019067522,0.09397226,0.10973789095878601,18.84082618355751
0.2035279,0.19812508,0.60974145,0.06983133,0.29223567,0.27469228506088256,24.61422997713089
0.05102571,0.06198405,0.32859448,0.007618582,0.113395855,0.1125237349420786,18.93833072297275
0.10101333,0.14688228,0.53318393,0.026115123,0.3127997,0.2239988721907139,22.839960526674986
0.025634075,0.077418506,0.23627813,0.100685716,0.015473146,0.09109791480004788,18.188427018001676
0.20366405,0.35143012,0.71325845,0.13817231,0.37879327,0.35706363916397094,27.497227370738983
0.0021345732,0.0035288536,0.095863976,0.0010560654,0.0012023957,0.02075717269908637,15.726501044468023
0.07983098,0.19271846,0.5748839,0.06778077,0.07746259,0.19853533655405045,21.948736779391766
0.0031432186,0.0088312,0.054124657,0.0018900584,0.005298805,0.014657587837427854,15.513015574309975
0.07831108,0.14892402,0.40836668,0.06246021,0.38709402,0.2170312024652958,22.596092086285353
0.1254814,0.30601004,0.6405363,0.068869665,0.41364664,0.31090880930423737,25.881808325648308
0.0020545402,0.011663829,0.056944445,0.01191797,0.0030329362,0.017122744070366028,15.59929604246281
0.20239785,0.267199,0.3894553,0.25930974,0.39277887,0.3022281527519226,25.57798534631729
0.0140493,0.10507162,0.25405303,0.04347673,0.023134837,0.08795710261911155,18.078498591668904
0.07669257,0.1611092,0.503821,0.037135378,0.38771707,0.23329504430294037,23.165326550602913
0.0036254488,0.0065626604,0.07232399,0.0010157243,0.0131323775,0.019332040776498617,15.676621427177452
0.035197344,0.06617637,0.13581724,0.027043127,0.09220851,0.07128851935267448,17.495098177343607
0.08154634,0.1880626,0.4696686,0.031685185,0.30717915,0.21562837287783623,22.546993050724268
0.002592276,0.0094645405,0.061772574,0.007753064,0.0026022384,0.016836938541382553,15.58929284894839
0.014841741,0.028321173,0.13351113,0.0072635342,0.015770974,0.039941709581762554,16.39795983536169
0.0007401836,0.0034084092,0.039656024,0.003635415,0.0014941741,0.00978684128494933,15.342539444973227
0.0060598883,0.03530262,0.1106008,0.030198243,0.0061421455,0.03766073919832707,16.318125871941447
0.005062803,0.006320558,0.094471395,0.0020144735,0.007092653,0.022992376517504454,15.804733178112656
0.03819632,0.06538628,0.15856233,0.01364431,0.12747356,0.08065256141126156,17.822839649394155
0.002190587,0.0062497556,0.056152724,0.0020065096,0.0026577292,0.013851461047306658,15.484801136655733
0.09176296,0.21167025,0.47500774,0.11102651,0.10863158,0.19961980879306793,21.986693307757378
0.0009592683,0.004385931,0.042281657,0.0038515434,0.001328293,0.010561338625848293,15.36964685190469
0.010591321,0.018388653,0.07992161,0.0028731604,0.02465334,0.02728561693802476,15.954996592830867
0.001052529,0.0028585272,0.055785973,0.0007722835,0.0010395176,0.01230176598764956,15.430561809567735
0.12805448,0.2652784,0.40683344,0.06086741,0.43244782,0.25869631096720697,24.054370883852243
0.005755565,0.030142719,0.09905902,0.019819988,0.006921616,0.03233978217467666,16.131892376113683
0.17557766,0.17579111,0.5029881,0.029993284,0.2769111,0.23225225284695628,23.12882884964347
0.0020495895,0.00965944,0.0664968,0.0071458835,0.0029361115,0.01765756434760988,15.618014752166346
0.011969848,0.08219105,0.16155179,0.027553126,0.024309998,0.061515162140130995,17.153030674904585
0.116303645,0.08645465,0.5350102,0.10017052,0.13536075,0.19465995728969573,21.81309850513935
0.005661119,0.02880653,0.0970794,0.016561516,0.0059924545,0.03082020450383425,16.0787071576342
0.03581165,0.06128433,0.23637938,0.01458911,0.15948103,0.10150910206139088,18.55281857214868
0.00044112487,0.0041085305,0.032806993,0.002979858,0.0004018174,0.008147664670832454,15.285168263479136
0.0039188997,0.007852311,0.110705055,0.010132133,0.0068908026,0.02789984038099647,15.976494413334876
0.08645909,0.17964883,0.62642616,0.09437086,0.10823852,0.2190286919474602,22.666004218161106
0.12377109,0.15126564,0.56016546,0.03395492,0.22590578,0.21901257634162902,22.665440171957016
0.011581123,0.015482331,0.13191514,0.0032358295,0.021298287,0.03670254154130816,16.284588953945786
0.016457312,0.034989387,0.09828442,0.0093336245,0.05350553,0.04251405503600836,16.487991926260293
0.014862952,0.014942088,0.14183597,0.0042663463,0.01441851,0.03806517375633121,16.332281081471592
0.108411066,0.09292073,0.5891634,0.03808988,0.24585855,0.21488872915506363,22.521105520427227
0.010006454,0.008391441,0.36781514,0.0031675943,0.0057675154,0.07902962826192379,17.766036989167333
0.026949653,0.037292104,0.57031965,0.015498706,0.05452445,0.140916913561523,19.932091974653304
0.0021440845,0.020227926,0.0644215,0.018149117,0.0022683362,0.021442192187532783,15.750476726563647
0.023459373,0.080853306,0.15704362,0.043397967,0.01724602,0.06440005712211132,17.254001999273896
0.0046899198,0.013880823,0.07359829,0.016603343,0.005821094,0.02291869353502989,15.802154273726046
0.19349487,0.26973727,0.37119976,0.044523835,0.29023382,0.2338379114866257,23.1843269020319
0.0017920067,0.0036038393,0.07083664,0.00073774136,0.0035462286,0.016103291371837258,15.563615198014304
0.017275622,0.03592308,0.15520798,0.042874437,0.011214266,0.05249907597899438,16.837467659264803
0.00053730403,0.0052651186,0.03602897,0.0072023305,0.0008121816,0.00996918095042929,15.348921333265025
0.020462058,0.05086338,0.15094014,0.021004735,0.010056113,0.050665284506976604,16.77328495774418
0.012988987,0.024205836,0.21887362,0.01722087,0.036394373,0.06193673703819514,17.16778579633683
0.13938834,0.30717057,0.5719167,0.067876436,0.4284124,0.30295289009809495,25.603351153433323
0.0061207707,0.009303396,0.116955504,0.0052024336,0.0034236507,0.028201150894165042,15.987040281295776
0.0019367657,0.0043412503,0.042514373,0.0008728315,0.006967962,0.011326636385638267,15.39643227349734
0.011219422,0.084939934,0.21966851,0.04714669,0.02448631,0.07749217282980682,17.712226049043238
0.032736484,0.06375238,0.16799212,0.034893323,0.15305187,0.09048523455858232,18.16698320955038
0.0044337166,0.009258259,0.08130494,0.0050592157,0.0039832895,0.020807883702218533,15.728275929577649
0.024784908,0.11236098,0.26287192,0.023126578,0.05555638,0.09574015252292156,18.350905338302255
0.19325352,0.3183997,0.678091,0.1362858,0.39958805,0.3451236099004746,27.07932634651661
0.12515216,0.1564207,0.2953419,0.14740953,0.25626484,0.19611782431602479,21.864123851060867
0.023595674,0.03701169,0.100142,0.027840467,0.04955853,0.04762967303395271,16.667038556188345
0.056446727,0.1275443,0.30621132,0.10149455,0.06673074,0.1316855274140835,19.608993459492922
0.11058376,0.2524813,0.6849231,0.08987966,0.192233,0.266020168364048,24.31070589274168
0.016319012,0.015620344,0.26074865,0.012430029,0.008646066,0.06275282129645347,17.19634874537587
0.20471612,0.33806098,0.6933913,0.17203373,0.3724168,0.3561237871646882,27.464332550764084
0.0501067,0.16658573,0.4123394,0.07768625,0.039009362,0.14914548620581627,20.22009201720357
0.26527864,0.346541,0.5166101,0.20001805,0.29628694,0.32494693994522095,26.373142898082733
0.054785285,0.06346455,0.59520954,0.048251934,0.057681076,0.16387847736477854,20.735746707767248
0.001727818,0.0076474953,0.05287322,0.0066481405,0.0014101415,0.014061363111250103,15.492147708893754
0.013499838,0.05990595,0.23282336,0.010410338,0.10969213,0.08526632189750671,17.984321266412735
0.13589813,0.20287089,0.6589038,0.06932892,0.1490296,0.24320626258850098,23.512219190597534
0.0064775576,0.026455075,0.09737663,0.0077380347,0.012468587,0.030103176645934586,16.05361118260771
0.011642121,0.05835966,0.13729455,0.017811127,0.037171215,0.05245573371648789,16.835950680077076
0.012018766,0.008197756,0.38115528,0.0030818516,0.0031223097,0.08151519307866693,17.853031757753342
0.011051722,0.020413866,0.21061647,0.05211467,0.0051670643,0.059872758202254774,17.095546537078917
0.035681285,0.062403336,0.11764157,0.02991891,0.10633443,0.07039590626955032,17.46385671943426
0.0024184126,0.009078592,0.06635505,0.0013558238,0.029931137,0.02182780308648944,15.76397310802713
0.09947649,0.25212502,0.6191728,0.059923835,0.3389519,0.2739300087094307,24.587550304830074
0.0037327663,0.012340988,0.055390287,0.006673171,0.020129653,0.019653373071923854,15.687868057517335
0.12084885,0.2918594,0.598721,0.06512955,0.3610483,0.2875214248895645,25.063249871134758
0.042427428,0.06341689,0.17906864,0.08415366,0.062218376,0.08625699877738954,18.018994957208633
0.0017759037,0.005933541,0.04819051,0.0018300036,0.0023661272,0.012019217433407904,15.420672610169277
0.001317725,0.00543359,0.041141838,0.011817401,0.0027511758,0.01249234601855278,15.437232110649347
0.000823802,0.007714324,0.04431559,0.007874676,0.0010297671,0.012351632153149696,15.43230712536024
0.01570592,0.07458972,0.21362379,0.05579923,0.0140274875,0.07474923059344292,17.616223070770502
0.009661823,0.024115235,0.086175546,0.041271765,0.02079179,0.03640323150902987,16.274113102816045
0.0039088335,0.01628166,0.11767811,0.009241449,0.003696883,0.030161387845873838,16.055648574605584
0.038786158,0.043327488,0.52897084,0.02288068,0.016301246,0.13005328215658665,19.551864875480533
0.0034397445,0.0084403455,0.09493151,0.0017989358,0.003941135,0.022510334779508413,15.787861717282794
0.0119876815,0.035821863,0.19258948,0.043565676,0.0114000635,0.05907295197248459,17.06755331903696
0.003501032,0.011056706,0.071049005,0.008270988,0.0049818344,0.019771913159638645,15.692016960587353
0.0037324862,0.013189614,0.06923664,0.011020335,0.0031743331,0.020070682419463994,15.70247388468124
0.06403383,0.13941637,0.2213457,0.0701051,0.21416241,0.1418126791715622,19.963443771004677
0.00045232748,0.0032750226,0.02864228,0.006848926,0.0008488366,0.008013478585053236,15.280471750476863
0.17233302,0.13424699,0.63151306,0.022314187,0.1980212,0.2316856913268566,23.10899919643998
0.0012770218,0.0076157874,0.043964915,0.0093854405,0.0017429371,0.012797220377251508,15.447902713203803
0.005028571,0.01196391,0.07384371,0.0051696384,0.004367144,0.020074594765901566,15.702610816806555
0.11024408,0.20971738,0.52560765,0.055344563,0.3046847,0.24111967310309412,23.439188558608294
0.008432408,0.04864208,0.1074558,0.030725373,0.0074941064,0.04054995300248266,16.419248355086893
0.005541234,0.010461604,0.14493562,0.0015916661,0.0053107743,0.03356818025931717,16.1748863090761
0.009480517,0.023884606,0.07530505,0.018690415,0.02871021,0.03121416009962559,16.092495603486896
0.06706819,0.09252247,0.4437014,0.10471119,0.11979271,0.1655591890215874,20.794571615755558
0.046594754,0.06984454,0.2482751,0.021676695,0.120059825,0.10129018239676953,18.545156383886933
0.0023849246,0.008187154,0.059113044,0.003982508,0.002620682,0.015257662627846003,15.53401819197461
0.015120734,0.08784421,0.15966468,0.03189158,0.015805056,0.06206525098532438,17.172283784486353
0.00041880345,0.0029805254,0.036524203,0.0031425762,0.0006978435,0.008752790238941089,15.306347658362938
0.0104042245,0.008709709,0.21393687,0.0037424327,0.0029769905,0.0479540444444865,16.678391555557027
0.022166697,0.033262286,0.417147,0.03617998,0.07743564,0.11723832301795482,19.10334130562842
0.01097334,0.040040668,0.18106683,0.023684323,0.00886892,0.05292681530117989,16.852438535541296
0.01345206,0.033042524,0.22353214,0.029672494,0.15078646,0.09009713549166919,18.15339974220842
0.002442844,0.0064604958,0.05325875,0.0021220986,0.0028743588,0.01343170953914523,15.470109833870083
0.0026789198,0.006442829,0.03664671,0.003215599,0.022908159,0.014378443080931903,15.503245507832617
0.26780832,0.27403846,0.69657063,0.14582574,0.3225792,0.341364473104477,26.947756558656693
0.0122012915,0.11294873,0.23152202,0.08195875,0.017314797,0.09118911828845741,18.19161914009601
0.07319536,0.22319882,0.46343157,0.03207638,0.19604865,0.19759015440940858,21.9156554043293
0.0019354655,0.006343567,0.052397225,0.004421996,0.0024301729,0.013505685236305,15.472698983270675
0.02089566,0.025770681,0.15034598,0.0062307543,0.024798673,0.04560834979638457,16.59629224287346
0.002408708,0.008716414,0.06650721,0.0053404663,0.0033412979,0.017262819735333324,15.604198690736666
0.007382911,0.025212253,0.108164,0.026305487,0.0113314865,0.0356792270205915,16.248772945720702
0.23866756,0.31516764,0.5460978,0.07520169,0.34809253,0.30464544594287873,25.662590608000755
0.00034519148,0.0023950874,0.024641087,0.0055436594,0.00075946463,0.006736898043891415,15.2357914315362
0.0042126803,0.008220031,0.047780804,0.0016410344,0.008002881,0.013971486175432802,15.489002016140148
0.003976721,0.011053922,0.06111288,0.005493777,0.0038614557,0.017099751159548763,15.598491290584207
0.10291546,0.18247782,0.6797583,0.060675386,0.25821197,0.25680778846144675,23.988272596150637
0.0031065887,0.0225976,0.06393682,0.01947028,0.0037159035,0.022565438831225037,15.789790359092876
0.18903048,0.25313815,0.5131537,0.07200707,0.36876878,0.27921963185071946,24.77268711477518
0.005439788,0.0118671805,0.05278303,0.010506898,0.022900976,0.020699574798345565,15.724485117942095
0.12123098,0.2674944,0.5869892,0.064128466,0.40579158,0.2891269326210022,25.119442641735077
0.2313137,0.14727695,0.77337044,0.02497268,0.19477028,0.27434081174433234,24.60192841105163
0.01544345,0.021407539,0.46122688,0.006838523,0.028687872,0.10672085285186766,18.73522984981537
0.109033346,0.17554455,0.58589906,0.049776673,0.3520175,0.2544542223215103,23.90589778125286
0.021280523,0.06171702,0.58657575,0.03489552,0.17720757,0.1763352766633034,21.171734683215618
0.00034150857,0.0029509682,0.031992532,0.0032549067,0.0004877539,0.0078055339457932865,15.273193688102765
0.08714444,0.18377084,0.49469504,0.054824524,0.39572647,0.24323226213455204,23.51312917470932
0.0040206388,0.024953332,0.11992713,0.0117141055,0.004466654,0.033016372099518784,16.155573023483157
0.005898538,0.04909401,0.15481418,0.029473761,0.008684081,0.04959291480481625,16.73575201816857
0.0019199501,0.0037082937,0.03587616,0.00051292655,0.0044313683,0.009289739455562085,15.325140880944673
0.015237785,0.034893386,0.25840524,0.0079276515,0.0236737,0.06802755221724512,17.38096432760358
0.008373454,0.011527932,0.24742535,0.0036391632,0.0031658753,0.05482635451480746,16.91892240801826
0.10537083,0.17934166,0.70431757,0.037281994,0.32181203,0.2696248166263104,24.436868581920862
0.0141066685,0.07285934,0.14632344,0.054150354,0.019362766,0.061360514163970946,17.147617995738983
0.02767201,0.080182984,0.21200554,0.010392795,0.028246948,0.07170005571097135,17.509501949883997
0.055972956,0.09033805,0.2526573,0.12045536,0.032261636,0.11033705994486809,18.861797098070383
0.14737953,0.20422575,0.52777636,0.06791714,0.20251316,0.2299623876810074,23.04868356883526
0.03202635,0.07456301,0.34469387,0.04631678,0.025232483,0.10456649884581566,18.659827459603548
0.050455835,0.05308139,0.19991611,0.06782658,0.08006217,0.09026841670274735,18.159394584596157
0.0031542191,0.005453098,0.062173914,0.0012585231,0.0098657645,0.016381103801541032,15.573338633053936
0.001985973,0.0063543147,0.053600185,0.009791788,0.0035349438,0.01505344077013433,15.526870426954702
0.015715608,0.031442456,0.22683321,0.021288246,0.0075260266,0.06056110924109817,17.119638823438436
0.0007467349,0.004021531,0.04759507,0.003152383,0.0011895513,0.011341053806245326,15.396936883218586
0.002276439,0.010244525,0.0675547,0.008237901,0.0029725288,0.01825721827335656,15.63900263956748
0.08274222,0.10272849,0.5903357,0.033244114,0.27890125,0.21759036108851434,22.615662638098
0.18176566,0.1650622,0.50817984,0.030856777,0.22220038,0.221612972766161,22.756454046815634
0.0025923955,0.01792436,0.059808224,0.024333507,0.0027445154,0.021480600629001857,15.751821022015065
0.075615264,0.11980461,0.24145512,0.03641072,0.26350325,0.14735779464244844,20.157522812485695
0.068261825,0.096069865,0.2666222,0.038008347,0.12686029,0.11916450262069703,19.170757591724396
0.02177654,0.04822644,0.15094191,0.009956671,0.059255723,0.05803145617246628,17.03110096603632
0.07561293,0.11281378,0.4775107,0.15277539,0.043707203,0.17248399928212166,21.036939974874258
0.12634279,0.31021348,0.6222684,0.09045181,0.43862483,0.3175802558660507,26.115308955311775
0.007088457,0.037742965,0.104961365,0.021827351,0.005887981,0.03550162389874458,16.24255683645606
0.00071604433,0.0042878394,0.040647298,0.002464091,0.00083625724,0.00979030600283295,15.342660710099153
0.0023939142,0.01445173,0.06867212,0.021643298,0.0059232675,0.02261686599813402,15.79159030993469
0.029032141,0.0706594,0.16918124,0.018006409,0.16355202,0.09008624143898487,18.15301845036447
0.015403277,0.03780184,0.09391744,0.012351523,0.0887685,0.049648514762520794,16.737698016688228
0.008314453,0.026475625,0.10213643,0.009284017,0.06017009,0.04127612393349409,16.444664337672293
0.0031716018,0.017336475,0.066671155,0.021473628,0.005073202,0.022745212260633706,15.79608242912218
0.0024637934,0.011250363,0.051001772,0.028572217,0.0028059392,0.019218816841021183,15.672658589435741
0.006694826,0.02424751,0.08789035,0.034036092,0.0067229127,0.031918338127434255,16.1171418344602
0.0024826038,0.013503885,0.070166856,0.0075725205,0.002565307,0.019258234463632107,15.674038206227124
0.0013879978,0.0074039144,0.048725914,0.0052831555,0.0013584004,0.012831876450218261,15.449115675757639
0.020090967,0.048825447,0.24400894,0.052413233,0.038494043,0.08076652660965919,17.826828431338072
0.019073222,0.06909282,0.16726375,0.04928099,0.027062152,0.06635458543896676,17.322410490363836
0.002962926,0.01533127,0.07520379,0.008363403,0.0020313275,0.02077854364179075,15.727249027462676
0.0049875416,0.012286317,0.08399476,0.0015841465,0.0060891844,0.021788390050642193,15.762593651772477
0.093818136,0.23033369,0.5769316,0.04381963,0.3956306,0.26810672879219055,24.38373550772667
0.027049951,0.0776784,0.19623655,0.06698415,0.015317231,0.07665325552225115,17.68286394327879
0.004711864,0.010876299,0.19544567,0.0027389615,0.053908773,0.05353631377220154,16.873770982027054
0.106529504,0.059698433,0.40601218,0.04642113,0.043993283,0.13253090530633926,19.638581685721874
0.015125884,0.041251533,0.29249707,0.0758486,0.016993657,0.08834334872663022,18.092017205432057
0.014227997,0.028163316,0.09045909,0.005815445,0.024734639,0.032680097874253994,16.14380342559889
0.20485467,0.3367844,0.6697992,0.20094007,0.38790527,0.3600567221641541,27.601985275745392
0.0022206223,0.009424864,0.09436994,0.0042220363,0.03317768,0.02868302892893553,16.003906012512743
0.011777682,0.042039126,0.46836996,0.018319063,0.17929013,0.14395919255912304,20.038571739569306
0.17311077,0.26566708,0.6786792,0.09533869,0.19851224,0.28226160109043125,24.879156038165092
0.20005888,0.4069678,0.6969561,0.15077105,0.32013988,0.35497874021530157,27.424255907535553
0.0013282197,0.0070341947,0.051964097,0.004179413,0.0012860218,0.013158389157615602,15.460543620516546
0.027916802,0.1729887,0.33644223,0.06728898,0.034196682,0.12776667885482312,19.47183375991881
0.0012506882,0.0033442304,0.0734932,0.0010008472,0.0008601242,0.015989817504305393,15.559643612650689
0.15580842,0.15915246,0.45036203,0.20981301,0.09745701,0.2145185858011246,22.50815050303936
0.11905774,0.22235957,0.73525655,0.036370892,0.24980238,0.2725694261491299,24.539929915219545
0.0075416,0.035016946,0.103019424,0.03624688,0.007921343,0.037949238810688256,16.32822335837409
0.010345425,0.022170471,0.098206654,0.0025909892,0.026259476,0.03191460324451327,16.117011113557965
0.051067572,0.057332117,0.50661194,0.062280994,0.03227692,0.14191390946507454,19.96698683127761
0.13187039,0.17859338,0.67467195,0.055642836,0.098629065,0.22788152396678926,22.975853338837624
0.00043600425,0.0029894374,0.030842789,0.002185124,0.0004799462,0.007386660075280815,15.258533102634829
0.016522348,0.108203836,0.28615397,0.055868708,0.015100274,0.09636982753872872,18.372943963855505
0.0010465203,0.006110977,0.046522945,0.0054695862,0.0012051464,0.012071035010740161,15.422486225375906
0.0020275125,0.005264394,0.050233833,0.0009927716,0.002820261,0.012267754529602826,15.429371408536099
0.0035449096,0.01135577,0.06574227,0.01773095,0.0042571495,0.02052620952017605,15.718417333206162
0.2004084,0.23052491,0.6393623,0.12962031,0.32835254,0.30565368831157685,25.69787909090519
0.008987038,0.014137599,0.21136944,0.006511188,0.002557481,0.048712549218907955,16.70493922266178
0.0034714178,0.020967044,0.07757496,0.008745773,0.0041718846,0.022986216004937884,15.804517560172826
0.09904918,0.14798078,0.38451236,0.041275468,0.18811597,0.1721867524087429,21.026536334306
0.013846175,0.035546824,0.16387922,0.0060076746,0.0558344,0.0550228581763804,16.925800036173314
0.0013879236,0.005810829,0.04500837,0.00470529,0.0015811026,0.011698702746070922,15.409454596112482
0.15040399,0.25896874,0.6439654,0.0773721,0.33080336,0.2923027232289314,25.2305953130126
0.0076553915,0.027959874,0.108633235,0.013143734,0.0076238755,0.03300322201102972,16.15511277038604
0.074150786,0.13205135,0.54309916,0.08194958,0.040224623,0.17429509982466698,21.100328493863344
0.0013314036,0.0039872588,0.03614505,0.00076247845,0.0030674622,0.009058730630204083,15.317055572057143
0.101724595,0.29537928,0.6019359,0.10486771,0.20645657,0.262072816491127,24.172548577189445
0.04150026,0.09826863,0.2901308,0.01828516,0.28572723,0.14678241498768332,20.137384524568915
0.011318688,0.0093856985,0.5476522,0.0011391421,0.0043568085,0.11477050445973874,19.016967656090856
0.0041584233,0.011908484,0.056601442,0.015300829,0.023389695,0.022271774709224704,15.779512114822865
0.0029440862,0.008542146,0.061239228,0.001742359,0.0086701475,0.016627593198791146,15.58196576195769
0.0060688355,0.0050130496,0.35742596,0.0012016258,0.00550732,0.07504335779231042,17.626517522730865
0.0016362579,0.009105795,0.059872005,0.004237742,0.001460287,0.015262417448684574,15.53418461070396
0.0013036303,0.0041336776,0.030242452,0.0027422926,0.007830294,0.009250469342805446,15.32376642699819
0.047785174,0.08183855,0.46159977,0.073963016,0.03386333,0.13980996683239938,19.893348839133978
0.019027345,0.010765604,0.5725928,0.002542216,0.00525825,0.12203724193386734,19.271303467685357
0.019501753,0.04819197,0.149509,0.07273124,0.014710856,0.06092896331101657,17.13251371588558
0.056942612,0.11171349,0.6125202,0.062284634,0.29255128,0.2272024467587471,22.95208563655615
0.0024157267,0.011824915,0.06778336,0.008272666,0.0021651438,0.018492362881079315,15.647232700837776
0.126323,0.30678838,0.44888392,0.05430162,0.4647742,0.28021422326564793,24.807497814297676
0.002284236,0.012156557,0.060857024,0.018788481,0.00548904,0.01991506773047149,15.697027370566502
0.070471056,0.13040732,0.33138052,0.05014794,0.1944935,0.15538006648421288,20.43830232694745
0.005462149,0.015375199,0.07711999,0.012197723,0.0048174206,0.022994496487081052,15.804807377047837
0.008708259,0.086260065,0.19582048,0.062652454,0.016786536,0.07404555901885033,17.59159456565976
0.044762406,0.07255986,0.2745684,0.04555045,0.14264616,0.11601745858788491,19.06061105057597
0.02337457,0.021378567,0.4249727,0.012584942,0.007960195,0.09805419761687517,18.43189691659063
0.1351792,0.31560245,0.546869,0.080569185,0.46333763,0.30831149071455005,25.79090217500925
0.00068169425,0.001955882,0.023100398,0.000763212,0.0058948817,0.0064792136661708365,15.22677247831598
0.0053369217,0.014270601,0.070624076,0.029698823,0.0109226415,0.026170612499117854,15.915971437469125
0.002289722,0.0061023524,0.063435405,0.0018574877,0.002477384,0.015232470305636526,15.533136460697278
0.117323,0.2283262,0.49154162,0.05195887,0.33217463,0.24426486566662792,23.549270298331976
0.0009852232,0.002113552,0.033257525,0.00043456443,0.0027159501,0.007901363051496446,15.276547706802376
0.028440855,0.052094024,0.1228093,0.048631843,0.049311154,0.0602574348449707,17.109010219573975
0.0014056928,0.012146684,0.08030058,0.009166244,0.0022324296,0.0210503256181255,15.736761396634392
0.044162195,0.03919175,0.23885591,0.05449759,0.034732632,0.08228801563382149,17.880080547183752
0.0020762547,0.0070021236,0.04521366,0.011849111,0.004722473,0.014172724168747665,15.496045345906168
0.006995251,0.018284488,0.06643354,0.005916224,0.013604087,0.022246718313544987,15.778635140974075
0.12923117,0.29492533,0.6673294,0.09200579,0.40512428,0.31772318780422215,26.120311573147774
0.002470607,0.012480328,0.05666393,0.0058359453,0.0027456798,0.01603929805569351,15.561375431949273
0.075174436,0.04246275,0.533994,0.034548894,0.045315642,0.14629914835095406,20.120470192283392
0.0023649347,0.0094783055,0.047730874,0.0048480546,0.0046853456,0.01382150291465223,15.483752602012828
0.09104541,0.24674821,0.657613,0.061118722,0.41814476,0.29493401646614076,25.322690576314926
0.021613155,0.062303413,0.20770963,0.021169566,0.012314635,0.0650220787152648,17.275772755034268
0.06639432,0.09295777,0.26793313,0.04141037,0.12899987,0.11953909397125244,19.183868288993835
0.0012181916,0.0034200978,0.030553611,0.0015715305,0.004906907,0.008334067603573204,15.291692366125062
0.001765898,0.006878955,0.046351492,0.010016809,0.0033972466,0.013682080199941994,15.47887280699797
0.05631727,0.12153289,0.40778288,0.05538274,0.11612729,0.15142861381173134,20.300001483410597
0.095158584,0.15626533,0.39540568,0.1845124,0.048892226,0.17604684606194496,21.161639612168074
0.0010244279,0.0077610575,0.037408207,0.018559732,0.0018940397,0.01332949264906347,15.466532242717221
0.009347754,0.029011702,0.23203883,0.016344381,0.057903808,0.06892929412424566,17.412525294348598
0.052990757,0.10256184,0.21238768,0.029679317,0.22395371,0.12431466057896613,19.351013120263815
0.123322755,0.17359018,0.41480586,0.07970216,0.27634487,0.21355316489934922,22.474360771477222
0.14219813,0.24028079,0.33295164,0.034948364,0.31532356,0.21314049661159518,22.45991738140583
0.13281617,0.15151098,0.5339978,0.2540706,0.15223253,0.24492561221122744,23.57239642739296
0.07978889,0.20725054,0.32396317,0.023072867,0.46099445,0.21901398263871671,22.665489392355084
0.13727292,0.2954433,0.7783967,0.095966645,0.31562865,0.32454164773225785,26.358957670629025
0.0020210238,0.009073531,0.049956135,0.018096633,0.003156532,0.01646077116020024,15.576126990607008
0.061344765,0.046709817,0.51676327,0.03844793,0.093505725,0.15135430172085762,20.297400560230017
0.01562198,0.03170889,0.09852593,0.025147578,0.07107734,0.0484163424000144,16.694571984000504
0.09879728,0.15098843,0.5823768,0.13364193,0.21480064,0.23612101078033448,23.264235377311707
0.00856577,0.0059121284,0.36884654,0.0025166436,0.0023539606,0.07763900775462389,17.717365271411836
0.16026716,0.3147071,0.5854376,0.09196154,0.42509255,0.31549318879842764,26.042261607944965
0.0033646964,0.011318507,0.050661072,0.0036929725,0.009639263,0.015735302167013288,15.550735575845465
0.00058308226,0.0041254316,0.0402493,0.0021939457,0.0007076919,0.009571890148799868,15.335016155207995
0.004037717,0.013610589,0.111214414,0.0041366997,0.0022157636,0.02704303674399853,15.946506286039948
0.0011189326,0.01020244,0.04747908,0.007258365,0.0011569407,0.013443151372484863,15.47051029803697
0.002004389,0.0029885022,0.06852207,0.0008122935,0.0022499508,0.01531544174067676,15.536040460923687
0.11265107,0.15316825,0.53757435,0.056718983,0.33015022,0.23805257380008701,23.331840083003044
0.028977536,0.035805855,0.14800496,0.013589333,0.025287459,0.050333029218018056,16.761656022630632
0.13298915,0.1486694,0.65642774,0.058715846,0.28001684,0.25536379739642145,23.93773290887475
0.18229541,0.23996909,0.53791744,0.08961666,0.32532942,0.2750256031751633,24.625896111130714
0.00025465098,0.00131936,0.03727153,0.0015053814,0.000656411,0.008201466564787551,15.287051329767564
0.010434135,0.038282514,0.09790009,0.03876926,0.027356112,0.04254842270165682,16.48919479455799
0.075562336,0.061723188,0.50561553,0.01800063,0.08159205,0.14849874787032605,20.19745617546141
0.023260215,0.045806546,0.60556906,0.008717633,0.1131864,0.1593079710379243,20.57577898632735
0.05558646,0.073438525,0.30391622,0.01174827,0.15626585,0.12019106540828943,19.20668728929013
0.0032066202,0.015670186,0.06704564,0.013123847,0.0037144634,0.020552150532603265,15.719325268641114
0.00097589754,0.005139333,0.039555043,0.006570001,0.0014660492,0.010741264815442264,15.37594426854048
0.0034788602,0.014231051,0.06369584,0.01977675,0.004108269,0.021058154245838526,15.737035398604348
0.0025156634,0.01567574,0.068408094,0.014330624,0.0027709971,0.020740223769098523,15.725907831918448
0.0009205754,0.00689645,0.037156254,0.014224752,0.0012126404,0.012082134385127575,15.422874703479465
0.005270853,0.018340971,0.17209265,0.010226381,0.11692819,0.0645718083716929,17.26001329300925
0.01958726,0.035955302,0.09496164,0.05693802,0.07034048,0.05555654019117355,16.944478906691074
0.045983747,0.08887728,0.30309927,0.015506924,0.18581986,0.12785741854459048,19.475009649060667
0.04663609,0.09431842,0.7398338,0.03768132,0.26840454,0.23737482875585558,23.308119006454945
0.0998662,0.0862768,0.31349817,0.108161375,0.0796325,0.1374870076775551,19.812045268714428
0.1360726,0.33147657,0.45401716,0.0795574,0.4712159,0.29446792751550677,25.306377463042736
0.018820843,0.08121534,0.17193072,0.05414724,0.019421559,0.06910713873803616,17.418749855831265
0.016930295,0.029477438,0.16200756,0.08826678,0.028435703,0.06502355486154557,17.275824420154095
0.0015927351,0.007959931,0.047312893,0.0055136727,0.0036367003,0.013203186448663473,15.462111525703222
0.046625916,0.029823212,0.26978806,0.018586477,0.028553553,0.07867544293403625,17.75364050269127
0.054393295,0.24613868,0.54662985,0.107312866,0.07065344,0.2050256244838238,22.175896856933832
0.034564555,0.04795967,0.12412579,0.011124594,0.07328828,0.05821257792413235,17.037440227344632
0.1650907,0.18319742,0.54806507,0.03975582,0.3129607,0.24981394410133362,23.743488043546677
0.032036863,0.06921054,0.18274455,0.019630931,0.18522714,0.09777000397443772,18.42195013910532
0.02149174,0.09099531,0.8056249,0.024430834,0.25142217,0.23879299089312556,23.357754681259394
0.0018742069,0.0041162497,0.10729634,0.00047633218,0.009698212,0.024692268233047796,15.864229388156673
0.010466877,0.011736817,0.25998077,0.0028028842,0.0037465023,0.057746769720688464,17.021136940224096
0.0017182938,0.007996981,0.05888355,0.0028940316,0.001395299,0.014577631372958423,15.510217098053545
0.007883048,0.024147002,0.101082884,0.021032814,0.006191473,0.03206744408234954,16.122360542882234
0.14784873,0.09248361,0.45977733,0.07444105,0.05533646,0.1659774348139763,20.80921021848917
0.12814538,0.29065046,0.65214866,0.053793676,0.33300316,0.2915482684969902,25.204189397394657
0.0033730534,0.014729223,0.073325895,0.031641733,0.008171539,0.026248288620263342,15.918690101709217
0.0058459323,0.013978965,0.06634367,0.0035059198,0.0064661666,0.019228131184354427,15.672984591452405
0.091348514,0.21869877,0.5202234,0.020434028,0.23544279,0.2172294955700636,22.603032344952226
0.00038747003,0.001630073,0.03872509,0.00080156064,0.00049732794,0.008408304170006887,15.294290645950241
0.06574814,0.1167588,0.2508948,0.027710073,0.27776417,0.14777520000934602,20.17213200032711
0.0025366081,0.0072811903,0.08368227,0.002629132,0.00985689,0.021197217842563988,15.74190262448974
0.06881092,0.19731031,0.5162187,0.098038964,0.061249435,0.18832567036151887,21.59139846265316
0.009314848,0.01874603,0.08827089,0.0030998487,0.010888088,0.026063940348103644,15.912237912183627
0.015032177,0.041756764,0.28620481,0.0428104,0.067720205,0.09070487190037967,18.174670516513288
0.0011625694,0.0021643157,0.04509841,0.0006636894,0.002575618,0.010332920297514647,15.361652210413013
0.017680958,0.05770958,0.14139025,0.038162448,0.012422364,0.053473119437694554,16.87155918031931
0.049553808,0.041652095,0.25057206,0.051248796,0.0364767,0.08590069115161897,18.006524190306664
0.0051081497,0.028633326,0.08692567,0.020563902,0.0045749065,0.029161191079765558,16.020641687791795
0.19302787,0.23061754,0.55349797,0.09549906,0.36257565,0.2870436176657677,25.04652661830187
0.21433605,0.2626595,0.5361562,0.17634031,0.28378326,0.2946550577878952,25.312927022576332
0.0058833025,0.008403861,0.24991214,0.001454975,0.026443683,0.058419592771679164,17.04468574700877
0.1634747,0.21298581,0.36362246,0.043467976,0.25908512,0.20852721184492112,22.29845241457224
0.0069568283,0.014712672,0.11052416,0.0019704397,0.05445976,0.037724772840738295,16.32036704942584
0.07636582,0.06226211,0.38233382,0.020669794,0.06415217,0.12115674279630186,19.240485997870564
0.067182265,0.054762557,0.7674813,0.008035658,0.037711546,0.1870346706360579,21.546213472262025
0.007754224,0.019407367,0.069590345,0.009964985,0.028143669,0.026972117926925422,15.94402412744239
0.073006935,0.068586715,0.49991086,0.01951433,0.16197467,0.1645987018942833,20.760954566299915
0.19444948,0.13855802,0.6391733,0.09353032,0.16163604,0.24546943753957748,23.591430313885212
0.003213063,0.012788237,0.06917675,0.008527151,0.0024907805,0.019239196088165048,15.673371863085777
0.025997726,0.031564858,0.13825509,0.043440506,0.036915306,0.05523469708859921,16.933214398100972
0.0015409639,0.0032906358,0.07172435,0.0015098499,0.0010703243,0.015827224333770575,15.55395285168197
0.024686119,0.14837806,0.25187603,0.025813166,0.028890947,0.09592886343598366,18.357510220259428
0.0005381474,0.003923783,0.041361943,0.0031053866,0.0008092171,0.009947695420123637,15.348169339704327
0.0018284798,0.010844812,0.051647723,0.0153760305,0.0031977787,0.016578964702785016,15.580263764597476
0.013257367,0.03268906,0.1861642,0.02378464,0.027936354,0.05676632430404425,16.98682135064155
0.120719686,0.18836202,0.29755738,0.043086443,0.36260915,0.20246693566441537,22.086342748254538
0.016848745,0.029551314,0.15756162,0.042252257,0.023468193,0.053936424851417544,16.887774869799614
0.023713896,0.07752917,0.1854758,0.0073011015,0.09039426,0.07688284441828729,17.690899554640055
0.0036403667,0.011862809,0.06253265,0.016532471,0.007721917,0.020458042435348035,15.716031485237181
0.06719341,0.115220204,0.31684774,0.039735783,0.08749633,0.12529869452118875,19.385454308241606
0.091170244,0.07917474,0.58231854,0.037570737,0.08094794,0.17423644214868547,21.09827547520399
0.16301745,0.31422162,0.4762258,0.051257573,0.41025773,0.2829960331320763,24.90486115962267
0.0021078545,0.005335808,0.03862259,0.0036125341,0.006121252,0.011160008050501349,15.390600281767547
0.004225917,0.018727781,0.07968197,0.01612619,0.0043157204,0.024615515675395726,15.86154304863885
0.007361828,0.019573107,0.062378332,0.0053214347,0.0689591,0.032718760799616574,16.14515662798658
0.032855384,0.073441915,0.20942733,0.027507601,0.10152826,0.08895209692418576,18.1133233923465
0.04896129,0.06831374,0.44850528,0.04515917,0.24320687,0.17082927078008653,20.979024477303028
0.0032882877,0.0056288345,0.13124943,0.0019214501,0.0017599888,0.028769597783684733,16.006935922428966
0.028914241,0.014953272,0.37365714,0.0066277473,0.012900117,0.08741050297394395,18.059367604088038
0.09064318,0.20397814,0.36770353,0.027775263,0.42496496,0.2230130147188902,22.805455515161157
0.11226656,0.3597019,0.55759126,0.09883014,0.4931653,0.3243110358715057,26.3508862555027
0.06602753,0.101614386,0.22228803,0.17473425,0.15572667,0.1440781727433205,20.042736046016216
0.06695152,0.12897155,0.28134894,0.03307033,0.37646917,0.1773623012006283,21.20768054202199
0.003245197,0.008427545,0.058436792,0.0018732231,0.0042530457,0.015247160708531738,15.53365062479861
0.024288027,0.032899383,0.5836438,0.011483814,0.011623179,0.13278763927519321,19.647567374631763
0.07760079,0.13563168,0.2700448,0.03945338,0.35772565,0.1760912612080574,21.16319414228201
0.0012520535,0.0041464423,0.043692634,0.0022926694,0.0018214389,0.01064104752149433,15.372436663252302
0.013474093,0.021247644,0.40187317,0.021001577,0.009436415,0.09340658001601697,18.269230300560594
0.001074556,0.010037286,0.042602293,0.015576926,0.001303962,0.014119004691019654,15.494165164185688
0.028899718,0.054515995,0.6974228,0.013806293,0.12053426,0.18303581438958647,21.406253503635526
0.0040226444,0.011834146,0.066801816,0.009566671,0.0065107993,0.019747215509414676,15.691152542829514
0.015877688,0.057140272,0.23377974,0.016724076,0.020420225,0.06878840103745461,17.40759403631091
0.14149085,0.10428383,0.39244998,0.17920081,0.1651032,0.19650573283433914,21.87770064920187
0.0020749173,0.005202545,0.047253296,0.0027581628,0.0027539334,0.012008570833131671,15.420299979159608
0.01969006,0.06447043,0.16044736,0.040194903,0.012477202,0.05945599116384983,17.080959690734744
0.23228593,0.3003389,0.6371623,0.1916716,0.24690415,0.3216725796461105,26.25854028761387
0.00045976564,0.004748358,0.026188316,0.009073806,0.00065595075,0.008225239225430414,15.287883372890064
0.05680313,0.057716217,0.23308235,0.085879765,0.06237896,0.09917208552360536,18.471022993326187
0.09323529,0.17817377,0.49797276,0.045638163,0.39813128,0.24263025149703027,23.49205880239606
0.008864762,0.025865797,0.13406585,0.027470404,0.107290894,0.060711541771888734,17.124903962016106
0.006367778,0.022911085,0.09767866,0.011993268,0.03526519,0.034843196067959076,16.219511862378567
0.01526945,0.046044417,0.121574424,0.032396674,0.019101242,0.04687724132090807,16.640703446231782
0.0034539648,0.009267405,0.066155,0.0070573967,0.004116633,0.018010080140084025,15.630352804902941
0.00089518394,0.008186226,0.042572536,0.0106402915,0.0014662489,0.012752097134944053,15.446323399723042
0.0052527306,0.012295504,0.06099641,0.0017089865,0.013362722,0.018723270436748866,15.65531446528621
0.20191525,0.15677956,0.58912766,0.11619235,0.22385092,0.2575731471180916,24.015060149133205
0.056236435,0.084746264,0.62933135,0.020888668,0.28312102,0.21486474722623825,22.52026615291834
0.10915731,0.27938956,0.57744175,0.06138423,0.445807,0.2946359723806381,25.312259033322334
0.010626727,0.044368625,0.1276251,0.018420883,0.023399292,0.044888123683631424,16.5710843289271
0.11461315,0.25436962,0.6698063,0.07650273,0.12101437,0.24726123511791231,23.65414322912693
0.047922228,0.19731489,0.39316058,0.04207617,0.067001715,0.1494951166212559,20.232329081743956
0.108369865,0.26250872,0.6415589,0.05589026,0.4109322,0.2958519883453846,25.35481959208846
0.021036262,0.026071858,0.3518379,0.05580221,0.01585404,0.094120454788208,18.29421591758728
0.14648843,0.092856936,0.71819305,0.021536313,0.1481263,0.22544020712375643,22.890407249331474
0.0020052076,0.005701548,0.07495127,0.0018748858,0.001489167,0.01720441540237516,15.60215453908313
0.0053818123,0.018120347,0.09989149,0.011345881,0.0047349487,0.027894895989447832,15.976321359630674
0.0053040753,0.019023415,0.096266806,0.031059347,0.0044249506,0.031215718761086465,16.092550156638026
0.067399606,0.07673823,0.6187599,0.013010756,0.18706644,0.19259497988969088,21.74082429613918
0.020183519,0.02544559,0.146341,0.009335675,0.017407771,0.04374271016567945,16.53099485579878
0.05197763,0.05349861,0.27522668,0.046978045,0.021636965,0.08986358679831029,18.14522553794086
0.009625244,0.019458098,0.06444369,0.009224781,0.040248588,0.028600080683827404,16.00100282393396
0.05697061,0.10590288,0.2037206,0.020451812,0.08820807,0.0950507950037718,18.326777825132012
0.008628015,0.036999565,0.21524128,0.026842644,0.00930846,0.059403993561863905,17.079139774665236
0.049681887,0.08667613,0.6036685,0.03672818,0.016718391,0.15869461968541146,20.5543116889894
0.07008994,0.23448767,0.5534161,0.07410182,0.09896448,0.20621199756860736,22.217419914901257
0.13340019,0.26556683,0.7025371,0.13414124,0.24766743,0.2966625601053238,25.383189603686333
0.19652094,0.24536711,0.4949467,0.09067349,0.31340978,0.2681836009025574,24.386426031589508
0.14319946,0.2595916,0.6325418,0.09221543,0.38156223,0.30182210206985477,25.563773572444916
0.014116739,0.029638339,0.2501177,0.012383183,0.014089409,0.06406907197088003,17.2424175189808
0.015463945,0.052084714,0.12164648,0.08786419,0.024193548,0.06025057528167963,17.108770134858787
0.003517191,0.012144693,0.050547104,0.0058541857,0.0062097376,0.015654582343995572,15.547910382039845
0.0017213697,0.006410533,0.05055158,0.006054457,0.0022488046,0.013397348509170114,15.468907197820954
0.1197159,0.2603796,0.32200405,0.05369804,0.48024586,0.2472086921334267,23.652304224669933
0.0028699285,0.009830715,0.045146424,0.0044961427,0.0054786196,0.0135643660556525,15.474752811947837
0.052022725,0.13325149,0.34851116,0.011155128,0.1271439,0.13441688101738694,19.704590835608542
0.007975229,0.011770802,0.23127136,0.0028297189,0.0040503945,0.051579500082880265,16.80528250290081
0.0020655803,0.007021307,0.053595543,0.0033783251,0.0029048643,0.013793123932555319,15.482759337639436
0.09754231,0.17750946,0.6205872,0.051305722,0.34304318,0.25799757912755017,24.029915269464254
0.12476845,0.17818,0.65752006,0.05947472,0.32841733,0.26967211067676544,24.43852387368679
0.008579902,0.03022216,0.086646914,0.014397166,0.007775889,0.029524406418204308,16.03335422463715
0.12009133,0.20405473,0.5696977,0.109911114,0.13764417,0.22827980369329454,22.98979312926531
0.017746437,0.030717148,0.13897987,0.07136408,0.02115444,0.055992394685745246,16.959733814001083
0.042573515,0.065529086,0.24757469,0.029024683,0.09153723,0.0952478401362896,18.333674404770136
0.008794313,0.030122485,0.10391719,0.0132464925,0.008846,0.032985295914113526,16.154485356993973
0.003155047,0.004685166,0.26068714,0.00082763226,0.013178236,0.05650664472486824,16.97773256537039
0.0026045213,0.011755719,0.053000618,0.01953458,0.004060014,0.018191090505570173,15.636688167694956
0.006029217,0.016906336,0.079524785,0.01448446,0.009537632,0.02529648607596755,15.885377012658864
0.056474466,0.08774451,0.31558627,0.041399922,0.232314,0.14670383483171465,20.134634219110012
0.22047509,0.30358943,0.6914578,0.08467354,0.23732561,0.3075042963027954,25.76265037059784
0.0012740956,0.0033716625,0.035952616,0.0025022419,0.0032439402,0.009268911322578788,15.324411896290258
0.030131778,0.050422646,0.25209576,0.01782574,0.017891109,0.07367340624332429,17.57856921851635
0.13933398,0.31445172,0.713338,0.1300767,0.24204473,0.30784903168678285,25.7747161090374
0.0011316442,0.009883863,0.05197326,0.012078796,0.0017433845,0.015362189640291036,15.537676637410186
0.045890182,0.038279917,0.3017997,0.007933921,0.048723336,0.08852541428059339,18.09838949982077
0.024783444,0.04088947,0.44535837,0.023325244,0.014729852,0.10981727540493011,18.843604639172554
0.13429381,0.25780424,0.4590483,0.051128928,0.37204778,0.25486461296677587,23.920261453837156
0.09457228,0.08667384,0.76175153,0.014281933,0.102054015,0.21186672095209363,22.415335233323276
0.014793647,0.022317985,0.37736174,0.0109095955,0.020856665,0.08924792762845754,18.123677466996014
0.008303789,0.013718874,0.07097719,0.015501421,0.01647183,0.024994620494544505,15.874811717309058
0.055604767,0.053632364,0.30991453,0.022784756,0.022298941,0.09284707158803941,18.24964750558138
0.16845225,0.35522565,0.7447343,0.12400802,0.33356178,0.34519639760255816,27.081873916089535
0.040426057,0.09493896,0.6739972,0.024811188,0.29394445,0.2256235759705305,22.896825158968568
0.024288721,0.13259187,0.24227822,0.1290985,0.024953024,0.11064206846058369,18.87247239612043
0.07574555,0.08838108,0.3713617,0.15023316,0.08506005,0.15415631085634232,20.39547087997198
0.22955027,0.2714807,0.6513852,0.20089938,0.35349277,0.3413616627454758,26.947658196091652
0.1263372,0.2246204,0.5555544,0.06295317,0.35846594,0.265586219727993,24.295517690479755
0.098744646,0.17760894,0.5410579,0.04288665,0.34788725,0.241637072712183,23.457297544926405
0.014254523,0.051616013,0.14883757,0.010057452,0.108033225,0.06655975598841905,17.329591459594667
0.006265005,0.016173672,0.07024914,0.010915864,0.039309256,0.028582587465643884,16.000390561297536
0.14196113,0.09906911,0.7101399,0.03603109,0.14494203,0.22642864584922792,22.925002604722977
0.0017517863,0.0031359089,0.035354216,0.00082789763,0.0049286084,0.009199683379847556,15.321988918294664
0.008405323,0.014807736,0.18618748,0.0072498037,0.01248476,0.04582701968029142,16.6039456888102
0.10275089,0.18325275,0.44381967,0.047675878,0.35782766,0.22706537097692492,22.94728798419237
0.109192245,0.17942867,0.32658476,0.025565779,0.21122472,0.17039923332631587,20.963973166421056
0.0005506481,0.003948543,0.036180545,0.0030178602,0.00074423,0.008888365235179664,15.311092783231288
0.015133961,0.08100775,0.20702589,0.04057966,0.012396487,0.07122874893248082,17.49300621263683
0.017193202,0.05264909,0.108638965,0.010889696,0.13455953,0.06478609554469586,17.267513344064355
0.0011031043,0.004833739,0.05057946,0.002726092,0.0017596169,0.012200402095913889,15.427014073356986
0.15031195,0.31863815,0.5325183,0.05420409,0.38425475,0.28798545300960543,25.07949085533619
0.004404393,0.0095013175,0.07368455,0.0042913384,0.022164026,0.022809125203639268,15.798319382127374
0.012683412,0.09434128,0.22492528,0.035675358,0.016560778,0.07683722116053104,17.689302740618587
0.0018211545,0.004375105,0.053045534,0.0014120472,0.0022756443,0.012585896882228553,15.440506390878
0.008209045,0.020855589,0.10420291,0.025278363,0.0059616794,0.03290151758119464,16.151553115341812
0.09083316,0.15515244,0.2635972,0.06200572,0.35938364,0.1861944302916527,21.516805060207844
0.0056811105,0.038498435,0.09688088,0.024616951,0.009479725,0.03503142092376948,16.22609973233193
0.16404036,0.23208253,0.48389855,0.0487354,0.2643228,0.2386159248650074,23.35155737027526
0.003319609,0.022681322,0.07220889,0.014014579,0.003235465,0.02309197280555964,15.808219048194587
0.028281467,0.034050547,0.63386804,0.012225688,0.1583896,0.17336306776851415,21.067707371897995
0.0077772564,0.026078017,0.07919425,0.061556056,0.014999129,0.03792094131931663,16.327232946176082
0.00091822195,0.009117803,0.05494728,0.013041433,0.0021201465,0.016028976684901865,15.561014183971565
0.000543871,0.006116644,0.037146598,0.0049785622,0.00057601766,0.009872338606510312,15.345531851227861
0.003929178,0.019981015,0.06697166,0.030321425,0.0069352677,0.025627709180116653,15.896969821304083
0.002615482,0.010108182,0.107657954,0.0043513533,0.0020666134,0.025359917012974624,15.887597095454112
0.028663388,0.065052435,0.20849672,0.026051505,0.04019318,0.07369144558906555,17.579200595617294
0.0026076436,0.004054355,0.073102005,0.000767567,0.0028023163,0.01666677735047415,15.583337207266595
0.03034941,0.060183574,0.14855371,0.007927438,0.14360674,0.07812417447566987,17.734346106648445
0.018378578,0.049534276,0.31191373,0.023783883,0.07842823,0.09640773944556714,18.37427088059485
0.0011033025,0.004353748,0.046540078,0.0011036872,0.0014376163,0.010907686385326089,15.381769023486413
0.0034760102,0.012445767,0.05690254,0.009646099,0.008481942,0.018190471548587085,15.636666504200548
0.0008256874,0.001626704,0.03403146,0.00048946997,0.0059479894,0.00858426180202514,15.30044916307088
0.050727427,0.048955917,0.2890552,0.053801354,0.03306151,0.0951202817261219,18.329209860414267
0.10630519,0.1622012,0.22429226,0.072503924,0.29869947,0.17280040830373763,21.048014290630817
0.009768407,0.054470822,0.16095892,0.04340802,0.013405255,0.056402284279465684,16.9740799497813
0.03237619,0.03294116,0.56755,0.0041669863,0.027918305,0.13299052854999902,19.654668499249965
0.0013682455,0.004315784,0.050153963,0.0024145104,0.0025801922,0.012166539090685548,15.425828868173994
0.12678958,0.21796636,0.6913261,0.12330843,0.16766158,0.26541040688753126,24.289364241063595
0.00869342,0.05390033,0.20671037,0.032178365,0.0066279136,0.0616220796480775,17.156772787682712
0.018036986,0.031790067,0.11205212,0.05298487,0.054254305,0.05382366962730885,16.88382843695581
0.01450294,0.036868807,0.09736892,0.006265492,0.046136547,0.04022854082286358,16.407998928800225
0.0011468071,0.0036712966,0.033271387,0.0023140723,0.0042828443,0.008937281509861351,15.312804852845147
0.11129346,0.13780041,0.268903,0.07606147,0.16396113,0.15160389095544816,20.306136183440685
0.0002519964,0.0029607066,0.022372529,0.0056783124,0.0004293439,0.0063385776360519236,15.221850217261817
0.005568216,0.025507908,0.10099416,0.008098141,0.0047292626,0.02897953810170293,16.014283833559602
0.008400294,0.017412094,0.14044312,0.005905683,0.038434785,0.042119194567203526,16.474171809852123
0.025206378,0.12732793,0.3161446,0.0966021,0.02627798,0.11831179484725,19.14091281965375
0.09328632,0.23359586,0.39231515,0.06186701,0.4592152,0.24805590733885766,23.681956756860018
0.004440044,0.019757356,0.08008165,0.017498666,0.0062546083,0.025606464873999358,15.896226270589978
0.07822304,0.18652141,0.5103903,0.037648723,0.41034093,0.24462487846612932,23.561870746314526
0.0040780953,0.014971839,0.07116592,0.014983489,0.003423623,0.021724593220278622,15.760360762709752
0.006686188,0.017515235,0.09399645,0.003892232,0.059882898,0.036394600523635745,16.27381101832725
0.057656046,0.13964073,0.24743277,0.075727,0.037419714,0.11157525256276131,18.905133839696646
0.0025054011,0.006928749,0.041104965,0.0015695251,0.005865547,0.011594837391749024,15.405819308711216
0.070679255,0.0992319,0.5820535,0.028280856,0.2880703,0.2136631567031145,22.478210484609008
0.008192423,0.016858755,0.17751645,0.017065758,0.035415594,0.05100979488343001,16.78534282092005
0.003537291,0.018309902,0.06856512,0.017762078,0.0028467553,0.022204229887574912,15.777148046065122
0.13933142,0.33922663,0.50117224,0.07319103,0.46912584,0.30440943241119384,25.654330134391785
0.0056704697,0.02748734,0.10629339,0.025269788,0.008360142,0.03461622530594468,16.211567885708064
0.0005367658,0.0023585216,0.030833086,0.002830105,0.0012334008,0.007558375806547702,15.26454315322917
0.010133507,0.018644344,0.09276074,0.005209701,0.008050838,0.026959826238453388,15.943593918345869
0.08314393,0.14240703,0.55405635,0.059488233,0.26330143,0.2204793937504292,22.71677878126502
0.23961008,0.32384855,0.65080225,0.09660989,0.2878713,0.31974841356277467,26.191194474697113
0.0017694116,0.008384318,0.0533801,0.010503725,0.0029801398,0.015403538569808008,15.53912384994328
0.0016131465,0.010723932,0.057811197,0.009176869,0.0017466439,0.016214357595890763,15.567502515856177
0.058039617,0.07619039,0.22386739,0.035929114,0.12348961,0.10350322350859643,18.622612822800875
0.009496274,0.009455796,0.3709637,0.0031771304,0.004268942,0.07947236713953316,17.78153284988366
0.027659431,0.23450275,0.5317898,0.111957714,0.07366935,0.19591580480337145,21.857053168118
0.017304286,0.04478337,0.27200782,0.021681488,0.006220108,0.07239941470324994,17.533979514613748
0.007940451,0.068898536,0.20374388,0.0540305,0.009916114,0.06890589520335198,17.41170633211732
0.010289665,0.029908504,0.08852899,0.056478444,0.017621245,0.040565370023250585,16.41978795081377
0.064473525,0.15340582,0.7238523,0.030450592,0.30868733,0.25617390759289266,23.966086765751243
0.009864195,0.020237193,0.07392672,0.015268582,0.03252244,0.030363825336098674,16.062733886763453
0.003845851,0.010545756,0.06855133,0.010980182,0.007049856,0.02019459530711174,15.706810835748911
0.058827464,0.1185385,0.61159,0.05472647,0.049360003,0.17860849276185037,21.251297246664762
0.1321955,0.24758025,0.42215174,0.052190308,0.3716627,0.24515610113739966,23.58046353980899
0.043936286,0.08464841,0.14210162,0.03474103,0.08871829,0.07882912531495095,17.759019386023283
0.0006032389,0.0040272223,0.035188675,0.003913875,0.0011459112,0.008975784492213281,15.314152457227465
0.016148206,0.045231376,0.12774979,0.015013888,0.021649914,0.04515863377600909,16.580552182160318
0.056268934,0.09140751,0.23619401,0.060413536,0.18067645,0.12499208748340608,19.374723061919212
0.053715028,0.05195026,0.26231405,0.046937585,0.13070676,0.10912473648786546,18.81936577707529
0.0016126459,0.0064035784,0.05474257,0.0022763903,0.0023009826,0.013467233651317656,15.471353177796118
0.21868646,0.31370234,0.7251335,0.16074495,0.37002707,0.3576588600873947,27.518060103058815
0.029115034,0.025881588,0.370827,0.017334437,0.010093526,0.09065031502395869,18.172761025838554
0.11250537,0.33262762,0.590809,0.05720873,0.4427724,0.30718462020158765,25.75146170705557
0.089697964,0.06817246,0.6162527,0.01506168,0.0767233,0.17318162545561788,21.061356890946627
0.021775382,0.06547426,0.17786124,0.011612725,0.12752192,0.08084910493344069,17.829718672670424
0.022411516,0.04292642,0.20583157,0.020590665,0.13193427,0.08473888859152795,17.965861100703478
0.0048611043,0.054980893,0.177827,0.04637522,0.006769395,0.058162722270935774,17.035695279482752
0.005729994,0.04299088,0.16514167,0.03778204,0.006675552,0.05166402710601688,16.80824094871059
0.0020750496,0.009726207,0.054748356,0.006701622,0.0022377593,0.015097798826172949,15.528422958916053
0.004143085,0.01889329,0.07123703,0.0125906505,0.0034426192,0.022061334503814582,15.77214670763351
0.027119262,0.060707632,0.11941781,0.0119590415,0.14527488,0.07289572451263666,17.551350357942283
0.01713469,0.031987038,0.21707113,0.008334994,0.006482211,0.05620201285928488,16.96707045007497
0.015776385,0.040587086,0.13742115,0.01998531,0.011220581,0.04499810170382261,16.57493355963379
0.026156317,0.01857881,0.67006147,0.002976412,0.0046267854,0.14447995889931917,20.05679856147617
0.019969132,0.03822029,0.09424333,0.016863964,0.09439806,0.052738955616950994,16.845863446593285
0.06571982,0.1264569,0.61536896,0.0274571,0.32683945,0.23236844614148142,23.13289561495185
0.00087381597,0.006094826,0.043219347,0.0055885604,0.000725004,0.011300310562364758,15.395510869682766
0.00079176243,0.0070707817,0.041150793,0.0063128597,0.0009638357,0.011258006584830582,15.39403023046907
0.0062145125,0.024812566,0.08403108,0.023884127,0.006040169,0.02899649143218994,16.014877200126648
0.008774309,0.020307226,0.113617115,0.004357851,0.008351339,0.03108156807720661,16.08785488270223
0.010718383,0.023451881,0.12576933,0.030616272,0.035160445,0.04514326266944409,16.580014193430543
0.094464675,0.11919639,0.7333557,0.06410678,0.26726398,0.25567750483751295,23.948712669312954
0.019779945,0.052157436,0.09078241,0.019509427,0.12561563,0.061568969115614894,17.15491391904652
0.017685173,0.0450221,0.12931062,0.0073567834,0.10215851,0.06030663773417474,17.110732320696115
0.0018370915,0.012374107,0.05312773,0.013955547,0.002145305,0.0166879556607455,15.584078448126093
0.002555437,0.01667431,0.054626923,0.022289023,0.0039235055,0.02001383965834975,15.700484388042241
0.0048762043,0.031774696,0.1429694,0.020570807,0.011559893,0.042350200098007926,16.482257003430277
0.04125606,0.06809918,0.18264002,0.026233261,0.02979967,0.06960563696920873,17.436197293922305
0.0069926116,0.0244202,0.08683366,0.03717214,0.0130809685,0.03369991639629007,16.179497073870152
0.053820584,0.09352052,0.1938739,0.021445896,0.20821775,0.11417573094367982,18.996150583028793
0.00049664296,0.0013238789,0.025728118,0.0003275749,0.0013099374,0.005837230372708291,15.20430306304479
0.033263803,0.07247187,0.5242212,0.029757893,0.16738881,0.16542071215808393,20.789724925532937
0.006094624,0.031331092,0.08706698,0.039162554,0.004700712,0.03367119198665023,16.178491719532758
0.020556023,0.047756042,0.19719917,0.0107446825,0.01483636,0.05821845475584269,17.037645916454494
0.0013743443,0.0028631561,0.030363718,0.0009341114,0.0073626325,0.008579592499881983,15.30028573749587
0.002942835,0.014657972,0.071752384,0.0107742,0.002703844,0.020566247124224904,15.719818649347872
0.0047648973,0.03268712,0.16973552,0.020202098,0.0058839717,0.0466547217220068,16.632915260270238
0.04372567,0.0692195,0.29264024,0.018628439,0.24389575,0.13362192027270794,19.676767209544778
0.099793784,0.17226966,0.6733339,0.05165647,0.33401674,0.26621410697698594,24.317493744194508
0.013101712,0.028497165,0.37736288,0.027746435,0.025631243,0.09446788653731346,18.30637602880597
0.10308995,0.09285397,0.452451,0.16862904,0.11633681,0.1866721510887146,21.53352528810501
0.0026702678,0.013374042,0.056794163,0.010397784,0.0030559087,0.017258433112874626,15.604045158950612
0.1363377,0.084769376,0.4730159,0.1314577,0.11992739,0.18910161405801773,21.61855649203062
0.0009779359,0.0023941568,0.030636324,0.0010546016,0.0031402241,0.00764064840041101,15.267422694014385
0.10320384,0.24209219,0.5929118,0.059229456,0.18853068,0.23719359040260318,23.30177566409111
0.22625874,0.24240854,0.70584226,0.07310945,0.2385642,0.2972366362810135,25.403282269835472
0.0027570676,0.0068672146,0.05979408,0.0058831573,0.0028308304,0.015626469859853387,15.546926445094869
0.01336166,0.0326544,0.089055695,0.008027931,0.09049215,0.04671836756169796,16.63514286465943
0.050829746,0.05828818,0.23285523,0.06983701,0.05343547,0.09304912760853767,18.25671946629882
0.14937599,0.28025168,0.68879616,0.13832568,0.37679404,0.326708710193634,26.43480485677719
0.0031889996,0.0084667895,0.058721937,0.0021144554,0.005564244,0.015611285157501698,15.54639498051256
0.06294878,0.25647536,0.5372444,0.022283785,0.2686791,0.22952628284692767,23.033419899642467
